"DATASET","SERIES_CODE","OBS_MEASURE","COUNTRY","INDICATOR","SECTOR","FREQUENCY","SCALE","1990","1991","1992","1993","1994","1995","1996","1997","1998","1999","2000","2001","2002","2003","2004","2005","2006","2007","2008","2009","2010","2011","2012","2013","2014","2015","2016","2017","2018","2019","2020"
"IMF.STA:FD(6.0.0)","KOR.TRANSFERDEP2_R_NT_OR_PT.SNG.A","OBS_VALUE","Korea, Republic of","Transfer dependency method 2, Ratio of net transfers to own revenue, Percent","Subnational government","Annual","Units","","","","","","","","","","","","","","","","","1.26809620857239","1.40716791152954","1.22860383987427","1.24385166168213","1.18299555778503","1.36163532733917","1.04159998893738","1.10234987735748","0.9498490691185","0.891688764095306","1.00139355659485","1.02736186981201","1.27051222324371","1.40008676052094","1.43502330780029"
"IMF.STA:FD(6.0.0)","ARE.TRANSFERDEP1_R_NT_OS_PT.SNG.A","OBS_VALUE","United Arab Emirates","Transfer dependency method 1, Ratio of net transfers to own spending, Percent","Subnational government","Annual","Units","","","","","","","","","","","","","","","","","","","","","","-0.0807071775197983","-0.0624315179884434","-0.131337955594063","-0.115923635661602","-0.0868012979626656","-0.0873692855238914","-0.0828349962830544","-0.0887222364544868","-0.0827175155282021","-0.0445016175508499"
"IMF.STA:FD(6.0.0)","KOR.TRANSFERDEP1_R_NT_OS_PT.SNG.A","OBS_VALUE","Korea, Republic of","Transfer dependency method 1, Ratio of net transfers to own spending, Percent","Subnational government","Annual","Units","","","","","","","","","","","","","","","","","0.585315763950348","1.00953710079193","0.578517854213715","0.496395170688629","0.531312644481659","0.585780322551727","0.508429408073425","0.529002785682678","0.498703420162201","0.485135287046433","0.521970450878143","0.53167587518692","0.588215351104736","0.614788472652435","0.566809415817261"
"IMF.STA:FD(6.0.0)","SRB.TRANSFERDEP2_R_NT_OR_PT.SNG.A","OBS_VALUE","Serbia, Republic of","Transfer dependency method 2, Ratio of net transfers to own revenue, Percent","Subnational government","Annual","Units","","","","","","","","","","","","","","","","","","0.452100187540054","0.536659002304077","0.435093641281128","0.409565776586533","0.403844624757767","0.355367630720139","0.569031953811646","0.549379408359528","0.551392495632172","0.587145090103149","0.700153112411499","0.705521702766418","0.707662224769592","0.816633105278015"
"IMF.STA:FD(6.0.0)","AFG.TRANSFERDEP1_R_NT_OS_PT.SNG.A","OBS_VALUE","Afghanistan, Islamic Republic of","Transfer dependency method 1, Ratio of net transfers to own spending, Percent","Subnational government","Annual","Units","","","","","","","","","","","","","","","","","0.647536396980286","0.265050917863846","0.144005432724953","0.351764857769012","0.303060859441757","0.316451042890549","0.135695993900299","0.164555907249451","0","0","0.268035233020782","0.402343809604645","","",""
"IMF.STA:FD(6.0.0)","SRB.TRANSFERDEP1_R_NT_OS_PT.SNG.A","OBS_VALUE","Serbia, Republic of","Transfer dependency method 1, Ratio of net transfers to own spending, Percent","Subnational government","Annual","Units","","","","","","","","","","","","","","","","","","0.298521161079407","0.3462293446064","0.268327057361603","0.264143139123917","0.269082754850388","0.263012796640396","0.366533428430557","0.362336963415146","0.357161402702332","0.378309965133667","0.423603594303131","0.416163921356201","0.409988880157471","0.453782051801682"
"IMF.STA:FD(6.0.0)","GBR.TRANSFERDEP2_R_NT_OR_PT.SNG.A","OBS_VALUE","United Kingdom","Transfer dependency method 2, Ratio of net transfers to own revenue, Percent","Subnational government","Annual","Units","","","","","","2.7602219581604","2.64132642745972","2.49871635437012","2.27649402618408","2.29362320899963","2.3390040397644","2.26961660385132","2.36380839347839","2.46695494651794","2.45868396759033","2.44841694831848","2.39499688148499","2.3764910697937","2.42200565338135","2.5003080368042","2.13586115837097","2.54131841659546","2.39342093467712","2.31983327865601","2.29579043388367","2.20277953147888","2.01992106437683","1.90707397460938","1.81302833557129","1.73316967487335","2.07013082504272"
"IMF.STA:FD(6.0.0)","GBR.TRANSFERDEP1_R_NT_OS_PT.SNG.A","OBS_VALUE","United Kingdom","Transfer dependency method 1, Ratio of net transfers to own spending, Percent","Subnational government","Annual","Units","","","","","","0.683439493179321","0.69111293554306","0.668720841407776","0.644669651985168","0.653282165527344","0.653721332550049","0.648381769657135","0.666204214096069","0.686273515224457","0.667742788791656","0.664112746715546","0.678873300552368","0.672479271888733","0.6679527759552","0.665109992027283","0.691518068313599","0.685373187065125","0.668839633464813","0.679769158363342","0.692827999591827","0.672827184200287","0.636109888553619","0.621912717819214","0.606198012828827","0.592365145683289","0.675643086433411"
"IMF.STA:FD(6.0.0)","ARE.TRANSFERDEP2_R_NT_OR_PT.SNG.A","OBS_VALUE","United Arab Emirates","Transfer dependency method 2, Ratio of net transfers to own revenue, Percent","Subnational government","Annual","Units","","","","","","","","","","","","","","","","","","","","","","-0.0663737058639526","-0.0493876524269581","-0.105014316737652","-0.113983407616615","-0.110155284404755","-0.0901798382401466","-0.0775788277387619","-0.0711048245429993","-0.0719309449195862","-0.0502988807857037"
"IMF.STA:FD(6.0.0)","BGR.TRANSFERDEP2_R_NT_OR_PT.SNG.A","OBS_VALUE","Bulgaria","Transfer dependency method 2, Ratio of net transfers to own revenue, Percent","Subnational government","Annual","Units","0.0928295776247978","0.319417297840118","0.606936037540436","0.837292015552521","0.896604776382446","","","","","","","","","","","","","","","","","","","","","","","","","",""
"IMF.STA:FD(6.0.0)","AFG.TRANSFERDEP2_R_NT_OR_PT.SNG.A","OBS_VALUE","Afghanistan, Islamic Republic of","Transfer dependency method 2, Ratio of net transfers to own revenue, Percent","Subnational government","Annual","Units","","","","","","","","","","","","","","","","","1.21450436115265","0.333125770092011","0.142961606383324","0.319776326417923","0.340687453746796","0.21365886926651","0.106647670269012","0.233716428279877","0","0","0.417726904153824","0.674105048179626","","",""
"IMF.STA:FD(6.0.0)","IRN.TRANSFERDEP2_R_NT_OR_PT.SNG.A","OBS_VALUE","Iran, Islamic Republic of","Transfer dependency method 2, Ratio of net transfers to own revenue, Percent","Subnational government","Annual","Units","","","","","","","","","","0.033984798938036","0.0640912875533104","0.0628765001893044","0.0694930106401443","0.101011544466019","0.0499206930398941","0.0624683760106564","0.0550073757767677","0.0576904304325581","0.0458971820771694","0.0360958985984325","","","","","","","","","","",""
"IMF.STA:FD(6.0.0)","IRN.TRANSFERDEP1_R_NT_OS_PT.SNG.A","OBS_VALUE","Iran, Islamic Republic of","Transfer dependency method 1, Ratio of net transfers to own spending, Percent","Subnational government","Annual","Units","","","","","","","","","","0.0322976782917976","0.0735803619027138","0.061719574034214","0.0689117833971977","0.114713475108147","0.0620580762624741","0.0758491829037666","0.0629747956991196","0.0559259727597237","0.0445685833692551","0.0360065922141075","","","","","","","","","","",""
"IMF.STA:FD(6.0.0)","BGR.TRANSFERDEP1_R_NT_OS_PT.SNG.A","OBS_VALUE","Bulgaria","Transfer dependency method 1, Ratio of net transfers to own spending, Percent","Subnational government","Annual","Units","0.0891185626387596","0.248686030507088","0.354117870330811","0.459250152111053","0.466776221990585","","","","","","","","","","","","","","","","","","","","","","","","","",""
"IMF.STA:FD(6.0.0)","BRA.TRANSFERDEP1_R_NT_OS_PT.SNG.A","OBS_VALUE","Brazil","Transfer dependency method 1, Ratio of net transfers to own spending, Percent","Subnational government","Annual","Units","","","","","","","","","","","","","","","","","","","","","0.321991622447968","0.34489119052887","0.337366998195648","0.320209056138992","0.318446785211563","0.300665825605392","0.322243332862854","0.319480776786804","0.329974144697189","0.337432593107224","0.38908463716507"
"IMF.STA:FD(6.0.0)","SLV.TRANSFERDEP1_R_NT_OS_PT.SNG.A","OBS_VALUE","El Salvador","Transfer dependency method 1, Ratio of net transfers to own spending, Percent","Subnational government","Annual","Units","","","","","","","","","","","","","0.323554068803787","0.367861896753311","0.418259024620056","0.576784193515778","0.506597220897675","0.541977226734161","0.477601796388626","0.525880396366119","0.537067174911499","0.528451442718506","0.504046082496643","0.470626711845398","0.342056006193161","0.461696118116379","0.55681037902832","0.528617739677429","0.559245526790619","0.588865756988525","0.71994811296463"
"IMF.STA:FD(6.0.0)","TUN.TRANSFERDEP2_R_NT_OR_PT.SNG.A","OBS_VALUE","Tunisia","Transfer dependency method 2, Ratio of net transfers to own revenue, Percent","Subnational government","Annual","Units","","","","","","","","","","","","","","","","","","","0","1.8307009935379","2.03333330154419","3.93303728103638","3.12112832069397","","","","","","","",""
"IMF.STA:FD(6.0.0)","HUN.TRANSFERDEP2_R_NT_OR_PT.SNG.A","OBS_VALUE","Hungary","Transfer dependency method 2, Ratio of net transfers to own revenue, Percent","Subnational government","Annual","Units","","","","","","1.71813917160034","1.49142837524414","1.26795506477356","1.17735767364502","1.08119225502014","0.992822647094727","1.02927982807159","1.04239189624786","1.15870845317841","0.977584183216095","1.0355110168457","1.02190411090851","0.93412858247757","1.79580342769623","1.72399139404297","2.00055885314941","2.14619016647339","1.56097912788391","1.88238561153412","1.85891032218933","1.36605107784271","0.947463929653168","1.00215125083923","1.00705742835999","1.0514327287674","1.23225665092468"
"IMF.STA:FD(6.0.0)","PRY.TRANSFERDEP1_R_NT_OS_PT.SNG.A","OBS_VALUE","Paraguay","Transfer dependency method 1, Ratio of net transfers to own spending, Percent","Subnational government","Annual","Units","","","","","","","","","","","","","","","","0.501839220523834","0.469742119312286","0.533669769763947","0.452934503555298","0.542576014995575","0.542504131793976","0.435964107513428","0.554718136787415","0.580425381660461","0.449029475450516","0.454168349504471","0.362211406230927","0.507661998271942","0.519139409065247","0.628948450088501","0.678348183631897"
"IMF.STA:FD(6.0.0)","PRY.TRANSFERDEP2_R_NT_OR_PT.SNG.A","OBS_VALUE","Paraguay","Transfer dependency method 2, Ratio of net transfers to own revenue, Percent","Subnational government","Annual","Units","","","","","","","","","","","","","","","","0.989637315273285","0.867552161216736","0.874141335487366","0.78828638792038","1.09069323539734","1.03621590137482","0.838723957538605","1.49241197109222","1.26252734661102","0.961432337760925","0.961544334888458","0.670895040035248","1.15663588047028","1.12834048271179","1.68038880825043","1.8904687166214"
"IMF.STA:FD(6.0.0)","BLR.TRANSFERDEP2_R_NT_OR_PT.SNG.A","OBS_VALUE","Belarus, Republic of","Transfer dependency method 2, Ratio of net transfers to own revenue, Percent","Subnational government","Annual","Units","","","","","","","","","","","","","","0.19461652636528","0.191191971302032","0.257681548595428","0.416957020759583","0.507141828536987","0.396595418453217","0.364222407341003","0.503782033920288","0.535035371780396","0.449319273233414","0.428333610296249","0.325060814619064","0.221245557069778","0.16277089715004","0.158263504505157","0.197766974568367","0.221257075667381","0.254553258419037"
"IMF.STA:FD(6.0.0)","UGA.TRANSFERDEP1_R_NT_OS_PT.SNG.A","OBS_VALUE","Uganda","Transfer dependency method 1, Ratio of net transfers to own spending, Percent","Subnational government","Annual","Units","","","","","","","","","","","","0.895574688911438","0.895759463310242","0.917754113674164","0.924608469009399","0.829619824886322","0.953957736492157","0.95867520570755","0.943304359912872","0.973146617412567","0.98218709230423","0.935556948184967","0.960899353027344","0.94313907623291","0.984288454055786","0.979250550270081","1.00470793247223","1.00138819217682","0.981203198432922","0.978451550006866","0.981454849243164"
"IMF.STA:FD(6.0.0)","JPN.TRANSFERDEP1_R_NT_OS_PT.SNG.A","OBS_VALUE","Japan","Transfer dependency method 1, Ratio of net transfers to own spending, Percent","Subnational government","Annual","Units","","","","","0.356748968362808","0.33217003941536","0.338372021913528","0.330983817577362","0.342506259679794","0.39379671216011","0.392590820789337","0.380405336618423","0.3677918612957","0.354921042919159","0.361086338758469","0.363840967416763","0.345956027507782","0.272982358932495","0.29667329788208","0.369891762733459","0.341402739286423","0.386935502290726","0.370746999979019","0.373689562082291","0.352328598499298","0.34002822637558","0.334043502807617","0.326838731765747","0.321901708841324","0.329798996448517","0.462898761034012"
"IMF.STA:FD(6.0.0)","JPN.TRANSFERDEP2_R_NT_OR_PT.SNG.A","OBS_VALUE","Japan","Transfer dependency method 2, Ratio of net transfers to own revenue, Percent","Subnational government","Annual","Units","","","","","0.705892086029053","0.672410130500793","0.663710176944733","0.625107109546661","0.671045362949371","0.770577311515808","0.715262830257416","0.680757224559784","0.674993693828583","0.637414157390594","0.611825525760651","0.586861073970795","0.523993670940399","0.376022338867188","0.410521119832993","0.598237335681915","0.544943511486053","0.625676512718201","0.594717442989349","0.600050032138824","0.562661468982697","0.517028629779816","0.508836507797241","0.492837280035019","0.475987017154694","0.495754659175873","0.870061457157135"
"IMF.STA:FD(6.0.0)","PER.TRANSFERDEP2_R_NT_OR_PT.SNG.A","OBS_VALUE","Peru","Transfer dependency method 2, Ratio of net transfers to own revenue, Percent","Subnational government","Annual","Units","","","","","","3.731440782547","3.55963778495789","3.51363801956177","2.85118222236633","3.6229887008667","3.84959006309509","3.76682806015015","4.15683078765869","4.79194974899292","4.81793212890625","5.64574575424194","6.24710941314697","7.58591461181641","5.88858222961426","5.1623854637146","6.17793083190918","6.24708938598633","6.59268426895142","6.91400241851807","7.47814989089966","6.71156358718872","6.22284603118896","7.36385154724121","7.72825574874878","7.9372034072876","12.5803022384644"
"IMF.STA:FD(6.0.0)","CRI.TRANSFERDEP1_R_NT_OS_PT.SNG.A","OBS_VALUE","Costa Rica","Transfer dependency method 1, Ratio of net transfers to own spending, Percent","Subnational government","Annual","Units","","","","","","","","","","","","","0.0535217300057411","0.0194931775331497","0.188240110874176","0.488434791564941","0.638847887516022","0.996446549892426","0.225683555006981","0.185693517327309","0.144852861762047","0.127485379576683","0.143077626824379","0.0808911919593811","0.0959484428167343","","","","","",""
"IMF.STA:FD(6.0.0)","CHL.TRANSFERDEP2_R_NT_OR_PT.SNG.A","OBS_VALUE","Chile","Transfer dependency method 2, Ratio of net transfers to own revenue, Percent","Subnational government","Annual","Units","","","","","","","","","","","0.542598068714142","0.527350008487701","0.515200853347778","0.508592307567596","0.525133550167084","0.418759226799011","0.40326976776123","0.377859830856323","0.472214370965958","0.497065007686615","0.772689640522003","0.71893322467804","0.854838669300079","0.920493602752686","1.02073585987091","0.97812807559967","1.00857472419739","1.04154598712921","1.04551661014557","1.04697692394257","1.00091564655304"
"IMF.STA:FD(6.0.0)","GEO.TRANSFERDEP1_R_NT_OS_PT.SNG.A","OBS_VALUE","Georgia","Transfer dependency method 1, Ratio of net transfers to own spending, Percent","Subnational government","Annual","Units","","","","","","0.807692348957062","0.855099499225616","0.754835307598114","0.719999969005585","0.75921905040741","0.819979906082153","0.877131402492523","0.849160552024841","0.838850677013397","0.944540500640869","0.856612145900726","0.86043107509613","0.666167378425598","0.768528521060944","0.781799614429474","0.756805598735809","0.794081151485443","0.745296597480774","0.768683254718781","0.725963890552521","0.708739757537842","0.703734874725342","0.687390744686127","0.778846621513367","0.695158898830414","0.634452223777771"
"IMF.STA:FD(6.0.0)","CRI.TRANSFERDEP2_R_NT_OR_PT.SNG.A","OBS_VALUE","Costa Rica","Transfer dependency method 2, Ratio of net transfers to own revenue, Percent","Subnational government","Annual","Units","","","","","","","","","","","","","0.0472232699394226","0.0186567157506943","0.201174631714821","0.933254182338715","0.600628316402435","1.02533435821533","0.274097710847855","0.228893414139748","0.174423903226852","0.148280218243599","0.165000706911087","0.0859647020697594","0.106098160147667","0.0815001875162125","-0.021835695952177","0.181814849376678","0.256537407636642","-0.0650496631860733","0.170726746320724"
"IMF.STA:FD(6.0.0)","PER.TRANSFERDEP1_R_NT_OS_PT.SNG.A","OBS_VALUE","Peru","Transfer dependency method 1, Ratio of net transfers to own spending, Percent","Subnational government","Annual","Units","","","","","","0.795041739940643","0.775664508342743","0.765857458114624","0.741174757480621","0.766486763954163","0.802724480628967","0.792332947254181","0.816010713577271","0.847611963748932","0.860030174255371","0.912079155445099","0.87744140625","1.06560099124908","0.879322290420532","0.799466788768768","0.811258435249329","0.950356125831604","0.869905114173889","0.854296624660492","0.896504640579224","0.914833903312683","0.865936577320099","0.93705826997757","0.897120594978333","0.974169909954071","1.04726994037628"
"IMF.STA:FD(6.0.0)","ALB.TRANSFERDEP2_R_NT_OR_PT.SNG.A","OBS_VALUE","Albania","Transfer dependency method 2, Ratio of net transfers to own revenue, Percent","Subnational government","Annual","Units","","","","","","","","","","","","","","","","","","","","","","2.98817038536072","2.97698760032654","3.58633947372437","3.453857421875","3.29098200798035","3.0784866809845","2.97142243385315","2.44167637825012","2.20392179489136","2.79488325119019"
"IMF.STA:FD(6.0.0)","CHL.TRANSFERDEP1_R_NT_OS_PT.SNG.A","OBS_VALUE","Chile","Transfer dependency method 1, Ratio of net transfers to own spending, Percent","Subnational government","Annual","Units","","","","","","","","","","","0.345051765441895","0.347286492586136","0.341803908348084","0.339423179626465","0.34301221370697","0.312396705150604","0.306418210268021","0.289402425289154","0.347899228334427","0.346805810928345","0.450317353010178","0.440873324871063","0.479780822992325","0.499972879886627","0.525490522384644","0.503414630889893","0.510705649852753","0.528720855712891","0.535548448562622","0.530227184295654","0.523374736309052"
"IMF.STA:FD(6.0.0)","KIR.TRANSFERDEP1_R_NT_OS_PT.SNG.A","OBS_VALUE","Kiribati","Transfer dependency method 1, Ratio of net transfers to own spending, Percent","Subnational government","Annual","Units","","","","","","","","","","","","","","","","","","","","","","0.297095894813538","0.250041007995605","0.244713142514229","0.276998400688171","0.442613750696182","0.412021845579147","0.430347293615341","0.5757155418396","0.582622885704041","0.634390354156494"
"IMF.STA:FD(6.0.0)","AUT.TRANSFERDEP2_R_NT_OR_PT.SNG.A","OBS_VALUE","Austria","Transfer dependency method 2, Ratio of net transfers to own revenue, Percent","Subnational government","Annual","Units","","","","","","1.57320082187653","1.55548644065857","2.10942554473877","2.13414096832275","2.27827382087708","2.38247299194336","2.28016757965088","2.28992676734924","2.15847444534302","2.15117335319519","2.13858532905579","2.17298936843872","2.20332479476929","2.36097860336304","2.23810338973999","2.17206168174744","2.25800490379334","2.25710892677307","2.29625248908997","2.23301601409912","2.27292728424072","2.16670823097229","2.22214436531067","2.08952617645264","2.15138721466064","2.06805634498596"
"IMF.STA:FD(6.0.0)","KIR.TRANSFERDEP2_R_NT_OR_PT.SNG.A","OBS_VALUE","Kiribati","Transfer dependency method 2, Ratio of net transfers to own revenue, Percent","Subnational government","Annual","Units","","","","","","","","","","","","","","","","","","","","","","0.36770823597908","0.342012345790863","0.349102824926376","0.388789713382721","0.685656905174255","0.642425775527954","0.837181508541107","0.954023599624634","1.00277495384216","1.03709721565247"
"IMF.STA:FD(6.0.0)","ALB.TRANSFERDEP1_R_NT_OS_PT.SNG.A","OBS_VALUE","Albania","Transfer dependency method 1, Ratio of net transfers to own spending, Percent","Subnational government","Annual","Units","","","","","","","","","","","","","","","","","","","","","","0.735698640346527","0.720018327236176","0.758102476596832","0.801507949829102","0.737329185009003","0.769492030143738","0.751663982868195","0.71068811416626","0.656711041927338","0.673663556575775"
"IMF.STA:FD(6.0.0)","NLD.TRANSFERDEP1_R_NT_OS_PT.SNG.A","OBS_VALUE","Netherlands, The","Transfer dependency method 1, Ratio of net transfers to own spending, Percent","Subnational government","Annual","Units","","","","","","0.744612991809845","0.680550217628479","0.7109015583992","0.665594398975372","0.66488653421402","0.668949663639069","0.666616797447205","0.664294362068176","0.676067471504211","0.663584113121033","0.665333449840546","0.676778554916382","0.679441213607788","0.667378962039948","0.676352918148041","0.664522111415863","0.683833777904511","0.69190114736557","0.683867275714874","0.686943590641022","0.704660594463348","0.720227837562561","0.710346639156342","0.709030091762543","0.705550372600555","0.727467477321625"
"IMF.STA:FD(6.0.0)","NLD.TRANSFERDEP2_R_NT_OR_PT.SNG.A","OBS_VALUE","Netherlands, The","Transfer dependency method 2, Ratio of net transfers to own revenue, Percent","Subnational government","Annual","Units","","","","","","2.90523338317871","2.04742527008057","2.07031726837158","1.99328899383545","1.98003149032593","2.02694463729858","2.08658981323242","2.2053701877594","2.30301284790039","2.11758613586426","2.12509179115295","2.23946523666382","2.30053043365479","2.36060929298401","2.5604395866394","2.52927279472351","2.52273440361023","2.49294137954712","2.36419725418091","2.32584238052368","2.49956774711609","2.53074645996094","2.49917483329773","2.55977368354797","2.58329796791077","2.89089345932007"
"IMF.STA:FD(6.0.0)","GEO.TRANSFERDEP2_R_NT_OR_PT.SNG.A","OBS_VALUE","Georgia","Transfer dependency method 2, Ratio of net transfers to own revenue, Percent","Subnational government","Annual","Units","","","","","","4.19999980926514","5.90128755569458","3.3738317489624","2.62921357154846","3.08823537826538","4.49632358551025","7.13877534866333","5.8187198638916","5.12595415115356","9.85573768615723","6.8630952835083","5.1860466003418","2.64823484420776","3.6003110408783","3.28724551200867","3.25617551803589","3.08483982086182","3.15729022026062","2.64914584159851","2.2399628162384","2.27948522567749","2.02218866348267","1.71415746212006","1.79460906982422","1.92970705032349","2.44570827484131"
"IMF.STA:FD(6.0.0)","AZE.TRANSFERDEP2_R_NT_OR_PT.SNG.A","OBS_VALUE","Azerbaijan, Republic of","Transfer dependency method 2, Ratio of net transfers to own revenue, Percent","Subnational government","Annual","Units","","","","","","","","","","","","","","","","","","","2.28273463249207","2.80204772949219","3.50895524024963","3.79733729362488","3.50799989700317","3.4470157623291","2.96004104614258","3.26752972602844","1.43472719192505","1.53733491897583","1.22959780693054","1.1511846780777",""
"IMF.STA:FD(6.0.0)","KAZ.TRANSFERDEP2_R_NT_OR_PT.SNG.A","OBS_VALUE","Kazakhstan, Republic of","Transfer dependency method 2, Ratio of net transfers to own revenue, Percent","Subnational government","Annual","Units","","","","","","","","","","","-0.0413470603525639","-0.114757560193539","0.0927643924951553","0.18686531484127","0.375880807638168","0.406515628099442","0.532643377780914","0.707907795906067","1.19658744335175","1.47232580184937","1.39996898174286","1.48940813541412","1.45257234573364","1.34817898273468","1.35845577716827","1.12327218055725","1.2258962392807","1.0863516330719","0.913729548454285","1.28129923343658","1.31394779682159"
"IMF.STA:FD(6.0.0)","TUR.TRANSFERDEP1_R_NT_OS_PT.SNG.A","OBS_VALUE","Türkiye, Republic of","Transfer dependency method 1, Ratio of net transfers to own spending, Percent","Subnational government","Annual","Units","","","","","","","","","","","","","","","","","","","0.508279919624329","0.57317316532135","0.634165227413177","0.62596732378006","0.634286284446716","0.592122554779053","0.572036385536194","0.632106840610504","0.568665981292725","0.588476121425629","0.572727978229523","0.639853179454803","0.733683466911316"
"IMF.STA:FD(6.0.0)","MNG.TRANSFERDEP2_R_NT_OR_PT.SNG.A","OBS_VALUE","Mongolia","Transfer dependency method 2, Ratio of net transfers to own revenue, Percent","Subnational government","Annual","Units","","","0.30796229839325","0.681835472583771","0.491221278905869","0.474889069795609","0.606027126312256","0.638954520225525","0.64267361164093","0.749610304832459","0.875734686851501","0.855500638484955","0.737422347068787","-0.0684600174427032","","","0","-0.0776581019163132","-0.0863821879029274","-0.375461488962173","-0.339814692735672","-0.207056030631065","-0.0285938549786806","1.43460547924042","1.30457389354706","1.41261041164398","1.29577398300171","0.916214108467102","0.729435205459595","0.0910713449120522","1.3350715637207"
"IMF.STA:FD(6.0.0)","MNG.TRANSFERDEP1_R_NT_OS_PT.SNG.A","OBS_VALUE","Mongolia","Transfer dependency method 1, Ratio of net transfers to own spending, Percent","Subnational government","Annual","Units","","","0.26839479804039","0.434592813253403","0.332961767911911","0.302601933479309","0.3724744617939","0.390014290809631","0.372142523527145","0.42670202255249","0.430841147899628","0.467747747898102","0.440866708755493","-0.0780309215188026","","","0","-0.0804909840226173","-0.0949510186910629","-0.660496354103088","-0.534845292568207","-0.304064720869064","-0.0351075418293476","0.624831140041351","0.555385112762451","0.572949945926666","0.526936054229736","0.483150511980057","0.422910809516907","0.085428275167942","0.577430963516235"
"IMF.STA:FD(6.0.0)","KGZ.TRANSFERDEP2_R_NT_OR_PT.SNG.A","OBS_VALUE","Kyrgyz Republic","Transfer dependency method 2, Ratio of net transfers to own revenue, Percent","Subnational government","Annual","Units","","","","","","","","","","","","","","","","","0.825828075408936","0.988923311233521","0.947031736373901","0.867785751819611","0.999375939369202","1.54256677627563","1.54117500782013","0.68435138463974","0.0523675456643105","0.0900906920433044","0.186944365501404","0.368558347225189","0.256136357784271","0.157598242163658",""
"IMF.STA:FD(6.0.0)","KGZ.TRANSFERDEP1_R_NT_OS_PT.SNG.A","OBS_VALUE","Kyrgyz Republic","Transfer dependency method 1, Ratio of net transfers to own spending, Percent","Subnational government","Annual","Units","","","","","","","","","","","","","","","","","0.458967119455338","0.49765408039093","0.497771054506302","0.454515635967255","0.496956408023834","0.61197566986084","0.60656601190567","0.416230469942093","0.0506493598222733","0.0846633240580559","0.157930180430412","0.281854867935181","0.206624373793602","0.138809248805046",""
"IMF.STA:FD(6.0.0)","DEU.TRANSFERDEP2_R_NT_OR_PT.SNG.A","OBS_VALUE","Germany","Transfer dependency method 2, Ratio of net transfers to own revenue, Percent","Subnational government","Annual","Units","","0.20770400762558","0.177695870399475","0.14685270190239","0.121385306119919","0.100354067981243","0.108914382755756","0.107967227697372","0.106891967356205","0.100570186972618","0.0989725738763809","0.09557044506073","0.0983972698450089","0.0922482088208199","0.098057709634304","0.106736369431019","0.101311102509499","0.0981611907482147","0.0874443650245667","0.110519044101238","0.126141771674156","0.11760937422514","0.112632244825363","0.11238095164299","0.10948321968317","0.106555126607418","0.100346401333809","0.0992423966526985","0.0969683602452278","0.0944507494568825","0.170615404844284"
"IMF.STA:FD(6.0.0)","KEN.TRANSFERDEP1_R_NT_OS_PT.SNG.A","OBS_VALUE","Kenya","Transfer dependency method 1, Ratio of net transfers to own spending, Percent","Subnational government","Annual","Units","","","","","","","","","","","","","","","","0.181012749671936","0.321866750717163","0","0","0","0","0.496572315692902","0.0716917663812637","","1.36377429962158","0.865942716598511","0.909753680229187","0.911939442157745","1.06062996387482","0.947937905788422","0.805612087249756"
"IMF.STA:FD(6.0.0)","RUS.TRANSFERDEP1_R_NT_OS_PT.SNG.A","OBS_VALUE","Russian Federation","Transfer dependency method 1, Ratio of net transfers to own spending, Percent","Subnational government","Annual","Units","","","","","","","","","","","","","","","","0.118350818753242","0.131806075572968","0.112012192606926","0.125753596425056","0.170614272356033","0.159996941685677","0.134482175111771","0.115629732608795","0.100580886006355","0.0934675559401512","0.106116220355034","0.240810289978981","0.245883390307426","0.268165558576584","0.238226592540741","0.308922618627548"
"IMF.STA:FD(6.0.0)","RUS.TRANSFERDEP2_R_NT_OR_PT.SNG.A","OBS_VALUE","Russian Federation","Transfer dependency method 2, Ratio of net transfers to own revenue, Percent","Subnational government","Annual","Units","","","","","","","","","","","","","","","","0.130386605858803","0.143576502799988","0.118828624486923","0.145644098520279","0.21110525727272","0.185050770640373","0.154733642935753","0.127506777644157","0.113068424165249","0.102587290108204","0.117405913770199","0.295823723077774","0.305017918348312","0.327175170183182","0.296146839857101","0.488046228885651"
"IMF.STA:FD(6.0.0)","COL.TRANSFERDEP2_R_NT_OR_PT.SNG.A","OBS_VALUE","Colombia","Transfer dependency method 2, Ratio of net transfers to own revenue, Percent","Subnational government","Annual","Units","","","","","","","","","0.590288102626801","0.73296719789505","0.59287416934967","","","1.34292948246002","0.700456082820892","0.617611587047577","0.666384696960449","0.762452483177185","0.9129279255867","0.909145057201386","0.916252195835114","0.913822829723358","1.25407922267914","1.35026812553406","0.872704207897186","0.896101772785187","0.63316136598587","1.03465008735657","1.02155864238739","1.0093789100647","1.21869957447052"
"IMF.STA:FD(6.0.0)","KEN.TRANSFERDEP2_R_NT_OR_PT.SNG.A","OBS_VALUE","Kenya","Transfer dependency method 2, Ratio of net transfers to own revenue, Percent","Subnational government","Annual","Units","","","","","","","","","","","","","","","","0.487826883792877","0.514331698417664","0","0","0","0","1.25282883644104","0.158858105540276","","7.73087072372437","6.60436916351318","7.88561964035034","9.29187774658203","10.6390590667725","9.24720859527588","8.05082130432129"
"IMF.STA:FD(6.0.0)","DEU.TRANSFERDEP1_R_NT_OS_PT.SNG.A","OBS_VALUE","Germany","Transfer dependency method 1, Ratio of net transfers to own spending, Percent","Subnational government","Annual","Units","","0.164582088589668","0.14264003932476","0.119356349110603","0.099834032356739","0.0833177343010902","0.0906730592250824","0.0898771584033966","0.092084601521492","0.0886622816324234","0.0877096205949783","0.0791648477315903","0.0798941031098366","0.0746884867548943","0.0816553384065628","0.0902489125728607","0.0893877074122429","0.0916877090930939","0.0812648311257362","0.0942394807934761","0.105080224573612","0.102644681930542","0.10030223429203","0.100360885262489","0.0983096659183502","0.0978247970342636","0.0935042202472687","0.0942462608218193","0.0925202369689941","0.0891227871179581","0.140613690018654"
"IMF.STA:FD(6.0.0)","BLR.TRANSFERDEP1_R_NT_OS_PT.SNG.A","OBS_VALUE","Belarus, Republic of","Transfer dependency method 1, Ratio of net transfers to own spending, Percent","Subnational government","Annual","Units","","","","","","","","","","","","","","0.166744664311409","0.167057111859322","0.204995930194855","0.299835026264191","0.350407958030701","0.303204864263535","0.258488833904266","0.329213082790375","0.378921777009964","0.323465794324875","0.31060129404068","0.251539826393127","0.181304752826691","0.141396313905716","0.134958788752556","0.164821594953537","0.18156410753727","0.198713466525078"
"IMF.STA:FD(6.0.0)","USA.TRANSFERDEP2_R_NT_OR_PT.SNG.A","OBS_VALUE","United States","Transfer dependency method 2, Ratio of net transfers to own revenue, Percent","Subnational government","Annual","Units","","","","","","","","","","","0.185695096850395","0.227384269237518","0.247769355773926","0.260717391967773","0.249730497598648","0.236721843481064","0.221514105796814","0.222185418009758","0.228879615664482","0.290026515722275","0.3133405148983","0.281520009040833","0.256636559963226","0.247697502374649","0.258608490228653","0.263416916131973","0.269120186567307","0.258400797843933","0.253565341234207","0.252192765474319","0.355629444122314"
"IMF.STA:FD(6.0.0)","USA.TRANSFERDEP1_R_NT_OS_PT.SNG.A","OBS_VALUE","United States","Transfer dependency method 1, Ratio of net transfers to own spending, Percent","Subnational government","Annual","Units","","","","","","","","","","","0.174700453877449","0.165731966495514","0.171754404902458","0.180168077349663","0.177856519818306","0.175650537014008","0.168144643306732","0.165430769324303","0.163803353905678","0.189957648515701","0.207276627421379","0.194342464208603","0.181623741984367","0.178823262453079","0.187554225325584","0.191568911075592","0.192957520484924","0.187698215246201","0.187386721372604","0.18940044939518","0.263185530900955"
"IMF.STA:FD(6.0.0)","ARM.TRANSFERDEP1_R_NT_OS_PT.SNG.A","OBS_VALUE","Armenia, Republic of","Transfer dependency method 1, Ratio of net transfers to own spending, Percent","Subnational government","Annual","Units","","","","","","","","","","","","","","0.473592877388","0.505606472492218","0.760201573371887","0.468559235334396","0.479692995548248","0.53278386592865","0.605634748935699","0.724801361560822","0.457056283950806","0.480588108301163","0.508906006813049","0.46266970038414","0.470345705747604","0.419860541820526","0.434932410717011","0.4801165163517","-0.0397634580731392","0.232606753706932"
"IMF.STA:FD(6.0.0)","HND.TRANSFERDEP2_R_NT_OR_PT.SNG.A","OBS_VALUE","Honduras","Transfer dependency method 2, Ratio of net transfers to own revenue, Percent","Subnational government","Annual","Units","","","","","","","","","","","","","","1.94001722335815","1.49317038059235","2.19275045394897","1.5324342250824","5.79550313949585","2.10929226875305","1.19499397277832","0.856637001037598","1.26729381084442","1.22793126106262","1.66234159469604","1.14846837520599","1.11722958087921","","","","",""
"IMF.STA:FD(6.0.0)","ESP.TRANSFERDEP2_R_NT_OR_PT.SNG.A","OBS_VALUE","Spain","Transfer dependency method 2, Ratio of net transfers to own revenue, Percent","Subnational government","Annual","Units","","","","","","1.38619458675385","1.40803718566895","1.1300060749054","1.09379434585571","1.14135706424713","1.17101943492889","1.21995949745178","1.03821325302124","1.03026151657104","0.993514001369476","0.928635895252228","0.895003199577332","0.91566127538681","1.01223647594452","1.1792414188385","1.00395572185516","0.646778106689453","0.666705965995789","0.846115410327911","0.808156311511993","0.783540964126587","0.787495076656342","0.787606537342072","0.783982813358307","0.757599771022797","0.958816468715668"
"IMF.STA:FD(6.0.0)","MMR.TRANSFERDEP1_R_NT_OS_PT.SNG.A","OBS_VALUE","Myanmar","Transfer dependency method 1, Ratio of net transfers to own spending, Percent","Subnational government","Annual","Units","","","","","","","","","","","","","","","","","","","","","","","0.543567538261414","0.453387439250946","0.621492028236389","0.782776951789856","0.854177892208099","0.809560894966125","0.825344800949097","0.787953615188599",""
"IMF.STA:FD(6.0.0)","ARM.TRANSFERDEP2_R_NT_OR_PT.SNG.A","OBS_VALUE","Armenia, Republic of","Transfer dependency method 2, Ratio of net transfers to own revenue, Percent","Subnational government","Annual","Units","","","","","","","","","","","","","","0.799369037151337","0.93741112947464","1.69690871238709","0.829265773296356","1.11904346942902","1.38187384605408","1.31747472286224","2.37921047210693","0.875002264976501","0.963517665863037","0.981974065303802","0.865132808685303","0.783629298210144","0.690816938877106","0.74571818113327","0.79956316947937","-0.0325456261634827","0.230818897485733"
"IMF.STA:FD(6.0.0)","AZE.TRANSFERDEP1_R_NT_OS_PT.SNG.A","OBS_VALUE","Azerbaijan, Republic of","Transfer dependency method 1, Ratio of net transfers to own spending, Percent","Subnational government","Annual","Units","","","","","","","","","","","","","","","","","","","0.662853300571442","0.723560512065887","0.76505047082901","0.788148641586304","0.533671438694","0.450350075960159","0.610008418560028","0.70115739107132","0.568954944610596","0.609403192996979","0.558570623397827","0.532149791717529",""
"IMF.STA:FD(6.0.0)","HND.TRANSFERDEP1_R_NT_OS_PT.SNG.A","OBS_VALUE","Honduras","Transfer dependency method 1, Ratio of net transfers to own spending, Percent","Subnational government","Annual","Units","","","","","","","","","","","","","","0.677186548709869","0.551673352718353","0.666331589221954","0.508770346641541","0.816994547843933","0.667952537536621","0.470261752605438","0.394213676452637","0.487275540828705","0.496020883321762","0.572818219661713","0.514766871929169","0.550269961357117","","","","",""
"IMF.STA:FD(6.0.0)","MMR.TRANSFERDEP2_R_NT_OR_PT.SNG.A","OBS_VALUE","Myanmar","Transfer dependency method 2, Ratio of net transfers to own revenue, Percent","Subnational government","Annual","Units","","","","","","","","","","","","","","","","","","","","","","","1.08353567123413","0.996560275554657","1.64935779571533","3.90505576133728","4.65048122406006","5.13014554977417","3.69474768638611","3.77833652496338",""
"IMF.STA:FD(6.0.0)","MUS.TRANSFERDEP2_R_NT_OR_PT.SNG.A","OBS_VALUE","Mauritius","Transfer dependency method 2, Ratio of net transfers to own revenue, Percent","Subnational government","Annual","Units","","","","","","","","","","","","","1.56307697296143","2.80770468711853","3.53232836723328","3.66971492767334","3.51060795783997","3.15004253387451","3.11491680145264","3.54589796066284","4.03649568557739","3.75636029243469","4.94568347930908","4.98336982727051","4.80098295211792","4.80918884277344","5.36603450775146","6.17802286148071","7.36797380447388","7.33901357650757","7.77397775650024"
"IMF.STA:FD(6.0.0)","MDA.TRANSFERDEP1_R_NT_OS_PT.SNG.A","OBS_VALUE","Moldova, Republic of","Transfer dependency method 1, Ratio of net transfers to own spending, Percent","Subnational government","Annual","Units","","","","","","","","","","","","","","0.310358494520187","0.30329966545105","0.386246234178543","0.409983426332474","0.468477219343185","0.508295774459839","0.554878115653992","0.617235243320465","0.538687288761139","0.481525272130966","0.454184710979462","0.634848654270172","0.667421102523804","0.738623082637787","0.720535695552826","0.715006768703461","0.731157600879669","0.760809123516083"
"IMF.STA:FD(6.0.0)","UGA.TRANSFERDEP2_R_NT_OR_PT.SNG.A","OBS_VALUE","Uganda","Transfer dependency method 2, Ratio of net transfers to own revenue, Percent","Subnational government","Annual","Units","","","","","","","","","","","","7.21745538711548","8.46797561645508","8.65784931182861","9.15872573852539","9.36670875549316","9.99295043945313","14.2801561355591","11.3217945098877","18.0009250640869","15.0374097824097","20.5314044952393","22.4149284362793","21.019416809082","21.7616786956787","21.4533920288086","22.4044799804688","21.2080593109131","23.7086925506592","32.2919502258301","23.4357643127441"
"IMF.STA:FD(6.0.0)","MDA.TRANSFERDEP2_R_NT_OR_PT.SNG.A","OBS_VALUE","Moldova, Republic of","Transfer dependency method 2, Ratio of net transfers to own revenue, Percent","Subnational government","Annual","Units","","","","","","","","","","","","","0.425896674394608","0.423729658126831","0.430338114500046","0.675356864929199","0.772780776023865","0.854933202266693","1.12968766689301","1.34634113311768","1.59683132171631","1.33918833732605","0.954585075378418","0.845781087875366","1.84082615375519","2.29579281806946","2.26091313362122","2.45449638366699","2.4293200969696","2.85337209701538","2.9488639831543"
"IMF.STA:FD(6.0.0)","BIH.TRANSFERDEP2_R_NT_OR_PT.SNG.A","OBS_VALUE","Bosnia and Herzegovina","Transfer dependency method 2, Ratio of net transfers to own revenue, Percent","Subnational government","Annual","Units","","","","","","","","","","","","","","","","0.113537788391113","0.131563276052475","0.202794596552849","0.117695964872837","0.116481743752956","0.0948344394564629","0.0530236922204494","0.0828299522399902","0.0599618405103683","0.0782297775149345","0.0275725349783897","0.0284862276166677","0.106999203562737","0.114416293799877","0.0577175095677376","0.111129850149155"
"IMF.STA:FD(6.0.0)","BIH.TRANSFERDEP1_R_NT_OS_PT.SNG.A","OBS_VALUE","Bosnia and Herzegovina","Transfer dependency method 1, Ratio of net transfers to own spending, Percent","Subnational government","Annual","Units","","","","","","","","","","","","","","","","0.108991399407387","0.116283036768436","0.175554245710373","0.096000112593174","0.101423628628254","0.0826660469174385","0.0494040921330452","0.0694782510399818","0.0554983653128147","0.0730496570467949","0.0288026481866837","0.0287288576364517","0.103799290955067","0.10634333640337","0.0563792511820793","0.0910426825284958"
"IMF.STA:FD(6.0.0)","ZAF.TRANSFERDEP1_R_NT_OS_PT.SNG.A","OBS_VALUE","South Africa","Transfer dependency method 1, Ratio of net transfers to own spending, Percent","Subnational government","Annual","Units","","","","","","","0.689513921737671","0.64655464887619","0.678689122200012","0.671114027500153","0.661467850208282","0.693877577781677","0.657957673072815","0.681667923927307","0.693352818489075","0.69976007938385","0.693327963352203","0.625416696071625","0.676079869270325","0.623313069343567","0.712405443191528","0.688362538814545","0.694150626659393","0.679549515247345","0.668859660625458","0.663430273532867","0.658453345298767","0.670941293239594","0.679216265678406","0.676157772541046","0.694572806358337"
"IMF.STA:FD(6.0.0)","NZL.TRANSFERDEP2_R_NT_OR_PT.SNG.A","OBS_VALUE","New Zealand","Transfer dependency method 2, Ratio of net transfers to own revenue, Percent","Subnational government","Annual","Units","","","","","","","","","","","","0.117154084146023","0.120247855782509","0.105586193501949","0.113632321357727","0.129410848021507","0.167691960930824","0.159680142998695","","0.221816003322601","0.218683183193207","0.247884392738342","0.266613513231277","0.267559260129929","0.184551939368248","0.17714087665081","0.175742849707603","0.162346884608269","0.162696346640587","0.16451321542263","0.17436671257019"
"IMF.STA:FD(6.0.0)","ZAF.TRANSFERDEP2_R_NT_OR_PT.SNG.A","OBS_VALUE","South Africa","Transfer dependency method 2, Ratio of net transfers to own revenue, Percent","Subnational government","Annual","Units","","","","","","","2.55157041549683","2.15258431434631","2.05292177200317","2.02423691749573","2.04154872894287","2.30315232276917","2.16807436943054","2.29691195487976","2.43280363082886","2.39361095428467","2.27190852165222","1.96468997001648","2.42976140975952","2.637291431427","2.51308393478394","2.46774339675903","2.40867257118225","2.04421281814575","2.26218461990356","2.25153517723084","2.16649436950684","2.25304460525513","2.25874662399292","2.2624180316925","2.30590105056763"
"IMF.STA:FD(6.0.0)","NZL.TRANSFERDEP1_R_NT_OS_PT.SNG.A","OBS_VALUE","New Zealand","Transfer dependency method 1, Ratio of net transfers to own spending, Percent","Subnational government","Annual","Units","","","","","","","","","","","","","0.0839662924408913","0.0931562632322311","0.0972146168351173","0.113566607236862","0.131458595395088","0.140921980142593","","0.158780738711357","0.1611198335886","0.181165918707848","0.198851987719536","0.186496332287788","0.144537329673767","0.139586880803108","0.143674209713936","0.133276417851448","0.136160656809807","0.139752686023712","0.142090573906899"
"IMF.STA:FD(6.0.0)","AUT.TRANSFERDEP1_R_NT_OS_PT.SNG.A","OBS_VALUE","Austria","Transfer dependency method 1, Ratio of net transfers to own spending, Percent","Subnational government","Annual","Units","","","","","","0.588858008384705","0.607477486133575","0.698885023593903","0.689404606819153","0.693331658840179","0.697019934654236","0.703538954257965","0.694595396518707","0.682891368865967","0.676173210144043","0.677890539169312","0.668171584606171","0.680703699588776","0.692657172679901","0.644144415855408","0.62945544719696","0.671960890293121","0.683180868625641","0.693285942077637","0.690603792667389","0.699125707149506","0.665728092193604","0.689047515392303","0.683992087841034","0.68758887052536","0.643388628959656"
"IMF.STA:FD(6.0.0)","CHE.TRANSFERDEP1_R_NT_OS_PT.SNG.A","OBS_VALUE","Switzerland","Transfer dependency method 1, Ratio of net transfers to own spending, Percent","Subnational government","Annual","Units","0.105170741677284","0.108476847410202","0.103548809885979","0.100351005792618","0.11059658229351","0.109211154282093","0.12153384834528","0.125555247068405","0.130997255444527","0.130914479494095","0.13203153014183","0.131771042943001","0.12909346818924","0.127443954348564","0.123772092163563","0.124751731753349","0.130633965134621","0.137638106942177","0.155219599604607","0.153632625937462","0.152877554297447","0.154057413339615","0.150963366031647","0.145131558179855","0.146467193961143","0.149753361940384","0.145750597119331","0.148008793592453","0.148219957947731","0.149182125926018","0.146772816777229"
"IMF.STA:FD(6.0.0)","ESP.TRANSFERDEP1_R_NT_OS_PT.SNG.A","OBS_VALUE","Spain","Transfer dependency method 1, Ratio of net transfers to own spending, Percent","Subnational government","Annual","Units","","","","","","0.55452436208725","0.55975329875946","0.520066738128662","0.509864926338196","0.526659488677979","0.525263130664825","0.526489496231079","0.491438031196594","0.486909955739975","0.496448010206223","0.472141623497009","0.472575753927231","0.462224632501602","0.448187291622162","0.478335976600647","0.399567395448685","0.281221985816956","0.365646243095398","0.433244407176971","0.416946709156036","0.408493936061859","0.435070365667343","0.446038722991943","0.445666879415512","0.424400895833969","0.490499079227448"
"IMF.STA:FD(6.0.0)","IDN.TRANSFERDEP1_R_NT_OS_PT.SNG.A","OBS_VALUE","Indonesia","Transfer dependency method 1, Ratio of net transfers to own spending, Percent","Subnational government","Annual","Units","","","","","","","","","","","","","","","","","","","","","","","","","","","0.699237465858459","0.711544215679169","0.729045569896698","0.695081293582916","0.668944716453552"
"IMF.STA:FD(6.0.0)","LVA.TRANSFERDEP2_R_NT_OR_PT.SNG.A","OBS_VALUE","Latvia, Republic of","Transfer dependency method 2, Ratio of net transfers to own revenue, Percent","Subnational government","Annual","Units","","","","","","0.00417048111557961","0.235274583101273","0.601517140865326","0.398069828748703","0.382470518350601","0.393712997436523","0.410503596067429","0.435867309570313","0.442458897829056","0.418313056230545","0.363151669502258","0.366804897785187","0.536774337291718","0.542992234230042","0.635848701000214","0.630203783512115","0.520824313163757","0.467013955116272","0.452654540538788","0.45604082942009","0.428845703601837","0.393386721611023","0.404557317495346","0.47143679857254","0.585817337036133","0.693712890148163"
"IMF.STA:FD(6.0.0)","AUS.TRANSFERDEP1_R_NT_OS_PT.SNG.A","OBS_VALUE","Australia","Transfer dependency method 1, Ratio of net transfers to own spending, Percent","Subnational government","Annual","Units","","","","","","","","","","0.327931821346283","0.335163444280624","0.39602866768837","0.429677933454514","0.418697208166122","0.409198313951492","0.409337759017944","0.403712153434753","0.385617911815643","0.390282094478607","0.395472049713135","0.407353222370148","0.401868522167206","0.382368683815002","0.357029110193253","0.3696528673172","0.378597259521484","0.373957425355911","0.378338038921356","0.366020172834396","0.35766926407814","0.325008809566498"
"IMF.STA:FD(6.0.0)","IDN.TRANSFERDEP2_R_NT_OR_PT.SNG.A","OBS_VALUE","Indonesia","Transfer dependency method 2, Ratio of net transfers to own revenue, Percent","Subnational government","Annual","Units","","","","","","","","","","","","","","","","","","","","","","","","","","","2.32490229606628","2.17580461502075","2.40216827392578","2.19448232650757","2.5372474193573"
"IMF.STA:FD(6.0.0)","LVA.TRANSFERDEP1_R_NT_OS_PT.SNG.A","OBS_VALUE","Latvia, Republic of","Transfer dependency method 1, Ratio of net transfers to own spending, Percent","Subnational government","Annual","Units","","","","","","0.0040937983430922","0.240239351987839","0.404676139354706","0.29636362195015","0.260423958301544","0.274896591901779","0.268844187259674","0.276575237512589","0.301308631896973","0.283855378627777","0.259878844022751","0.255514830350876","0.32664480805397","0.316466242074966","0.336020559072495","0.373929291963577","0.324172824621201","0.305223971605301","0.29738387465477","0.304299652576447","0.308208703994751","0.28831085562706","0.280724406242371","0.30146649479866","0.390564173460007","0.402365803718567"
"IMF.STA:FD(6.0.0)","AUS.TRANSFERDEP2_R_NT_OR_PT.SNG.A","OBS_VALUE","Australia","Transfer dependency method 2, Ratio of net transfers to own revenue, Percent","Subnational government","Annual","Units","","","","","","","","","","0.478128015995026","0.485654145479202","0.679533541202545","0.765090107917786","0.711156845092773","0.666955888271332","0.676272928714752","0.662567436695099","0.641467332839966","0.668875157833099","0.728579044342041","0.796587824821472","0.745673716068268","0.698342561721802","0.625457763671875","0.629531025886536","0.627719283103943","0.615173697471619","0.633665978908539","0.6217080950737","0.617676317691803","0.611998558044434"
"IMF.STA:FD(6.0.0)","TUN.TRANSFERDEP1_R_NT_OS_PT.SNG.A","OBS_VALUE","Tunisia","Transfer dependency method 1, Ratio of net transfers to own spending, Percent","Subnational government","Annual","Units","","","","","","","","","","","","","","","","","","","0","0.66913104057312","0.749441564083099","0.980448186397552","0.98740154504776","","","","","","","",""
"IMF.STA:FD(6.0.0)","HUN.TRANSFERDEP1_R_NT_OS_PT.SNG.A","OBS_VALUE","Hungary","Transfer dependency method 1, Ratio of net transfers to own spending, Percent","Subnational government","Annual","Units","","","","","","0.638763129711151","0.617459058761597","0.558123767375946","0.527750492095947","0.519599556922913","0.486722439527512","0.512186706066132","0.475470632314682","0.530390679836273","0.483196884393692","0.486900240182877","0.473539590835571","0.478231489658356","0.64621490240097","0.611861824989319","0.620971620082855","0.71862930059433","0.642745494842529","0.872961223125458","0.764522314071655","0.589782893657684","0.510210871696472","0.504899978637695","0.507295727729797","0.505498111248016","0.55701208114624"
"IMF.STA:FD(6.0.0)","TUR.TRANSFERDEP2_R_NT_OR_PT.SNG.A","OBS_VALUE","Türkiye, Republic of","Transfer dependency method 2, Ratio of net transfers to own revenue, Percent","Subnational government","Annual","Units","","","","","","","","","","","","","","","","","","","1.63642799854279","2.08034729957581","1.41530585289001","1.42988121509552","1.45559990406036","1.49125015735626","1.40122067928314","1.56267189979553","1.62241041660309","1.89463806152344","1.87797963619232","1.88184249401093","1.98064088821411"
"IMF.STA:FD(6.0.0)","KAZ.TRANSFERDEP1_R_NT_OS_PT.SNG.A","OBS_VALUE","Kazakhstan, Republic of","Transfer dependency method 1, Ratio of net transfers to own spending, Percent","Subnational government","Annual","Units","","","","","","","","","","","-0.0451887547969818","-0.132111728191376","0.083267405629158","0.159666493535042","0.26596400141716","0.274261176586151","0.359310209751129","0.433548510074615","0.56418389081955","0.627996742725372","0.606259286403656","0.625249266624451","0.600756049156189","0.583718657493591","0.591746032238007","0.541582226753235","0.554666996002197","0.52971738576889","0.481905162334442","0.57806009054184","0.545226991176605"
"IMF.STA:FD(6.0.0)","SLV.TRANSFERDEP2_R_NT_OR_PT.SNG.A","OBS_VALUE","El Salvador","Transfer dependency method 2, Ratio of net transfers to own revenue, Percent","Subnational government","Annual","Units","","","","","","","","","","","","","0.501950562000275","0.636781632900238","0.637540459632874","1.29166662693024","0.874700248241425","1.06758999824524","1.10062563419342","1.03729605674744","1.06842350959778","1.20422732830048","1.13012993335724","1.04543805122375","0.667299807071686","0.883695006370544","0.912068068981171","1.12589013576508","1.26883685588837","1.28392052650452","1.543572306633"
"IMF.STA:FD(6.0.0)","BRA.TRANSFERDEP2_R_NT_OR_PT.SNG.A","OBS_VALUE","Brazil","Transfer dependency method 2, Ratio of net transfers to own revenue, Percent","Subnational government","Annual","Units","","","","","","","","","","","","","","","","","","","","","0.517740666866302","0.527543187141418","0.530796110630035","0.493429690599442","0.502213537693024","0.472504466772079","0.510843932628632","0.478881895542145","0.500390529632568","0.491924285888672","0.60493129491806"
"IMF.STA:FD(6.0.0)","CAN.TRANSFERDEP1_R_NT_OS_PT.SNG.A","OBS_VALUE","Canada","Transfer dependency method 1, Ratio of net transfers to own spending, Percent","Subnational government","Annual","Units","0.158235222101212","0.149318873882294","0.151193410158157","0.15343776345253","0.148815631866455","0.154709994792938","0.139541953802109","0.122968457639217","0.122711591422558","0.140759915113449","0.131464466452599","0.131858333945274","0.123483791947365","0.138731420040131","0.132513955235481","0.175086989998817","0.151239052414894","0.154863774776459","0.16284866631031","0.159287825226784","0.179459095001221","0.158704668283463","0.155339688062668","0.156577110290527","0.157063469290733","0.155849188566208","0.159370765089989","0.163405954837799","0.160474047064781","0.172391667962074","0.203954771161079"
"IMF.STA:FD(6.0.0)","COL.TRANSFERDEP1_R_NT_OS_PT.SNG.A","OBS_VALUE","Colombia","Transfer dependency method 1, Ratio of net transfers to own spending, Percent","Subnational government","Annual","Units","","","","","","","","","0.369740605354309","0.386075288057327","0.367995917797089","","","0.676291823387146","0.52329158782959","0.434983611106873","0.43230676651001","0.374405562877655","0.548502802848816","0.48205554485321","0.484188050031662","0.46625229716301","0.747389912605286","0.626192390918732","0.548282444477081","0.537520349025726","0.402532696723938","0.572583436965942","0.553423881530762","0.506205916404724","0.586637318134308"
"IMF.STA:FD(6.0.0)","ISR.TRANSFERDEP1_R_NT_OS_PT.SNG.A","OBS_VALUE","Israel","Transfer dependency method 1, Ratio of net transfers to own spending, Percent","Subnational government","Annual","Units","","","","","","","","","","","0.379869669675827","0.391430109739304","0.370327055454254","0.357005327939987","0.364923626184464","0.357616126537323","0.322691977024078","0.316173136234283","0.299133747816086","0.290324538946152","0.296623915433884","0.312003701925278","0.304456532001495","0.29932713508606","0.309610158205032","0.327189445495605","0.349247246980667","0.375006377696991","0.377192467451096","0.379801601171494","0.464132010936737"
"IMF.STA:FD(6.0.0)","CAN.TRANSFERDEP2_R_NT_OR_PT.SNG.A","OBS_VALUE","Canada","Transfer dependency method 2, Ratio of net transfers to own revenue, Percent","Subnational government","Annual","Units","0.198796525597572","0.200581252574921","0.210257694125175","0.207744583487511","0.191096618771553","0.194459199905396","0.16638545691967","0.141934052109718","0.142763555049896","0.15849632024765","0.148007079958916","0.159400537610054","0.152104243636131","0.170124784111977","0.157575607299805","0.203721538186073","0.175323858857155","0.182488828897476","0.199374988675117","0.212081134319305","0.243763968348503","0.209311604499817","0.200612977147102","0.197454780340195","0.192569896578789","0.1930340975523","0.196435049176216","0.199677035212517","0.196066319942474","0.209851235151291","0.266030937433243"
"IMF.STA:FD(6.0.0)","ISR.TRANSFERDEP2_R_NT_OR_PT.SNG.A","OBS_VALUE","Israel","Transfer dependency method 2, Ratio of net transfers to own revenue, Percent","Subnational government","Annual","Units","","","","","","","","","","","0.600512087345123","0.637405872344971","0.616915225982666","0.603333830833435","0.535885393619537","0.506917715072632","0.448961675167084","0.43947246670723","0.420832723379135","0.398734539747238","0.396019697189331","0.424325406551361","0.438890844583511","0.450884193181992","0.4511479139328","0.472083657979965","0.521992683410645","0.58880215883255","0.624934792518616","0.618863761425018","0.837222456932068"
"IMF.STA:FD(6.0.0)","MKD.TRANSFERDEP1_R_NT_OS_PT.SNG.A","OBS_VALUE","North Macedonia, Republic of","Transfer dependency method 1, Ratio of net transfers to own spending, Percent","Subnational government","Annual","Units","","","","","","","","","","","","","","","","","0.371886968612671","0.501073658466339","","","","","","0.602199077606201","0.631320059299469","0.612045347690582","0.61636608839035","0.620278000831604","0.749492108821869","0.612013459205627","0.684499382972717"
"IMF.STA:FD(6.0.0)","MUS.TRANSFERDEP1_R_NT_OS_PT.SNG.A","OBS_VALUE","Mauritius","Transfer dependency method 1, Ratio of net transfers to own spending, Percent","Subnational government","Annual","Units","","","","","","","","","","","","","0.627375662326813","0.767432689666748","0.772738099098206","0.774453997612","0.797818958759308","0.840971708297729","0.838081240653992","0.837527215480804","0.885561347007751","0.868283867835999","0.970890581607819","0.783520579338074","0.918972194194794","0.884622097015381","0.857806205749512","0.981918156147003","0.983564376831055","0.854163229465485","0.960473597049713"
"IMF.STA:FD(6.0.0)","UKR.TRANSFERDEP2_R_NT_OR_PT.SNG.A","OBS_VALUE","Ukraine","Transfer dependency method 2, Ratio of net transfers to own revenue, Percent","Subnational government","Annual","Units","","","","","","","","","","","","0.272684097290039","0.31239452958107","0.434443175792694","0.72178053855896","0.775828897953033","0.875613868236542","0.749889731407166","0.741931617259979","0.794984102249146","0.912535488605499","1.08641386032104","1.24285650253296","1.10065865516663","1.28515982627869","1.43905961513519","1.13030207157135","1.17161965370178","1.11446332931519","0.842067539691925","0.486421018838882"
"IMF.STA:FD(6.0.0)","UZB.TRANSFERDEP1_R_NT_OS_PT.SNG.A","OBS_VALUE","Uzbekistan, Republic of","Transfer dependency method 1, Ratio of net transfers to own spending, Percent","Subnational government","Annual","Units","","","","","","","","","","","","","","","","","","","","","","","","","","","0.269626796245575","0.226085022091866","0.408350050449371","0.324278891086578","0.452313303947449"
"IMF.STA:FD(6.0.0)","MKD.TRANSFERDEP2_R_NT_OR_PT.SNG.A","OBS_VALUE","North Macedonia, Republic of","Transfer dependency method 2, Ratio of net transfers to own revenue, Percent","Subnational government","Annual","Units","","","","","","","","","","","","","","","","","0.615273535251617","0.871619641780853","","","","","","1.63180553913116","1.70746469497681","1.55072665214539","1.58689272403717","1.7194197177887","1.86843383312225","1.7370331287384","2.33050680160522"
"IMF.STA:FD(6.0.0)","EST.TRANSFERDEP1_R_NT_OS_PT.SNG.A","OBS_VALUE","Estonia, Republic of","Transfer dependency method 1, Ratio of net transfers to own spending, Percent","Subnational government","Annual","Units","","","","","","0.874910891056061","0.815523326396942","0.84204488992691","0.848369359970093","0.838255941867828","0.818698525428772","0.813688814640045","0.781780481338501","0.822522759437561","0.784231007099152","0.816380739212036","0.839683592319489","0.822326302528381","0.807051360607147","0.814868688583374","0.857312202453613","0.850961208343506","0.83028781414032","0.797631859779358","0.840997993946075","0.86687159538269","0.85335499048233","0.82712996006012","0.884860336780548","0.858720004558563","0.888018012046814"
"IMF.STA:FD(6.0.0)","UKR.TRANSFERDEP1_R_NT_OS_PT.SNG.A","OBS_VALUE","Ukraine","Transfer dependency method 1, Ratio of net transfers to own spending, Percent","Subnational government","Annual","Units","","","","","","","","","","","","0.21134851872921","0.242614433169365","0.308209806680679","0.410702586174011","0.438019335269928","0.467602491378784","0.43878698348999","0.420547097921371","0.436862856149673","0.475974768400192","0.522309720516205","0.560951590538025","0.526796042919159","0.577757358551025","0.620814800262451","0.554621756076813","0.546152591705322","0.519392311573029","0.452402293682098","0.322568595409393"
"IMF.STA:FD(6.0.0)","THA.TRANSFERDEP1_R_NT_OS_PT.SNG.A","OBS_VALUE","Thailand","Transfer dependency method 1, Ratio of net transfers to own spending, Percent","Subnational government","Annual","Units","","","","","","","","","","","0.355272352695465","0.531305074691772","0.658163785934448","0.623369157314301","0.639404118061066","0.680758655071259","0.637401163578033","0.62609738111496","0.607959389686584","0.52281641960144","0.493530660867691","0.701853454113007","0.706937849521637","0.677176892757416","0.650115191936493","0.658543825149536","0.636812269687653","0.644733071327209","0.676435887813568","0.663824021816254","0.648436903953552"
"IMF.STA:FD(6.0.0)","EST.TRANSFERDEP2_R_NT_OR_PT.SNG.A","OBS_VALUE","Estonia, Republic of","Transfer dependency method 2, Ratio of net transfers to own revenue, Percent","Subnational government","Annual","Units","","","","","","7.39457845687866","5.94422292709351","5.25464963912964","6.27899694442749","6.25487279891968","5.62938022613525","5.91830062866211","4.79570770263672","5.68016529083252","5.46009016036987","5.55254697799683","5.95761728286743","6.2759313583374","6.01520919799805","5.67356824874878","5.17600011825562","5.16126489639282","5.44070386886597","5.41073369979858","5.33170413970947","5.40906095504761","5.32656955718994","5.63091278076172","6.36102151870728","6.49767208099365","7.7027440071106"
"IMF.STA:FD(6.0.0)","CHE.TRANSFERDEP2_R_NT_OR_PT.SNG.A","OBS_VALUE","Switzerland","Transfer dependency method 2, Ratio of net transfers to own revenue, Percent","Subnational government","Annual","Units","0.123129554092884","0.134480133652687","0.129152372479439","0.119275890290737","0.131278991699219","0.128546342253685","0.144239723682404","0.150152876973152","0.154448270797729","0.14828921854496","0.149550095200539","0.150953367352486","0.148189336061478","0.151419222354889","0.145418956875801","0.144172057509422","0.145452409982681","0.149695917963982","0.175112426280975","0.1776312738657","0.179113030433655","0.179918050765991","0.181023329496384","0.179464071989059","0.177894100546837","0.176399454474449","0.169840022921562","0.171135172247887","0.169432505965233","0.170969903469086","0.177346393465996"
"IMF.STA:FD(6.0.0)","ISL.TRANSFERDEP1_R_NT_OS_PT.SNG.A","OBS_VALUE","Iceland","Transfer dependency method 1, Ratio of net transfers to own spending, Percent","Subnational government","Annual","Units","","","","","","","","","0.0852645859122276","0.09382414072752","0.0864394307136536","0.0875213369727135","0.0757576674222946","0.0890398696064949","0.0830171033740044","0.0927289202809334","0.0962432399392128","0.105980195105076","0.0975874587893486","0.0957216992974281","0.106630101799965","0.104051813483238","0.096368171274662","0.100256107747555","0.0981398150324821","0.0952426344156265","0.102447792887688","0.0743363723158836","0.0788792222738266","0.0746322870254517","0.0877607837319374"
"IMF.STA:FD(6.0.0)","BEL.TRANSFERDEP2_R_NT_OR_PT.SNG.A","OBS_VALUE","Belgium","Transfer dependency method 2, Ratio of net transfers to own revenue, Percent","Subnational government","Annual","Units","","","","","","1.65849220752716","1.59890818595886","1.6242401599884","1.64054608345032","1.61622560024261","1.66693091392517","1.67696070671082","1.26105809211731","1.26888704299927","1.27863132953644","1.27043354511261","1.2283022403717","1.21531915664673","1.27802383899689","1.23084545135498","1.18352425098419","1.1908255815506","1.20292508602142","1.17286956310272","1.19770908355713","1.18090879917145","1.04211783409119","1.02391040325165","1.02295768260956","1.04573893547058","1.01115262508392"
"IMF.STA:FD(6.0.0)","THA.TRANSFERDEP2_R_NT_OR_PT.SNG.A","OBS_VALUE","Thailand","Transfer dependency method 2, Ratio of net transfers to own revenue, Percent","Subnational government","Annual","Units","","","","","","","","","","","0.509101271629334","0.779444694519043","1.12885522842407","1.0256325006485","1.1261146068573","1.40489900112152","1.52155220508575","1.56779801845551","1.73151123523712","1.13606262207031","1.07157135009766","1.56375908851624","1.81147956848145","1.71657478809357","1.68742918968201","1.67544996738434","1.62965476512909","1.45410096645355","1.40000677108765","1.48284471035004","1.89738821983337"
"IMF.STA:FD(6.0.0)","UZB.TRANSFERDEP2_R_NT_OR_PT.SNG.A","OBS_VALUE","Uzbekistan, Republic of","Transfer dependency method 2, Ratio of net transfers to own revenue, Percent","Subnational government","Annual","Units","","","","","","","","","","","","","","","","","","","","","","","","","","","0.353760600090027","0.280988872051239","0.647537350654602","0.480409801006317","0.816626310348511"
"IMF.STA:FD(6.0.0)","BEL.TRANSFERDEP1_R_NT_OS_PT.SNG.A","OBS_VALUE","Belgium","Transfer dependency method 1, Ratio of net transfers to own spending, Percent","Subnational government","Annual","Units","","","","","","0.602936863899231","0.607430756092072","0.619306027889252","0.636838793754578","0.634476840496063","0.624865710735321","0.651148438453674","0.552192270755768","0.55949729681015","0.561934947967529","0.564007818698883","0.554616212844849","0.564135313034058","0.564726233482361","0.529608011245728","0.51873105764389","0.526837110519409","0.528678596019745","0.527978599071503","0.53192800283432","0.510817408561707","0.515885472297668","0.514544785022736","0.493381440639496","0.505962431430817","0.46124279499054"
"IMF.STA:FD(6.0.0)","ISL.TRANSFERDEP2_R_NT_OR_PT.SNG.A","OBS_VALUE","Iceland","Transfer dependency method 2, Ratio of net transfers to own revenue, Percent","Subnational government","Annual","Units","","","","","","","","","0.099946990609169","0.107882037758827","0.0975950062274933","0.101560361683369","0.0919575095176697","0.104542501270771","0.0968405082821846","0.101768538355827","0.104200683534145","0.112930029630661","0.116026647388935","0.115030467510223","0.128404021263123","0.119168199598789","0.111376129090786","0.115886077284813","0.117247335612774","0.111360259354115","0.114601023495197","0.0895111784338951","0.0900728330016136","0.0849010795354843","0.103411071002483"
"IMF.STA:FD(6.0.0)","SWE.TRANSFERDEP2_R_NT_OR_PT.SNG.A","OBS_VALUE","Sweden","Transfer dependency method 2, Ratio of net transfers to own revenue, Percent","Subnational government","Annual","Units","","","","","","0.262158811092377","0.203521654009819","0.211031541228294","0.267798870801926","0.266009300947189","0.256303727626801","0.248595580458641","0.246931284666061","0.23864771425724","0.22801548242569","0.255359977483749","0.261992543935776","0.325535506010056","0.343539714813232","0.399510562419891","0.458296924829483","0.454507529735565","0.431016981601715","0.436965078115463","0.470021724700928","0.478020876646042","0.480330735445023","0.498919665813446","0.496592283248901","0.510012269020081","0.576106250286102"
"IMF.STA:FD(6.0.0)","SWE.TRANSFERDEP1_R_NT_OS_PT.SNG.A","OBS_VALUE","Sweden","Transfer dependency method 1, Ratio of net transfers to own spending, Percent","Subnational government","Annual","Units","","","","","","0.204426616430283","0.16669137775898","0.170769691467285","0.209837481379509","0.20712748169899","0.204490438103676","0.197103708982468","0.193355962634087","0.190171509981155","0.186005294322968","0.206973135471344","0.208727046847343","0.246567383408546","0.254458606243134","0.282648921012878","0.316141933202744","0.307597011327744","0.298486828804016","0.302758008241653","0.314268171787262","0.318363517522812","0.316894739866257","0.329629749059677","0.322737485170364","0.325378775596619","0.369252294301987"
"IMF.STA:FD(6.0.0)","NPL.TRANSFERDEP1_R_NT_OS_PT.SNG.A","OBS_VALUE","Nepal","Transfer dependency method 1, Ratio of net transfers to own spending, Percent","Subnational government","Annual","Units","","","","","","","","","","","","","","","","","","","","","","","","","","","","","","1.23368036746979","0.774131298065186"
"IMF.STA:FD(6.0.0)","NPL.TRANSFERDEP2_R_NT_OR_PT.SNG.A","OBS_VALUE","Nepal","Transfer dependency method 2, Ratio of net transfers to own revenue, Percent","Subnational government","Annual","Units","","","","","","","","","","","","","","","","","","","","","","","","","","","","","","8.0797872543335","1.68226218223572"
"IMF.STA:FD(6.0.0)","RWA.TRANSFERDEP1_R_NT_OS_PT.SNG.A","OBS_VALUE","Rwanda","Transfer dependency method 1, Ratio of net transfers to own spending, Percent","Subnational government","Annual","Units","","","","","","","","","","","","","","","","","","","","","","","","","0.876032054424286","0.859447777271271","0.857661545276642","0.807275772094727","0.828928053379059","0.81619268655777","0.802926003932953"
"IMF.STA:FD(6.0.0)","KHM.TRANSFERDEP2_R_NT_OR_PT.SNG.A","OBS_VALUE","Cambodia","Transfer dependency method 2, Ratio of net transfers to own revenue, Percent","Subnational government","Annual","Units","","","","","","","","","","","","","","","","","","","","","","","0.486067980527878","0.512135565280914","0.502224922180176","0.777577936649323","0.784890711307526","0.663498342037201","0.748553156852722","0.814841210842133","0.907076239585876"
"IMF.STA:FD(6.0.0)","SEN.TRANSFERDEP1_R_NT_OS_PT.SNG.A","OBS_VALUE","Senegal","Transfer dependency method 1, Ratio of net transfers to own spending, Percent","Subnational government","Annual","Units","","","","","","","","","","","","","","","","","","","","","","","","","","0.540209829807281","0.525353074073792","0.449245095252991","0.852952063083649","0.990578711032867","0.953744292259216"
"IMF.STA:FD(6.0.0)","KHM.TRANSFERDEP1_R_NT_OS_PT.SNG.A","OBS_VALUE","Cambodia","Transfer dependency method 1, Ratio of net transfers to own spending, Percent","Subnational government","Annual","Units","","","","","","","","","","","","","","","","","","","","","","","0.425193160772324","0.56016343832016","0.374804884195328","0.492508143186569","0.462571799755096","0.463502585887909","0.575798034667969","0.573901534080505","0.703483462333679"
"IMF.STA:FD(6.0.0)","RWA.TRANSFERDEP2_R_NT_OR_PT.SNG.A","OBS_VALUE","Rwanda","Transfer dependency method 2, Ratio of net transfers to own revenue, Percent","Subnational government","Annual","Units","","","","","","","","","","","","","","","","","","","","","","","","","7.98493432998657","5.4963583946228","5.78422784805298","4.81098604202271","4.81047582626343","5.61731481552124","5.55395030975342"
"IMF.STA:FD(6.0.0)","SEN.TRANSFERDEP2_R_NT_OR_PT.SNG.A","OBS_VALUE","Senegal","Transfer dependency method 2, Ratio of net transfers to own revenue, Percent","Subnational government","Annual","Units","","","","","","","","","","","","","","","","","","","","","","","","","","1.45961856842041","0.762899398803711","0.727182984352112","5.02218770980835","3.91224527359009","7.1242504119873"
"IMF.STA:FD(6.0.0)","HRV.TRANSFERDEP2_R_NT_OR_PT.SNG.A","OBS_VALUE","Croatia, Republic of","Transfer dependency method 2, Ratio of net transfers to own revenue, Percent","Subnational government","Annual","Units","","","","","","","","","","","","","","","","","","","","","","","","","","","","","","0.894225001335144","1.00977742671967"
"IMF.STA:FD(6.0.0)","HRV.TRANSFERDEP1_R_NT_OS_PT.SNG.A","OBS_VALUE","Croatia, Republic of","Transfer dependency method 1, Ratio of net transfers to own spending, Percent","Subnational government","Annual","Units","","","","","","","","","","","","","","","","","","","","","","","","","","","","","","0.456998974084854","0.467545747756958"
"IMF.STA:FD(6.0.0)","SOM.TRANSFERDEP2_R_NT_OR_PT.SNG.A","OBS_VALUE","Somalia","Transfer dependency method 2, Ratio of net transfers to own revenue, Percent","Subnational government","Annual","Units","","","","","","","","","","","","","","","","","","","","","","","","","","","","0.38006380200386","0.556564629077911","0.98194819688797","0.969645798206329"
"IMF.STA:FD(6.0.0)","SOM.TRANSFERDEP1_R_NT_OS_PT.SNG.A","OBS_VALUE","Somalia","Transfer dependency method 1, Ratio of net transfers to own spending, Percent","Subnational government","Annual","Units","","","","","","","","","","","","","","","","","","","","","","","","","","","","0.271088749170303","0.362058937549591","0.557877838611603","0.532649278640747"
"IMF.STA:FD(6.0.0)","MEX.TRANSFERDEP1_R_NT_OS_PT.SNG.A","OBS_VALUE","Mexico","Transfer dependency method 1, Ratio of net transfers to own spending, Percent","Subnational government","Annual","Units","","","","","","","","","","","","","","","","","","","0.831755399703979","0.813772022724152","0.784135460853577","0.799747705459595","0.797143757343292","0.819428205490112","0.81853449344635","0.824957132339478","0.829042017459869","0.810965478420258","0.810570597648621","0.813385367393494","0.807649493217468"
"IMF.STA:FD(6.0.0)","PLW.TRANSFERDEP2_R_NT_OR_PT.SNG.A","OBS_VALUE","Palau, Republic of","Transfer dependency method 2, Ratio of net transfers to own revenue, Percent","Subnational government","Annual","Units","","","","","","","","","","","","","","","","","","","","0.90231728553772","0.922430157661438","0.822211265563965","0.545707702636719","0.485110759735107","0.458591878414154","0.414885610342026","0.579170227050781","0.9829421043396","1.0192883014679","0.965668916702271",""
"IMF.STA:FD(6.0.0)","PLW.TRANSFERDEP1_R_NT_OS_PT.SNG.A","OBS_VALUE","Palau, Republic of","Transfer dependency method 1, Ratio of net transfers to own spending, Percent","Subnational government","Annual","Units","","","","","","","","","","","","","","","","","","","1","0.499170422554016","0.513225853443146","0.498801112174988","0.483690053224564","0.442674189805985","0.455513328313828","0.37962219119072","0.381326794624329","0.46519723534584","0.50613671541214","0.498093903064728",""
"IMF.STA:FD(6.0.0)","MEX.TRANSFERDEP2_R_NT_OR_PT.SNG.A","OBS_VALUE","Mexico","Transfer dependency method 2, Ratio of net transfers to own revenue, Percent","Subnational government","Annual","Units","","","","","","","","","","","","","","","","","","","4.37021923065186","4.59041881561279","4.2494592666626","4.27469158172607","3.89659333229065","4.16109180450439","4.12111473083496","4.13093519210815","4.10795974731445","3.89886283874512","3.99484491348267","4.0167088508606","4.38768148422241"
"IMF.STA:FD(6.0.0)","GTM.TRANSFERDEP2_R_NT_OR_PT.SNG.A","OBS_VALUE","Guatemala","Transfer dependency method 2, Ratio of net transfers to own revenue, Percent","Subnational government","Annual","Units","","","","","","","","","","","","","","","","","","","","","","","","","2.35766911506653","2.04462552070618","2.30313158035278","2.35766911506653","2.11756777763367","2.17620444297791","2.36059355735779"
"IMF.STA:FD(6.0.0)","GTM.TRANSFERDEP1_R_NT_OS_PT.SNG.A","OBS_VALUE","Guatemala","Transfer dependency method 1, Ratio of net transfers to own spending, Percent","Subnational government","Annual","Units","","","","","","","","","","","","","","","","","","","","","","","","","0.706715226173401","0.69289755821228","0.783239603042603","0.706715226173401","0.711692810058594","0.646838366985321","0.78182327747345"
"IMF.STA:FD(6.0.0)","NAM.TRANSFERDEP1_R_NT_OS_PT.SNG.A","OBS_VALUE","Namibia","Transfer dependency method 1, Ratio of net transfers to own spending, Percent","Subnational government","Annual","Units","","","","","","","","","","","","","","","","","","","","","","","","","","","0.306478321552277","0.247246414422989","0.120338544249535","",""
"IMF.STA:FD(6.0.0)","NAM.TRANSFERDEP2_R_NT_OR_PT.SNG.A","OBS_VALUE","Namibia","Transfer dependency method 2, Ratio of net transfers to own revenue, Percent","Subnational government","Annual","Units","","","","","","","","","","","","","","","","","","","","","","","","","","","0.487260311841965","0.318523913621902","0.670734941959381","",""
