"DATASET","SERIES_CODE","OBS_MEASURE","COUNTRY","INDICATOR","SECTOR","FREQUENCY","SCALE","1989","1990","1991","1992","1993","1994","1995","1996","1997","1998","1999","2000","2001","2002","2003","2004","2005","2006","2007","2008","2009","2010","2011","2012","2013","2014","2015","2016","2017","2018","2019","2020"
"IMF.STA:FD(6.0.0)","CHN.VFI_PT.SNG.A","OBS_VALUE","China, People's Republic of","Vertical fiscal imbalance, Percent","Subnational government","Annual","Units","","","","","","","","","","","","","","0.258142441511154","0.242491260170937","0.225304037332535","","","","","","","","","","","","","","","",""
"IMF.STA:FD(6.0.0)","CRI.VFI_PT.SNG.A","OBS_VALUE","Costa Rica","Vertical fiscal imbalance, Percent","Subnational government","Annual","Units","","","","","","","","","","","","","","-0.133376151323318","-0.0448343083262444","0.0642950087785721","0.476632624864578","-0.0636326223611832","0.0281739849597216","0.176630973815918","0.1887336820364","0.169535502791405","0.140240147709847","0.132866561412811","0.0590185597538948","0.095663458108902","","","","","",""
"IMF.STA:FD(6.0.0)","AFG.VFI_PT.SNG.A","OBS_VALUE","Afghanistan, Islamic Republic of","Vertical fiscal imbalance, Percent","Subnational government","Annual","Units","","","","","","","","","","","","","","","","","","0.466830760240555","0.204351827502251","-0.0073013799265027","-0.100034102797508","0.110443100333214","-0.481104135513306","-0.272376477718353","0.2959164083004","-0.440319657325745","0.33333894610405","0.358348190784454","0.403143763542175","","",""
"IMF.STA:FD(6.0.0)","ALB.VFI_PT.SNG.A","OBS_VALUE","Albania","Vertical fiscal imbalance, Percent","Subnational government","Annual","Units","","","","","","","","","","","","","","","","","","","","","","","0.753796279430389","0.758138597011566","0.788613855838776","0.767938315868378","0.77595466375351","0.750042140483856","0.747035622596741","0.708934366703033","0.702026188373566","0.75896543264389"
"IMF.STA:FD(6.0.0)","SRB.VFI_PT.S1311MIXED.A","OBS_VALUE","Serbia, Republic of","Vertical fiscal imbalance, Percent","Central government","Annual","Units","","","","","","","","","","","","","","","","","","","-0.355920314788818","-0.426250845193863","-0.457556247711182","-0.326137065887451","-0.28653872013092","-0.205609425902367","-0.839726030826569","-0.681110918521881","-0.643751919269562","-0.738642990589142","-0.805064141750336","-0.7487633228302","-0.622365355491638","-0.275898098945618"
"IMF.STA:FD(6.0.0)","MUS.VFI_PT.SNG.A","OBS_VALUE","Mauritius","Vertical fiscal imbalance, Percent","Subnational government","Annual","Units","","","","","","","","","","","","","","0.598627805709839","0.726669013500214","0.781238317489624","0.788960754871368","0.772740483283997","0.733028471469879","0.730945885181427","0.763803899288177","0.780611336231232","0.768849670886993","0.803689301013947","0.842772960662842","0.808586657047272","0.816055834293365","0.840141475200653","0.841062724590302","0.866508185863495","0.883613348007202","0.876450181007385"
"IMF.STA:FD(6.0.0)","ARE.VFI_PT.S1311MIXED.A","OBS_VALUE","United Arab Emirates","Vertical fiscal imbalance, Percent","Central government","Annual","Units","","","","","","","","","","","","","","","","","","","","","","","0.284790515899658","0.320325314998627","0.264114797115326","0.322058945894241","0.302969455718994","0.227959036827087","0.278220921754837","0.21856977045536","-0.0346965529024601","0.17328642308712"
"IMF.STA:FD(6.0.0)","COL.VFI_PT.S1311MIXED.A","OBS_VALUE","Colombia","Vertical fiscal imbalance, Percent","Central government","Annual","Units","","","","","","","","","","-0.320336878299713","-0.212346881628037","-0.415947556495667","","","","","","","","","","","","","-0.0457475259900093","-0.238929703831673","-0.472236514091492","-0.174577236175537","-0.484150171279907","-0.439849615097046","-0.471828401088715","-0.172650575637817"
"IMF.STA:FD(6.0.0)","AFG.VFI_PT.S1311MIXED.A","OBS_VALUE","Afghanistan, Islamic Republic of","Vertical fiscal imbalance, Percent","Central government","Annual","Units","","","","","","","","","","","","","","","","","","0.713999569416046","0.791864991188049","0.91081166267395","0.855392038822174","0.865012228488922","0.878012120723724","0.848774909973145","0.854795277118683","0.857965767383575","0.819777846336365","0.751332759857178","0.725462913513184","","",""
"IMF.STA:FD(6.0.0)","IRN.VFI_PT.S1311MIXED.A","OBS_VALUE","Iran, Islamic Republic of","Vertical fiscal imbalance, Percent","Central government","Annual","Units","","","","","","","","","","","-0.00726585742086172","-0.0975832417607307","-0.0463094525039196","-0.0299435555934906","-0.0768121778964996","-0.183257445693016","-0.201016917824745","","-0.297413945198059","-0.0985698029398918","-0.0212340895086527","","","","","","","","","","",""
"IMF.STA:FD(6.0.0)","PRY.VFI_PT.S1311MIXED.A","OBS_VALUE","Paraguay","Vertical fiscal imbalance, Percent","Central government","Annual","Units","","","","","","","","","","","","","","","","","-0.107950314879417","-0.0904102325439453","-0.116866640746593","-0.217719927430153","-0.0564082488417625","-0.11723518371582","-0.0905138477683067","0.0235980097204447","0.0485204979777336","0.00717649282887578","0.0382601656019688","0.00642123911529779","0.0255733076483011","0.0406467393040657","0.131597891449928","0.290830671787262"
"IMF.STA:FD(6.0.0)","TUN.VFI_PT.S1311MIXED.A","OBS_VALUE","Tunisia","Vertical fiscal imbalance, Percent","Central government","Annual","Units","","-0.0309432577341795","0.0302864331752062","-0.0362310186028481","-0.036602471023798","-0.0628462955355644","0.00529025541618466","0.0278162937611341","0.0271233264356852","-0.0969898328185081","-0.00240872637368739","","","","","","","","","","","","","","","","","","","","",""
"IMF.STA:FD(6.0.0)","AUS.VFI_PT.S1311MIXED.A","OBS_VALUE","Australia","Vertical fiscal imbalance, Percent","Central government","Annual","Units","","-0.537585914134979","-0.432720541954041","-0.255067139863968","-0.209621146321297","-0.196097657084465","","","","","-0.333860516548157","-0.401182889938354","-0.377730250358582","-0.33456951379776","-0.408113867044449","-0.391768902540207","-0.420534014701843","-0.449447751045227","-0.436886310577393","-0.461238890886307","-0.219943895936012","-0.184823170304298","-0.175255209207535","-0.178756609559059","-0.240676194429398","-0.205469697713852","-0.193606525659561","-0.206181764602661","-0.248748049139977","-0.304587781429291","-0.318435192108154","-0.0476596727967262"
"IMF.STA:FD(6.0.0)","JPN.VFI_PT.S1311MIXED.A","OBS_VALUE","Japan","Vertical fiscal imbalance, Percent","Central government","Annual","Units","","-0.993052005767822","","","","-0.680144429206848","-0.642260193824768","-0.652124226093292","-0.734602093696594","0.0820101276040077","-0.352610200643539","-0.458250522613525","-0.568810820579529","-0.449881881475449","-0.449002474546433","-0.701745092868805","-0.916062235832214","-1.00044572353363","-0.948467791080475","-0.552777230739594","-0.354047685861588","-0.567128717899323","-0.574577987194061","-0.690099716186523","-0.782534897327423","-1.02649545669556","-1.13163483142853","-1.15157461166382","-1.30189967155457","-1.37011897563934","-1.26995122432709","-0.621219038963318"
"IMF.STA:FD(6.0.0)","BIH.VFI_PT.SNG.A","OBS_VALUE","Bosnia and Herzegovina","Vertical fiscal imbalance, Percent","Subnational government","Annual","Units","","","","","","","","","","","","","","","","","0.0400429628789425","0.116143710911274","0.134324908256531","0.184338167309761","0.129274487495422","0.128311932086945","0.0682637915015221","0.16119410097599","0.074438638985157","0.0662167146801949","-0.0446138232946396","-0.00851736590266228","0.0299059767276049","0.0705577284097672","0.0231863837689161","0.180754020810127"
"IMF.STA:FD(6.0.0)","PER.VFI_PT.S1311MIXED.A","OBS_VALUE","Peru","Vertical fiscal imbalance, Percent","Central government","Annual","Units","","","","","","","-0.173709690570831","-0.593720257282257","-0.331883728504181","-0.208816513419151","-0.141912415623665","-0.186896249651909","-0.192327916622162","-0.379234969615936","-0.356206864118576","-0.467702239751816","-0.511297225952148","-0.833968341350555","-0.944194138050079","-0.962046802043915","-0.533590614795685","-0.681494414806366","-0.790819644927979","-0.924747288227081","-0.777928173542023","-0.603283524513245","-0.348860710859299","-0.447141915559769","-0.342954188585281","-0.459471821784973","-0.471415787935257","-0.0203827098011971"
"IMF.STA:FD(6.0.0)","CRI.VFI_PT.S1311MIXED.A","OBS_VALUE","Costa Rica","Vertical fiscal imbalance, Percent","Central government","Annual","Units","","","","","","","","","","","","","","0.191439792513847","0.11631216853857","0.0887444242835045","0.0502954237163067","-0.0170247629284859","-0.121915094554424","0.0190390199422836","0.148581817746162","0.194809123873711","0.163596302270889","0.183264836668968","0.205686688423157","0.252860546112061","","","","","",""
"IMF.STA:FD(6.0.0)","ALB.VFI_PT.S1311MIXED.A","OBS_VALUE","Albania","Vertical fiscal imbalance, Percent","Central government","Annual","Units","","","","","","","","","","","","","","0.20517410337925","0.0437425673007965","0.0529652424156666","","","","","","","-0.125522628426552","-0.128806382417679","-0.0858390182256699","-0.194333866238594","-0.186785578727722","-0.258978396654129","-0.366413176059723","-0.374923497438431","-0.340028166770935","-0.0784721225500107"
"IMF.STA:FD(6.0.0)","CHE.VFI_PT.SNG.A","OBS_VALUE","Switzerland","Vertical fiscal imbalance, Percent","Subnational government","Annual","Units","","0.145852982997894","0.193361580371857","0.198243081569672","0.15866482257843","0.157545432448387","0.150414139032364","0.157417625188828","0.163817226886749","0.151837378740311","0.117167942225933","0.11714182049036","0.127074480056763","0.128861233592033","0.158337011933327","0.148858547210693","0.134702414274216","0.101878352463245","0.0805487260222435","0.113600365817547","0.135103672742844","0.146474376320839","0.143735647201538","0.16605569422245","0.191305786371231","0.176660746335983","0.151055380702019","0.14183597266674","0.135135173797607","0.125197604298592","0.127436354756355","0.172394722700119"
"IMF.STA:FD(6.0.0)","USA.VFI_PT.S1311MIXED.A","OBS_VALUE","United States","Vertical fiscal imbalance, Percent","Central government","Annual","Units","0.064653217792511","0.125386595726013","0.182330131530762","0.109924748539925","0.0398538522422314","-0.0379200354218483","-0.118302345275879","-0.173013851046562","-0.278247356414795","-0.376758277416229","-0.409401595592499","-0.507904887199402","-0.384237796068192","-0.143286526203156","-0.039078027009964","-0.0391816645860672","-0.115751542150974","-0.222121208906174","-0.199852928519249","0.0304483938962221","0.255247116088867","0.205679506063461","0.11810427904129","0.0219449494034052","-0.191383734345436","-0.232549235224724","-0.309864550828934","-0.249805018305779","-0.333954006433487","-0.112191960215569","-0.0741502270102501","0.321171879768372"
"IMF.STA:FD(6.0.0)","UZB.VFI_PT.SNG.A","OBS_VALUE","Uzbekistan, Republic of","Vertical fiscal imbalance, Percent","Subnational government","Annual","Units","","","","","","","","","","","","","","","","","","","","","","","","","","","","0.2378269135952","0.195395097136498","0.369379907846451","0.324995279312134","0.446119606494904"
"IMF.STA:FD(6.0.0)","MNG.VFI_PT.SNG.A","OBS_VALUE","Mongolia","Vertical fiscal imbalance, Percent","Subnational government","Annual","Units","","","","0.128481730818748","0.362613379955292","0.322175592184067","0.362794518470764","0.385383129119873","0.389605522155762","0.420946329832077","0.430768191814423","0.508023142814636","0.453246742486954","0.402151703834534","-0.139802783727646","","","0.069801039993763","-0.0364789701998234","-0.0991966426372528","-0.759158849716187","-0.573932290077209","-0.468514323234558","-0.227800220251083","0.564457833766937","0.57427853345871","0.594403386116028","0.59334260225296","0.472666382789612","0.420221567153931","0.0619631633162498","0.567490637302399"
"IMF.STA:FD(6.0.0)","SLV.VFI_PT.SNG.A","OBS_VALUE","El Salvador","Vertical fiscal imbalance, Percent","Subnational government","Annual","Units","","","","","","","","","","","","","","0.355406552553177","0.422310769557953","0.343949049711227","0.553457379341125","0.420833319425583","0.492335826158524","0.566063344478607","0.493027657270432","0.497327446937561","0.561169683933258","0.553992867469788","0.549828171730042","0.487402826547623","0.477539092302322","0.38950788974762","0.530489087104797","0.559245526790619","0.541353404521942","0.533583164215088"
"IMF.STA:FD(6.0.0)","GEO.VFI_PT.SNG.A","OBS_VALUE","Georgia","Vertical fiscal imbalance, Percent","Subnational government","Annual","Units","","","","","","","0.807692289352417","0.855099499225616","0.776267647743225","0.72615385055542","0.754157602787018","0.817633271217346","0.877131402492523","0.854064047336578","0.836352288722992","0.904163420200348","0.87518572807312","0.834087252616882","0.748448550701141","0.786538302898407","0.762171804904938","0.767578363418579","0.742585957050323","0.763944208621979","0.709837317466736","0.675903618335724","0.689078986644745","0.6519935131073","0.598992109298706","0.566007614135742","0.639759361743927","0.740585505962372"
"IMF.STA:FD(6.0.0)","MDA.VFI_PT.SNG.A","OBS_VALUE","Moldova, Republic of","Vertical fiscal imbalance, Percent","Subnational government","Annual","Units","","","","","","","","","","","","","","","0.267555385828018","0.295206129550934","0.428085774183273","0.46946993470192","0.452030599117279","0.550056338310242","0.587862133979797","0.613462448120117","0.597750902175903","0.495565861463547","0.462999701499939","0.655128419399261","0.709285140037537","0.673307597637177","0.706442534923553","0.705676198005676","0.743756651878357","0.741999268531799"
"IMF.STA:FD(6.0.0)","THA.VFI_PT.SNG.A","OBS_VALUE","Thailand","Vertical fiscal imbalance, Percent","Subnational government","Annual","Units","","","","","","","","","","","","0.302157819271088","0.318354398012161","0.416963487863541","0.392210066318512","0.432203382253647","0.515439450740814","0.581084966659546","0.600651741027832","0.648885130882263","0.539799630641937","0.539432764053345","0.551175475120544","0.609745621681213","0.605506896972656","0.614730358123779","0.606945097446442","0.609234869480133","0.556610524654388","0.51683384180069","0.552330732345581","0.658247649669647"
"IMF.STA:FD(6.0.0)","KOR.VFI_PT.SNG.A","OBS_VALUE","Korea, Republic of","Vertical fiscal imbalance, Percent","Subnational government","Annual","Units","","","","","","","","","","","","","","","","","","0.538429498672485","0.282575279474258","0.529125809669495","0.600920975208282","0.550875186920166","0.569796442985535","0.51187652349472","0.520113527774811","0.4749656021595","0.455936521291733","0.47875589132309","0.482484370470047","0.537024974822998","0.560892581939697","0.605017244815826"
"IMF.STA:FD(6.0.0)","UKR.VFI_PT.SNG.A","OBS_VALUE","Ukraine","Vertical fiscal imbalance, Percent","Subnational government","Annual","Units","","","","","","","","","","","","","0.224932789802551","0.223371684551239","0.290563583374023","0.430986911058426","0.43541756272316","0.465971797704697","0.414864659309387","0.433172732591629","0.450475990772247","0.478404104709625","0.519235014915466","0.548659384250641","0.521381080150604","0.550439298152924","0.568596839904785","0.509315490722656","0.533848226070404","0.533952951431274","0.462748229503632","0.336853116750717"
"IMF.STA:FD(6.0.0)","ARE.VFI_PT.SNG.A","OBS_VALUE","United Arab Emirates","Vertical fiscal imbalance, Percent","Subnational government","Annual","Units","","","","","","","","","","","","","","","","","","","","","","","-0.215951010584831","-0.26411184668541","-0.250667214393616","-0.0170220769941807","0.212009698152542","0.0311661045998335","-0.0677526518702507","-0.247766777873039","-0.149957329034805","0.11525634676218"
"IMF.STA:FD(6.0.0)","BLR.VFI_PT.SNG.A","OBS_VALUE","Belarus, Republic of","Vertical fiscal imbalance, Percent","Subnational government","Annual","Units","","","","","","","","","","","","","","","0.143214225769043","0.126233622431755","0.204460263252258","0.280897080898285","0.309053361415863","0.2354806214571","0.290299475193024","0.346516758203506","0.291781783103943","0.280098080635071","0.27486127614975","0.226176083087921","0.180527076125145","0.131316944956779","0.147252678871155","0.16658690571785","0.179397493600845","0.219363883137703"
"IMF.STA:FD(6.0.0)","AUT.VFI_PT.S1311MIXED.A","OBS_VALUE","Austria","Vertical fiscal imbalance, Percent","Central government","Annual","Units","","","","","","","-0.352354168891907","-0.458180010318756","-0.569175839424133","-0.573958396911621","-0.623844146728516","-0.641870379447937","-0.716871559619904","-0.704929113388062","-0.675186693668365","-0.418751418590546","-0.576120376586914","-0.597390472888947","-0.647402226924896","-0.659166932106018","-0.475583881139755","-0.555802822113037","-0.640063107013702","-0.664144814014435","-0.699807226657867","-0.624883949756622","-0.802232921123505","-0.749780058860779","-0.781584560871124","-0.837224185466766","-0.885465323925018","-0.345563024282455"
"IMF.STA:FD(6.0.0)","KIR.VFI_PT.S1311MIXED.A","OBS_VALUE","Kiribati","Vertical fiscal imbalance, Percent","Central government","Annual","Units","","","","","","","","","","","","","","","","","","","","","","0.0056866048835218","0.199431627988815","0.0431892536580563","-0.118305198848248","-0.494071245193481","-0.727858066558838","-0.213542088866234","-0.18325038254261","-0.465321242809296","-0.125954285264015","-0.119009517133236"
"IMF.STA:FD(6.0.0)","ARM.VFI_PT.SNG.A","OBS_VALUE","Armenia, Republic of","Vertical fiscal imbalance, Percent","Subnational government","Annual","Units","","","","","","","","","","","","","","","0.407541632652283","0.460635304450989","0.552007973194122","0.43497097492218","0.571336567401886","0.614448249340057","0.540306329727173","0.695360541343689","0.47765126824379","0.501215040683746","0.481752127408981","0.465203851461411","0.399785459041595","0.392226070165634","0.416760355234146","0.399526476860046","-0.221775785088539","-0.00774573255330324"
"IMF.STA:FD(6.0.0)","ZAF.VFI_PT.SNG.A","OBS_VALUE","South Africa","Vertical fiscal imbalance, Percent","Subnational government","Annual","Units","","","","","","","","0.729768812656403","0.699637949466705","0.669403314590454","0.668460726737976","0.675997018814087","0.698727011680603","0.696524381637573","0.703224182128906","0.714998424053192","0.707655072212219","0.694825768470764","0.681671559810638","0.721750497817993","0.763654053211212","0.716521441936493","0.721055865287781","0.7118119597435","0.667573988437653","0.704330205917358","0.705343127250671","0.696074247360229","0.702206790447235","0.699295043945313","0.701134920120239","0.698784649372101"
"IMF.STA:FD(6.0.0)","NLD.VFI_PT.S1311MIXED.A","OBS_VALUE","Netherlands, The","Vertical fiscal imbalance, Percent","Central government","Annual","Units","","","","","","","-0.637711226940155","-0.747996509075165","-0.741335690021515","-0.715824007987976","-0.786491215229034","-0.880964577198029","-0.853874266147614","-0.89583694934845","-0.89112913608551","-0.999983727931976","-1.18344628810883","-1.14766991138458","-1.13419723510742","-1.05191791057587","-0.808422446250916","-0.854998409748077","-0.833662807941437","-0.847269773483276","-0.845587611198425","-0.942579388618469","-0.996845781803131","-0.980981230735779","-1.1623318195343","-1.15820968151093","-1.22188091278076","-0.913758218288422"
"IMF.STA:FD(6.0.0)","BGR.VFI_PT.SNG.A","OBS_VALUE","Bulgaria","Vertical fiscal imbalance, Percent","Subnational government","Annual","Units","","0.0399766005575657","0.221438452601433","0.416548281908035","0.451505422592163","0.479395776987076","","","","","","","","","","","","","","","","","","","","","","","","","",""
"IMF.STA:FD(6.0.0)","CZE.VFI_PT.S1311MIXED.A","OBS_VALUE","Czech Republic","Vertical fiscal imbalance, Percent","Central government","Annual","Units","","","","","","","0.232454031705856","-0.115098342299461","0.00965403579175472","0.0530529581010342","0.0423338897526264","0.0353288426995277","0.113954104483128","0.129470199346542","0.0707117691636086","-0.0662365183234215","-0.0331761091947556","-0.0337721444666386","-0.0580770410597324","-0.013918774202466","0.0821315720677376","0.0482459254562855","0.0103603135794401","0.0687413811683655","-0.00258698360994458","0.0242792721837759","0.00760619388893247","-0.0569811798632145","-0.0983935222029686","-0.0841713920235634","-0.0662577375769615","0.102040134370327"
"IMF.STA:FD(6.0.0)","BGR.VFI_PT.S1311MIXED.A","OBS_VALUE","Bulgaria","Vertical fiscal imbalance, Percent","Central government","Annual","Units","","0.112098768353462","-0.0824902951717377","0.138979256153107","0.303903102874756","0.137912586331367","","","","","","","","","","","","","","","","","","","","","","","","","",""
"IMF.STA:FD(6.0.0)","KAZ.VFI_PT.S1311MIXED.A","OBS_VALUE","Kazakhstan, Republic of","Vertical fiscal imbalance, Percent","Central government","Annual","Units","","","","","","","","","","","","","","","","","-0.304742842912674","-0.361676692962646","-0.315883755683899","-0.359898298978806","-1.14070963859558","-0.92522531747818","-1.23611807823181","-0.992965936660767","-0.927217662334442","-0.770740628242493","-0.145277753472328","-0.127616226673126","-0.051073182374239","-0.386789441108704","-0.313291490077972","-0.0483757928013802"
"IMF.STA:FD(6.0.0)","GBR.VFI_PT.S1311MIXED.A","OBS_VALUE","United Kingdom","Vertical fiscal imbalance, Percent","Central government","Annual","Units","","-0.208578139543533","-0.186750397086143","-0.110989443957806","-0.0305014736950397","-0.0726457983255386","-0.0361914560198784","-0.0678130015730858","-0.118060670793056","-0.180379375815392","-0.21027173101902","-0.261526584625244","-0.198056772351265","-0.134562313556671","-0.10042105615139","-0.101450242102146","-0.104782268404961","-0.116890124976635","-0.117371313273907","-0.0377679541707039","0.0805168822407722","-0.0986587256193161","0.00775073328986764","0.0371864475309849","-0.0614850595593452","-0.0480720289051533","-0.0776520296931267","-0.112751595675945","-0.113401897251606","-0.0943814069032669","-0.099278137087822","0.163358077406883"
"IMF.STA:FD(6.0.0)","PER.VFI_PT.SNG.A","OBS_VALUE","Peru","Vertical fiscal imbalance, Percent","Subnational government","Annual","Units","","","","","","","0.786934375762939","0.782094538211823","0.782032907009125","0.740046501159668","0.788438022136688","0.791477918624878","0.789655148983002","0.803694009780884","0.82311749458313","0.821493923664093","0.838448405265808","0.859544396400452","0.8595290184021","0.850673317909241","0.845136165618896","0.868684470653534","0.847872197628021","0.868049919605255","0.87643963098526","0.880116760730743","0.863692879676819","0.860845565795898","0.872748911380768","0.883916795253754","0.877265334129334","0.916753172874451"
"IMF.STA:FD(6.0.0)","IRN.VFI_PT.SNG.A","OBS_VALUE","Iran, Islamic Republic of","Vertical fiscal imbalance, Percent","Subnational government","Annual","Units","","","","","","","","","","","0.0496434383094311","-0.148055598139763","0.0183999352157116","0.00836376845836639","-0.135647088289261","-0.243133261799812","-0.21420119702816","-0.144842743873596","0.030584929510951","0.0289472974836826","0.00247416249476373","","","","","","","","","","",""
"IMF.STA:FD(6.0.0)","KIR.VFI_PT.SNG.A","OBS_VALUE","Kiribati","Vertical fiscal imbalance, Percent","Subnational government","Annual","Units","","","","","","","","","","","","","","","","","","","","","","","0.192033678293228","0.268912315368652","0.299022704362869","0.287536710500717","0.354467630386353","0.358646780252457","0.485957026481628","0.396539509296417","0.418989390134811","0.388301968574524"
"IMF.STA:FD(6.0.0)","HUN.VFI_PT.SNG.A","OBS_VALUE","Hungary","Vertical fiscal imbalance, Percent","Subnational government","Annual","Units","","","","","","","0.628223836421967","0.585994839668274","0.55982369184494","0.551750123500824","0.519419848918915","0.509758949279785","0.502383410930634","0.54386579990387","0.542257010936737","0.505723476409912","0.529797196388245","0.536610543727875","0.488045334815979","0.640152752399445","0.645089983940125","0.689600944519043","0.665160477161407","0.58824211359024","0.536247372627258","0.588725566864014","0.568257033824921","0.461498349905014","0.496183812618256","0.496259391307831","0.519229173660278","0.547973930835724"
"IMF.STA:FD(6.0.0)","ESP.VFI_PT.SNG.A","OBS_VALUE","Spain","Vertical fiscal imbalance, Percent","Subnational government","Annual","Units","","","","","","","0.599966406822205","0.602458417415619","0.539766430854797","0.533856689929962","0.538567304611206","0.551447987556458","0.568436861038208","0.526650190353394","0.527391850948334","0.500311017036438","0.491575092077255","0.471984297037125","0.495201289653778","0.557230651378632","0.594369769096375","0.60200697183609","0.565195560455322","0.451562970876694","0.487960606813431","0.484076648950577","0.478656560182571","0.447526216506958","0.433678269386292","0.431534886360168","0.439808577299118","0.488432765007019"
"IMF.STA:FD(6.0.0)","MNG.VFI_PT.S1311MIXED.A","OBS_VALUE","Mongolia","Vertical fiscal imbalance, Percent","Central government","Annual","Units","","","","-0.39684921503067","-0.892809748649597","-0.513195812702179","-0.738109767436981","-0.502938210964203","-0.32703697681427","-0.227834224700928","-0.107628300786018","-0.448862820863724","-0.378716886043549","-0.132190078496933","0.0260426718741655","","","-0.229578271508217","-0.20672906935215","0.0768749117851257","0.18144603073597","-0.0914853662252426","0.1324582695961","0.255965262651443","-0.249305456876755","-0.089099794626236","-0.0195997171103954","0.293264627456665","-0.0791125595569611","-0.481823593378067","-0.226075649261475","0.103664353489876"
"IMF.STA:FD(6.0.0)","BEL.VFI_PT.S1311MIXED.A","OBS_VALUE","Belgium","Vertical fiscal imbalance, Percent","Central government","Annual","Units","","","","","","","-0.727640211582184","-0.786434710025787","-0.886915981769562","-0.973606705665588","-1.0294783115387","-1.13384282588959","-1.17189753055573","-1.19628298282623","-1.13140630722046","-1.52770709991455","-1.05873775482178","-1.60662412643433","-1.47736966609955","-1.45676243305206","-1.22942304611206","-1.36063730716705","-1.29360485076904","-1.28055453300476","-1.5193784236908","-1.53265202045441","-1.58281266689301","-1.73004400730133","-1.96538507938385","-2.1072518825531","-1.96982371807098","-1.58712959289551"
"IMF.STA:FD(6.0.0)","IRL.VFI_PT.S1311MIXED.A","OBS_VALUE","Ireland","Vertical fiscal imbalance, Percent","Central government","Annual","Units","","","-0.1837447732687","-0.199949190020561","-0.212100103497505","-0.27025893330574","","","","","","","","","","","","","","","","","","","","","","","","","",""
"IMF.STA:FD(6.0.0)","NZL.VFI_PT.SNG.A","OBS_VALUE","New Zealand","Vertical fiscal imbalance, Percent","Subnational government","Annual","Units","","","","","","","","","","","","","","0.301723152399063","0.117723122239113","0.144480898976326","0.122433610260487","0.216070979833603","0.11747333407402","","0.284178167581558","0.263227194547653","0.269151598215103","0.254156410694122","0.302971810102463","0.216820269823074","0.212000757455826","0.182474762201309","0.179063901305199","0.163099437952042","0.150507807731628","0.185104936361313"
"IMF.STA:FD(6.0.0)","JPN.VFI_PT.SNG.A","OBS_VALUE","Japan","Vertical fiscal imbalance, Percent","Subnational government","Annual","Units","","","","","","0.494612574577332","0.506000816822052","0.490181058645248","0.470516592264175","0.48959293961525","0.488958895206451","0.451123714447021","0.44120267033577","0.455118060112","0.443186074495316","0.409821391105652","0.380021989345551","0.339770644903183","0.274026185274124","0.277325123548508","0.381697297096252","0.373508036136627","0.38157257437706","0.376599699258804","0.377235978841782","0.373817771673203","0.34234157204628","0.343515068292618","0.336822211742401","0.323717504739761","0.334753572940826","0.467970043420792"
"IMF.STA:FD(6.0.0)","ISR.VFI_PT.SNG.A","OBS_VALUE","Israel","Vertical fiscal imbalance, Percent","Subnational government","Annual","Units","","","","","","","","","","","","0.367423802614212","0.38590133190155","0.399711579084396","0.408278942108154","0.319026678800583","0.294528305530548","0.281248241662979","0.280562102794647","0.289186120033264","0.271885097026825","0.250986933708191","0.264706492424011","0.306304693222046","0.336133033037186","0.31372806429863","0.306924879550934","0.330934554338455","0.363102912902832","0.396429091691971","0.386292070150375","0.445628792047501"
"IMF.STA:FD(6.0.0)","CAN.VFI_PT.S1311MIXED.A","OBS_VALUE","Canada","Vertical fiscal imbalance, Percent","Central government","Annual","Units","","-0.00158595107495785","0.0152370156720281","-0.00786268804222345","0.0168826244771481","-0.0130479214712977","-0.0545131862163544","-0.129253849387169","-0.295872002840042","-0.307509869337082","-0.35555174946785","-0.416380792856216","-0.382093518972397","-0.344008713960648","-0.354283303022385","-0.385769695043564","-0.433788418769836","-0.460109084844589","-0.491490870714188","-0.444996982812881","-0.263189762830734","-0.241953328251839","-0.301054179668427","-0.334030985832214","-0.389828711748123","-0.521171808242798","-0.509219884872437","-0.450216114521027","-0.449361473321915","-0.487609922885895","-0.498871594667435","0.215312272310257"
"IMF.STA:FD(6.0.0)","DEU.VFI_PT.S1311MIXED.A","OBS_VALUE","Germany","Vertical fiscal imbalance, Percent","Central government","Annual","Units","","","-0.424809247255325","-0.518838882446289","-0.488182306289673","-0.508196711540222","0.157596677541733","-0.425298303365707","-0.459439843893051","-0.451972544193268","-0.535152733325958","-0.596419274806976","-0.611634254455566","-0.587604463100433","-0.640825212001801","-0.595277845859528","-0.524786591529846","-0.598312497138977","-0.766460716724396","-0.717062413692474","-0.599576056003571","-0.426830291748047","-0.802288293838501","-0.871971249580383","-0.981643199920654","-1.08472514152527","-1.11627876758575","-1.09707725048065","-1.0063089132309","-1.13452768325806","-1.13063788414001","-0.814666867256165"
"IMF.STA:FD(6.0.0)","BIH.VFI_PT.S1311MIXED.A","OBS_VALUE","Bosnia and Herzegovina","Vertical fiscal imbalance, Percent","Central government","Annual","Units","","","","","","","","","","","","","","","","","-0.164253398776054","-0.199794992804527","-0.13924640417099","-0.0287315752357244","-0.0363873168826103","-0.0149928396567702","-0.0370218306779861","-0.0308044049888849","0.000390669156331569","-0.012969764880836","-0.125756680965424","-0.100758105516434","-0.166147246956825","-0.150813117623329","-0.131964266300201","0.102741025388241"
"IMF.STA:FD(6.0.0)","EST.VFI_PT.SNG.A","OBS_VALUE","Estonia, Republic of","Vertical fiscal imbalance, Percent","Subnational government","Annual","Units","","","","","","","0.881682097911835","0.862804055213928","0.839752435684204","0.864887773990631","0.865983545780182","0.854566812515259","0.86251312494278","0.836983263492584","0.855193853378296","0.856370329856873","0.852971851825714","0.859057128429413","0.868971407413483","0.865831553936005","0.856374561786652","0.83436781167984","0.83512544631958","0.847393333911896","0.852583408355713","0.842264711856842","0.839737117290497","0.839792728424072","0.853109121322632","0.860893368721008","0.867841899394989","0.884714066982269"
"IMF.STA:FD(6.0.0)","CHL.VFI_PT.SNG.A","OBS_VALUE","Chile","Vertical fiscal imbalance, Percent","Subnational government","Annual","Units","","","","","","","","","","","","0.36407482624054","0.341449797153473","0.336561799049377","0.33262225985527","0.346809476613998","0.25399449467659","0.240165635943413","0.23410102725029","0.263260006904602","0.302292853593826","0.417207986116409","0.386767357587814","0.438746958971024","0.456842601299286","0.485184580087662","0.485328525304794","0.493636280298233","0.492369174957275","0.487766683101654","0.493563622236252","0.477104038000107"
"IMF.STA:FD(6.0.0)","AUS.VFI_PT.SNG.A","OBS_VALUE","Australia","Vertical fiscal imbalance, Percent","Subnational government","Annual","Units","","","","","","","","","","","0.314133793115616","0.309872180223465","0.417205154895782","0.43839567899704","0.411244928836823","0.386468708515167","0.394715160131454","0.390685141086578","0.398850291967392","0.41650977730751","0.457200914621353","0.488627344369888","0.461066514253616","0.452462613582611","0.429171472787857","0.412812292575836","0.396868526935577","0.392110854387283","0.402937740087509","0.411266833543777","0.420943856239319","0.468938648700714"
"IMF.STA:FD(6.0.0)","IDN.VFI_PT.SNG.A","OBS_VALUE","Indonesia","Vertical fiscal imbalance, Percent","Subnational government","Annual","Units","","","","","","","","","","","","","","","","","","","","","","","","","","","","0.69924008846283","0.672974228858948","0.696505188941956","0.683259606361389","0.736350238323212"
"IMF.STA:FD(6.0.0)","PRY.VFI_PT.SNG.A","OBS_VALUE","Paraguay","Vertical fiscal imbalance, Percent","Subnational government","Annual","Units","","","","","","","","","","","","","","","","","0.4929059445858","0.458543092012405","0.389492601156235","0.425418853759766","0.502540230751038","0.476456493139267","0.480205446481705","0.628307640552521","0.540267050266266","0.532957792282104","0.527667820453644","0.460107237100601","0.561087489128113","0.539908885955811","0.62571257352829","0.641174614429474"
"IMF.STA:FD(6.0.0)","KGZ.VFI_PT.SNG.A","OBS_VALUE","Kyrgyz Republic","Vertical fiscal imbalance, Percent","Subnational government","Annual","Units","","","","","","","","","","","","","","","","","","0.444234043359756","0.496771812438965","0.474388211965561","0.476235181093216","0.502733290195465","0.603274464607239","0.606426298618317","0.391788363456726","0.0328101478517056","0.0602433830499649","0.155202224850655","0.23525033891201","0.193303182721138","0.119220800697804",""
"IMF.STA:FD(6.0.0)","NLD.VFI_PT.SNG.A","OBS_VALUE","Netherlands, The","Vertical fiscal imbalance, Percent","Subnational government","Annual","Units","","","","","","","0.743699431419373","0.667606830596924","0.656621932983398","0.666082322597504","0.664204061031342","0.669971406459808","0.680523335933685","0.698783338069916","0.706442177295685","0.686631798744202","0.686915397644043","0.697794556617737","0.704658925533295","0.71728527545929","0.735844969749451","0.73726749420166","0.728931486606598","0.72245591878891","0.710740208625793","0.704647362232208","0.718087017536163","0.71540892124176","0.715767502784729","0.723010659217834","0.726880013942719","0.748358905315399"
"IMF.STA:FD(6.0.0)","SRB.VFI_PT.SNG.A","OBS_VALUE","Serbia, Republic of","Vertical fiscal imbalance, Percent","Subnational government","Annual","Units","","","","","","","","","","","","","","","","","","","0.339701294898987","0.354842960834503","0.383288949728012","0.355065375566483","0.333697319030762","0.259885370731354","0.3558649122715","0.340461313724518","0.352255612611771","0.355678915977478","0.394984275102615","0.410133123397827","0.420643240213394","0.444325685501099"
"IMF.STA:FD(6.0.0)","TUR.VFI_PT.SNG.A","OBS_VALUE","Türkiye, Republic of","Vertical fiscal imbalance, Percent","Subnational government","Annual","Units","","","","","","","","","","","","","","","","","","","","0.689396739006042","0.72448194026947","0.551923513412476","0.562224268913269","0.564244091510773","0.602935433387756","0.591758549213409","0.595496118068695","0.649493157863617","0.689399182796478","0.695029735565186","0.659985780715942","0.629572689533234"
"IMF.STA:FD(6.0.0)","LVA.VFI_PT.SNG.A","OBS_VALUE","Latvia, Republic of","Vertical fiscal imbalance, Percent","Subnational government","Annual","Units","","","","","","","0.0183869618922472","-0.0211020316928625","0.327240854501724","0.255498379468918","0.31910052895546","0.301784306764603","0.345086842775345","0.365460008382797","0.319013297557831","0.32142835855484","0.284379363059998","0.303404003381729","0.391467124223709","0.417180895805359","0.471540093421936","0.406653344631195","0.377577364444733","0.346435010433197","0.343022435903549","0.332735985517502","0.281306326389313","0.267105787992477","0.306094825267792","0.360536754131317","0.333300411701202","0.419982254505157"
"IMF.STA:FD(6.0.0)","MKD.VFI_PT.SNG.A","OBS_VALUE","North Macedonia, Republic of","Vertical fiscal imbalance, Percent","Subnational government","Annual","Units","","","","","","","","","","","","","","","","","","0.395574569702148","0.425123512744904","","","","","","0.6309614777565","0.630258798599243","0.605317056179047","0.611589372158051","0.639251589775085","0.598866105079651","0.647667407989502","0.706287324428558"
"IMF.STA:FD(6.0.0)","UGA.VFI_PT.SNG.A","OBS_VALUE","Uganda","Vertical fiscal imbalance, Percent","Subnational government","Annual","Units","","","","","","","","","","","","","0.875915467739105","0.894217967987061","0.893997430801392","0.899046182632446","0.911428868770599","0.904536902904511","0.932866632938385","0.916682422161102","0.945939064025879","0.934683740139008","0.954432904720306","0.957131266593933","0.955130100250244","0.954769670963287","0.954354524612427","0.955155909061432","0.95278263092041","0.9586141705513","0.969699859619141","0.958121478557587"
"IMF.STA:FD(6.0.0)","LTU.VFI_PT.S1311MIXED.A","OBS_VALUE","Lithuania, Republic of","Vertical fiscal imbalance, Percent","Central government","Annual","Units","","","","","","","","","","","","","","","","","","","","","","-0.0412873066961765","0.129842400550842","-0.184610530734062","-0.1468555778265","-0.27807942032814","-0.213637337088585","-0.278518557548523","-0.281188547611237","-0.283477544784546","-0.484190315008163","-0.106218352913857"
"IMF.STA:FD(6.0.0)","ESP.VFI_PT.S1311MIXED.A","OBS_VALUE","Spain","Vertical fiscal imbalance, Percent","Central government","Annual","Units","","","","","","","-0.302089601755142","-0.440717667341232","-0.535123288631439","-0.616878867149353","-0.803553402423859","-0.947037160396576","-1.06289172172546","-0.984224379062653","-1.008216381073","-0.926112413406372","-1.24901950359344","-1.37341439723969","-1.4062557220459","-0.878347396850586","-0.481878966093063","-0.732072353363037","-0.547256886959076","-0.146317735314369","-0.674023449420929","-0.769658207893372","-0.808390498161316","-0.846128344535828","-0.934598863124847","-0.966799318790436","-0.986303687095642","-0.575776696205139"
"IMF.STA:FD(6.0.0)","ARM.VFI_PT.S1311MIXED.A","OBS_VALUE","Armenia, Republic of","Vertical fiscal imbalance, Percent","Central government","Annual","Units","","","","","","","","","","","","","","","","0.0140913538634777","-0.00404364475980401","-0.00830901507288218","0.00374119798652828","","","","","","-0.0102071603760123","-0.00358425406739116","0.150178611278534","0.134711906313896","0.124281190335751","0.0309095773845911","0.0298121869564056","0.192485928535461"
"IMF.STA:FD(6.0.0)","HND.VFI_PT.S1311MIXED.A","OBS_VALUE","Honduras","Vertical fiscal imbalance, Percent","Central government","Annual","Units","","","","","","","","","","","","","","","0.113851599395275","0.00430842256173491","-0.0132463444024324","-0.0342779643833637","0.0443780794739723","0.0146345365792513","0.213847145438194","0.156248986721039","0.109457910060883","0.141516476869583","0.202684864401817","0.108947902917862","0.0556934662163258","","","","",""
"IMF.STA:FD(6.0.0)","MMR.VFI_PT.S1311MIXED.A","OBS_VALUE","Myanmar","Vertical fiscal imbalance, Percent","Central government","Annual","Units","","","","","","","","","","","","","","","","","","","","","","","","-0.155965119600296","0.0306230895221233","-0.0573438368737698","0.102910697460175","0.0600253790616989","0.174592107534409","-0.00699487468227744","0.127074420452118",""
"IMF.STA:FD(6.0.0)","RUS.VFI_PT.S1311MIXED.A","OBS_VALUE","Russian Federation","Vertical fiscal imbalance, Percent","Central government","Annual","Units","","","","","","","","","","","","","","-0.756843566894531","-0.496026247739792","-0.854216933250427","-1.28676307201386","-1.13097274303436","-0.681264102458954","-0.632953822612762","-0.299236506223679","-0.508710503578186","-0.690016150474548","-0.65405136346817","-0.559792339801788","-0.440475583076477","-0.325296640396118","-0.268355399370193","-0.384524494409561","-0.714751124382019","-0.605071067810059","-0.443858951330185"
"IMF.STA:FD(6.0.0)","SWE.VFI_PT.S1311MIXED.A","OBS_VALUE","Sweden","Vertical fiscal imbalance, Percent","Central government","Annual","Units","","","-0.147102236747742","-0.070108950138092","0.201632350683212","0.162946075201035","0.0503215976059437","-0.0497215613722801","-0.125705927610397","-0.224776461720467","-0.284326463937759","-0.367422789335251","-0.370629370212555","-0.290785551071167","-0.289427667856216","-0.341020852327347","-0.441977828741074","-0.501312136650085","-0.638889968395233","-0.623137414455414","-0.542757511138916","-0.616310775279999","-0.614793062210083","-0.579465270042419","-0.595892310142517","-0.627207100391388","-0.729261040687561","-0.814766883850098","-0.878540337085724","-0.866478741168976","-0.872210383415222","-0.622277677059174"
"IMF.STA:FD(6.0.0)","USA.VFI_PT.SNG.A","OBS_VALUE","United States","Vertical fiscal imbalance, Percent","Subnational government","Annual","Units","","","","","","","","","","","","0.0592080466449261","0.271137088537216","0.306797236204147","0.308952569961548","0.287806183099747","0.257987648248672","0.240930274128914","0.255438208580017","0.284325331449509","0.345033496618271","0.338494062423706","0.309667319059372","0.29229199886322","0.278057873249054","0.274756073951721","0.272753983736038","0.283006072044373","0.273615956306458","0.260992437601089","0.24898536503315","0.259944409132004"
"IMF.STA:FD(6.0.0)","BEL.VFI_PT.SNG.A","OBS_VALUE","Belgium","Vertical fiscal imbalance, Percent","Subnational government","Annual","Units","","","","","","","0.63645476102829","0.620096564292908","0.618710339069366","0.611812949180603","0.607432961463928","0.625140011310577","0.611709177494049","0.562119841575623","0.559064507484436","0.560518383979797","0.556050896644592","0.548469305038452","0.53581303358078","0.558125436306","0.569720149040222","0.561706483364105","0.557586669921875","0.56050580739975","0.549840331077576","0.555878818035126","0.567437052726746","0.504964411258698","0.497470915317535","0.517691254615784","0.51616758108139","0.543844521045685"
"IMF.STA:FD(6.0.0)","ISL.VFI_PT.SNG.A","OBS_VALUE","Iceland","Vertical fiscal imbalance, Percent","Subnational government","Annual","Units","","","","","","","","","","0.146901905536652","0.130308017134666","0.114304803311825","0.138233304023743","0.176166519522667","0.148290246725082","0.142743960022926","0.0888253003358841","0.076366551220417","0.061541061848402","0.158922001719475","0.167857840657234","0.169573485851288","0.126849114894867","0.134750247001648","0.134873539209366","0.162967637181282","0.144734174013138","0.106048189103603","0.1695297062397","0.124272830784321","0.120950073003769","0.151340529322624"
"IMF.STA:FD(6.0.0)","DEU.VFI_PT.SNG.A","OBS_VALUE","Germany","Vertical fiscal imbalance, Percent","Subnational government","Annual","Units","","","0.207612365484238","0.197279945015907","0.187237575650215","0.177544310688972","0.169762253761292","0.167483136057854","0.167551472783089","0.138526529073715","0.11840395629406","0.113798700273037","0.171659767627716","0.188045516610146","0.19035305082798","0.167272627353668","0.154469043016434","0.117690913379192","0.0659474208950996","0.0706681907176971","0.147300988435745","0.166967302560806","0.127240613102913","0.109471365809441","0.106958217918873","0.102057255804539","0.0819324776530266","0.0681855827569962","0.0503427684307098","0.0458719506859779","0.0564099363982677","0.175844132900238"
"IMF.STA:FD(6.0.0)","HND.VFI_PT.SNG.A","OBS_VALUE","Honduras","Vertical fiscal imbalance, Percent","Subnational government","Annual","Units","","","","","","","","","","","","","","","0.650937914848328","0.63053560256958","0.69612067937851","0.667998611927032","0.859029591083527","0.683328568935394","0.606473565101624","0.539812445640564","0.615499138832092","0.596051573753357","0.655414879322052","0.551779627799988","0.507469236850739","","","","",""
"IMF.STA:FD(6.0.0)","COL.VFI_PT.SNG.A","OBS_VALUE","Colombia","Vertical fiscal imbalance, Percent","Subnational government","Annual","Units","","","","","","","","","","0.373626857995987","0.47327071428299","0.379301816225052","","","0.49640554189682","0.252927333116531","0.295700341463089","0.351265460252762","0.50894570350647","0.399182826280594","0.469770461320877","0.471555948257446","0.489778250455856","0.404032945632935","0.536245942115784","0.371743083000183","0.400157034397125","0.364249438047409","0.446592152118683","0.458255350589752","0.498497575521469","0.518636643886566"
"IMF.STA:FD(6.0.0)","KEN.VFI_PT.SNG.A","OBS_VALUE","Kenya","Vertical fiscal imbalance, Percent","Subnational government","Annual","Units","","","","","","","","","","","","","","","","","0.628940582275391","0.374204009771347","0.411225855350494","0.405775755643845","0.316419094800949","0.381879478693008","0.603639125823975","0.548705637454987","","0.82359367609024","0.868883371353149","0.884631276130676","0.901856303215027","0.900307893753052","0.897489309310913","0.89993417263031"
"IMF.STA:FD(6.0.0)","AUT.VFI_PT.SNG.A","OBS_VALUE","Austria","Vertical fiscal imbalance, Percent","Subnational government","Annual","Units","","","","","","","0.625694334506989","0.609461426734924","0.668684661388397","0.676963865756989","0.695676743984222","0.707438468933105","0.691452980041504","0.696673512458801","0.683623135089874","0.685672402381897","0.683019161224365","0.692510426044464","0.691056132316589","0.706622838973999","0.712191820144653","0.71020370721817","0.702409446239471","0.697320342063904","0.698079347610474","0.690730452537537","0.692411720752716","0.692746758460999","0.689917743206024","0.672656834125519","0.68039745092392","0.688892126083374"
"IMF.STA:FD(6.0.0)","BRA.VFI_PT.SNG.A","OBS_VALUE","Brazil","Vertical fiscal imbalance, Percent","Subnational government","Annual","Units","","","","","","","","","","","","","","","","","","","","","","0.378083258867264","0.346231371164322","0.364413231611252","0.351054340600967","0.36591362953186","0.363676190376282","0.369194149971008","0.332861006259918","0.340566784143448","0.314055800437927","0.356811881065369"
"IMF.STA:FD(6.0.0)","MMR.VFI_PT.SNG.A","OBS_VALUE","Myanmar","Vertical fiscal imbalance, Percent","Subnational government","Annual","Units","","","","","","","","","","","","","","","","","","","","","","","","0.498339056968689","0.545047700405121","0.62319153547287","0.799547791481018","0.816324830055237","0.842195332050323","0.776616752147675","0.791454911231995",""
"IMF.STA:FD(6.0.0)","TUN.VFI_PT.SNG.A","OBS_VALUE","Tunisia","Vertical fiscal imbalance, Percent","Subnational government","Annual","Units","","","","","","","","","","","","","","","","","","","","-0.19826965034008","0.634494602680206","0.631422162055969","0.750714719295502","0.683639526367188","","","","","","","",""
"IMF.STA:FD(6.0.0)","ISR.VFI_PT.S1311MIXED.A","OBS_VALUE","Israel","Vertical fiscal imbalance, Percent","Central government","Annual","Units","","","","","","","","","","","","0.00129374593961984","0.0764415115118027","0.19684149324894","0.109300695359707","0.0932256877422333","0.0819797217845917","0.0361963249742985","0.0138538246974349","0.118458911776543","0.193432509899139","0.116885021328926","0.10414756834507","0.119261227548122","0.105280764400959","0.0441335886716843","0.00796778779476881","0.0291893910616636","-0.020390547811985","0.062264084815979","0.065134659409523","0.171629354357719"
"IMF.STA:FD(6.0.0)","KAZ.VFI_PT.SNG.A","OBS_VALUE","Kazakhstan, Republic of","Vertical fiscal imbalance, Percent","Subnational government","Annual","Units","","","","","","","","","","","","-0.0929132997989655","-0.151224657893181","0.102377466857433","0.14555312693119","0.292424589395523","0.325336694717407","0.325420707464218","0.387563616037369","0.528505921363831","0.573466181755066","0.566948056221008","0.58020281791687","0.58641916513443","0.567031800746918","0.564398050308228","0.517853081226349","0.547541737556458","0.512388646602631","0.472595423460007","0.548848509788513","0.585046648979187"
"IMF.STA:FD(6.0.0)","UGA.VFI_PT.S1311MIXED.A","OBS_VALUE","Uganda","Vertical fiscal imbalance, Percent","Central government","Annual","Units","","","","","","","","","","","","","","","","","","","","","","","","","","","-0.00592855969443917","-0.00379490875639021","0.0133024668321013","0.0692051947116852","0.0681594461202621","0.163337111473084"
"IMF.STA:FD(6.0.0)","AZE.VFI_PT.SNG.A","OBS_VALUE","Azerbaijan, Republic of","Vertical fiscal imbalance, Percent","Subnational government","Annual","Units","","","","","","","","","","","","","","","","","","","","0.709623157978058","0.741774380207062","0.781971991062164","0.792447030544281","0.847870171070099","0.869350731372833","0.793918907642365","0.785416662693024","0.603440344333649","0.603597640991211","0.545729041099548","0.537737250328064",""
"IMF.STA:FD(6.0.0)","MUS.VFI_PT.S1311MIXED.A","OBS_VALUE","Mauritius","Vertical fiscal imbalance, Percent","Central government","Annual","Units","","","","","","","","","","","","","","0.104343041777611","0.0731944143772125","0.0506013818085194","0.0220590587705374","0.0339428782463074","-0.000959198398049921","-0.135616600513458","-0.130780100822449","-0.0381106063723564","-0.0747672468423843","-0.104367755353451","-0.0211071949452162","0.0775724649429321","0.0721454918384552","0.0379512123763561","0.0997344702482224","0.0780439153313637","0.0925769507884979","0.271704405546188"
"IMF.STA:FD(6.0.0)","HUN.VFI_PT.S1311MIXED.A","OBS_VALUE","Hungary","Vertical fiscal imbalance, Percent","Central government","Annual","Units","","","","","","","0.0784519389271736","-0.0409619845449924","0.0321150273084641","0.0770090445876122","-0.00577131891623139","-0.0747627764940262","-0.0501372739672661","0.064616359770298","-0.0315051227807999","-0.0488263554871082","-0.0358885414898396","0.0145931178703904","-0.054889440536499","-0.209917619824409","-0.180011823773384","-0.236110255122185","-0.0887369439005852","-0.0811208933591843","0.0193418245762587","0.0368982143700123","0.0579974986612797","-0.0163537841290236","0.00855864677578211","0.0359631255269051","0.029848612844944","0.173602908849716"
"IMF.STA:FD(6.0.0)","RUS.VFI_PT.SNG.A","OBS_VALUE","Russian Federation","Vertical fiscal imbalance, Percent","Subnational government","Annual","Units","","","","","","","","","","","","","","","","","0.0923084616661072","0.0819801613688469","0.0573635548353195","0.136569157242775","0.191804692149162","0.135388880968094","0.130879580974579","0.0931483805179596","0.11044230312109","0.0888973250985146","0.0961595103144646","0.185967013239861","0.193872272968292","0.180360928177834","0.195579454302788","0.367021799087524"
"IMF.STA:FD(6.0.0)","KGZ.VFI_PT.S1311MIXED.A","OBS_VALUE","Kyrgyz Republic","Vertical fiscal imbalance, Percent","Central government","Annual","Units","","","","","","","","","","","","","","","","","","","","","","","","","0.0394329056143761","-0.169596701860428","-0.123668059706688","0.0111081125214696","-0.0495105385780334","-0.187529742717743","-0.183016926050186",""
"IMF.STA:FD(6.0.0)","ZAF.VFI_PT.S1311MIXED.A","OBS_VALUE","South Africa","Vertical fiscal imbalance, Percent","Central government","Annual","Units","","","","","","","","","-0.612908482551575","-0.719395101070404","-0.756162762641907","-0.807077825069427","-0.866952240467072","-0.850795805454254","-0.860560059547424","-0.950624465942383","-1.10272514820099","-0.840750932693481","-0.920316815376282","-0.863612294197083","-0.55826073884964","-0.513825356960297","-0.496025711297989","-0.592587947845459","-0.628325283527374","-0.623411953449249","-0.556221544742584","-0.597778975963593","-0.525559604167938","-0.531967282295227","-0.449546247720718","-0.258544236421585"
"IMF.STA:FD(6.0.0)","NZL.VFI_PT.S1311MIXED.A","OBS_VALUE","New Zealand","Vertical fiscal imbalance, Percent","Central government","Annual","Units","","","","","","","","","","","","","","-0.056446984410286","-0.108864411711693","-0.133631080389023","-0.161177039146423","","","","","","","","","","","","","","",""
"IMF.STA:FD(6.0.0)","CAN.VFI_PT.SNG.A","OBS_VALUE","Canada","Vertical fiscal imbalance, Percent","Subnational government","Annual","Units","","0.204034268856049","0.255569130182266","0.280913800001144","0.261411517858505","0.221254482865334","0.204409047961235","0.161333248019218","0.13362255692482","0.140455767512321","0.111904188990593","0.111769065260887","0.172786146402359","0.188163444399834","0.184531345963478","0.159045249223709","0.140557304024696","0.137373343110085","0.151379436254501","0.183204174041748","0.248929798603058","0.263799697160721","0.241777986288071","0.225674778223038","0.207022964954376","0.184381991624832","0.192633882164955","0.188684701919556","0.181648716330528","0.181531816720963","0.17850536108017","0.233341917395592"
"IMF.STA:FD(6.0.0)","IDN.VFI_PT.S1311MIXED.A","OBS_VALUE","Indonesia","Vertical fiscal imbalance, Percent","Central government","Annual","Units","","","","","","","","","","","","","","","","","","","","-0.413022518157959","-0.347266644239426","-0.423616498708725","-0.365978002548218","-0.320936053991318","-0.263677388429642","-0.288469970226288","-0.268991351127625","-0.349499464035034","-0.320897251367569","-0.332978159189224","-0.314417004585266","0.0740504860877991"
"IMF.STA:FD(6.0.0)","TUR.VFI_PT.S1311MIXED.A","OBS_VALUE","Türkiye, Republic of","Vertical fiscal imbalance, Percent","Central government","Annual","Units","","","","","","","","","","","","","","","","","","","","-0.0455117002129555","0.0176766123622656","-0.0852095484733582","-0.212150141596794","-0.210174962878227","-0.229902029037476","-0.209506198763847","-0.222372248768806","-0.134791374206543","-0.0962153822183609","-0.0817356705665588","-0.0865418836474419","-0.0517570450901985"
"IMF.STA:FD(6.0.0)","GBR.VFI_PT.SNG.A","OBS_VALUE","United Kingdom","Vertical fiscal imbalance, Percent","Subnational government","Annual","Units","","","","","","","0.752396941184998","0.738346219062805","0.732374250888824","0.716814696788788","0.715174615383148","0.720512926578522","0.71432101726532","0.718164920806885","0.721813499927521","0.728414535522461","0.728758275508881","0.716545224189758","0.717028439044952","0.724215030670166","0.733988761901855","0.676234543323517","0.730307996273041","0.720550775527954","0.706974983215332","0.698218047618866","0.694555342197418","0.685081839561462","0.673891663551331","0.665643393993378","0.658218622207642","0.673622965812683"
"IMF.STA:FD(6.0.0)","LVA.VFI_PT.S1311MIXED.A","OBS_VALUE","Latvia, Republic of","Vertical fiscal imbalance, Percent","Central government","Annual","Units","","","","","","","0.141143694519997","0.0509537234902382","-0.230693504214287","-0.156689077615738","-0.0473491810262203","-0.0398784652352333","-0.105719119310379","-0.0718280524015427","-0.0568732842803001","-0.0491016283631325","-0.0422173775732517","-0.0302884187549353","-0.0690530464053154","0.0363555587828159","0.0963154807686806","0.139553338289261","0.0460424683988094","-0.0723796188831329","-0.127963542938232","-0.0934502184391022","-0.0622174814343452","-0.211628183722496","-0.129543960094452","-0.106209278106689","-0.0998080968856812","0.0148955984041095"
"IMF.STA:FD(6.0.0)","GEO.VFI_PT.S1311MIXED.A","OBS_VALUE","Georgia","Vertical fiscal imbalance, Percent","Central government","Annual","Units","","","","","","","0.359240859746933","0.309226930141449","0.169558241963387","-0.0473047308623791","0.0220455899834633","-0.452872157096863","-0.456914365291595","-0.546198546886444","-0.507844626903534","-0.519182026386261","-0.418977081775665","-0.249333828687668","-0.168628841638565","0.00810676254332066","0.156836479902267","0.0395000465214252","-0.141965359449387","-0.164899125695229","-0.110241524875164","-0.0300552379339933","-0.0852964296936989","-0.0549523495137692","-0.0784558281302452","-0.0452175661921501","-0.0461132973432541","0.174835965037346"
"IMF.STA:FD(6.0.0)","BRA.VFI_PT.S1311MIXED.A","OBS_VALUE","Brazil","Vertical fiscal imbalance, Percent","Central government","Annual","Units","","","","","","","","","","","","","","","","","","","","","","-0.16722808778286","-0.161343157291412","-0.212278053164482","-0.146033212542534","-0.0493957549333572","0.0503630265593529","0.00641447165980935","0.0681567341089249","0.0111497947946191","-0.0406559631228447","0.157510131597519"
"IMF.STA:FD(6.0.0)","AZE.VFI_PT.S1311MIXED.A","OBS_VALUE","Azerbaijan, Republic of","Vertical fiscal imbalance, Percent","Central government","Annual","Units","","","","","","","","","","","","","","","","","","","","-0.821457922458649","-0.368834793567657","-0.651558935642242","-0.536991894245148","-0.274791121482849","-0.232134625315666","-0.234872743487358","0.00331546855159104","-0.191924333572388","-0.15409728884697","-0.470957219600677","-0.252240657806396",""
"IMF.STA:FD(6.0.0)","MDA.VFI_PT.S1311MIXED.A","OBS_VALUE","Moldova, Republic of","Vertical fiscal imbalance, Percent","Central government","Annual","Units","","","","","","","","","","","","","","","-0.424087792634964","-0.382242470979691","-0.55786794424057","-0.472498029470444","-0.350160896778107","-0.388889908790588","-0.248554289340973","-0.549611330032349","-0.530166685581207","-0.441018611192703","-0.389522820711136","-0.442551404237747","-0.600132703781128","-0.670167326927185","-0.894006669521332","-0.903227508068085","-0.922592282295227","-0.666770875453949"
"IMF.STA:FD(6.0.0)","SLV.VFI_PT.S1311MIXED.A","OBS_VALUE","El Salvador","Vertical fiscal imbalance, Percent","Central government","Annual","Units","","","","","","","","","","","","","","0.183037221431732","0.0442168489098549","0.085604302585125","0.0501964911818504","0.0111925899982452","-0.118972763419151","-0.0733164846897125","0.227481409907341","0.101829573512077","0.0857718586921692","-0.0166881699115038","0.0823184475302696","-0.0794920399785042","-0.121118441224098","-0.0703586786985397","-0.0399631559848785","-0.0171642228960991","-0.0359600223600864","0.13328817486763"
"IMF.STA:FD(6.0.0)","PRT.VFI_PT.S1311MIXED.A","OBS_VALUE","Portugal","Vertical fiscal imbalance, Percent","Central government","Annual","Units","","","","","","","","","","","","","","","","","","","","","","0.153216302394867","0.0629859566688538","0.0157577078789473","-0.0561590828001499","0.0547719299793243","-0.0123027777299285","-0.0924926176667213","-0.0475431829690933","-0.145387560129166","",""
"IMF.STA:FD(6.0.0)","UKR.VFI_PT.S1311MIXED.A","OBS_VALUE","Ukraine","Vertical fiscal imbalance, Percent","Central government","Annual","Units","","","","","","","","","","","","-0.0609528496861458","-0.0584674142301083","-0.2871333360672","-0.261776387691498","-0.217789173126221","-0.572987973690033","-0.573444485664368","-0.571942210197449","-0.60095089673996","-0.534672856330872","-0.449929386377335","-0.735221922397614","-0.676877379417419","-0.649001240730286","-0.565857887268066","-0.841882228851318","-0.783752977848053","-0.841853559017181","-0.743758201599121","-0.607648193836212","-0.1743074208498"
"IMF.STA:FD(6.0.0)","UZB.VFI_PT.S1311MIXED.A","OBS_VALUE","Uzbekistan, Republic of","Vertical fiscal imbalance, Percent","Central government","Annual","Units","","","","","","","","","","","","","","","","","","","","","","","","","","","","-0.684864342212677","-0.292542666196823","-0.510463237762451","-0.356263071298599","-0.26462921500206"
"IMF.STA:FD(6.0.0)","BLR.VFI_PT.S1311MIXED.A","OBS_VALUE","Belarus, Republic of","Vertical fiscal imbalance, Percent","Central government","Annual","Units","","","","0.0607734806835651","0.0585253462195396","-0.0535319671034813","-0.210273295640945","-0.25024339556694","-0.219890862703323","-0.17511822283268","-0.0485963113605976","-0.197852224111557","-0.194198250770569","-0.354015648365021","-0.15486866235733","-0.158014014363289","-0.173032507300377","-0.293840736150742","-0.283357083797455","-0.294673800468445","-0.177523598074913","-0.225837290287018","-0.56518280506134","-0.391722023487091","-0.381480783224106","-0.371275305747986","-0.460673928260803","-0.354762464761734","-0.284093797206879","-0.351759642362595","-0.328569054603577","-0.130849435925484"
"IMF.STA:FD(6.0.0)","CHE.VFI_PT.S1311MIXED.A","OBS_VALUE","Switzerland","Vertical fiscal imbalance, Percent","Central government","Annual","Units","","-0.645726323127747","-0.506607890129089","-0.480619668960571","-0.394287079572678","-0.502536237239838","-0.541465401649475","-0.597590804100037","-0.721637845039368","-0.784860670566559","-0.514183223247528","-0.700607061386108","-0.884967863559723","-0.480173975229263","-1.00058913230896","-1.01891314983368","-1.16137266159058","-1.30864310264587","-1.3797013759613","-1.29688799381256","-1.21615433692932","-1.25747108459473","-1.19920420646667","-1.25957441329956","-1.27397811412811","-1.2454149723053","-1.30175113677979","-1.17164325714111","-1.37267458438873","-1.342817902565","-1.35178637504578","-0.927011132240295"
"IMF.STA:FD(6.0.0)","MKD.VFI_PT.S1311MIXED.A","OBS_VALUE","North Macedonia, Republic of","Vertical fiscal imbalance, Percent","Central government","Annual","Units","","","","","","","","","","","","","","","","","-0.350701928138733","-0.259857296943665","-0.313576936721802","","","","","","-0.271463483572006","-0.251609206199646","-0.245724365115166","-0.362433642148972","-0.321889460086823","-0.529469609260559","-0.384253293275833","-0.0622549988329411"
"IMF.STA:FD(6.0.0)","EST.VFI_PT.S1311MIXED.A","OBS_VALUE","Estonia, Republic of","Vertical fiscal imbalance, Percent","Central government","Annual","Units","","","","","","","-0.178468480706215","-0.159995973110199","-0.260048925876617","-0.157738745212555","-0.0647401884198189","-0.145891457796097","-0.253205716609955","-0.233112871646881","-0.288285136222839","-0.362482160329819","-0.312722265720367","-0.371259570121765","-0.372910231351852","-0.154214531183243","-0.12513130903244","-0.158459484577179","-0.174434289336205","-0.123797416687012","-0.187506854534149","-0.199053585529327","-0.16806848347187","-0.175434499979019","-0.182460010051727","-0.206366032361984","-0.282592356204987","-0.119657762348652"
"IMF.STA:FD(6.0.0)","ISL.VFI_PT.S1311MIXED.A","OBS_VALUE","Iceland","Vertical fiscal imbalance, Percent","Central government","Annual","Units","","-0.163988143205643","-0.0751427039504051","-0.112439692020416","-0.0995936691761017","-0.106531076133251","-0.138092517852783","-0.194404527544975","-0.256933748722076","-0.364533513784409","-0.422962307929993","-0.43658784031868","-0.316589683294296","-0.295475661754608","-0.296057760715485","-0.433864146471024","-0.53125536441803","-0.56895238161087","-0.51845794916153","0.0754221826791763","-0.0675995424389839","-0.12747597694397","-0.115912906825542","-0.264998108148575","-0.325654327869415","-0.413521438837051","-0.376000702381134","-0.798639357089996","-0.515797197818756","-0.494421303272247","-0.435006737709045","-0.234588757157326"
"IMF.STA:FD(6.0.0)","THA.VFI_PT.S1311MIXED.A","OBS_VALUE","Thailand","Vertical fiscal imbalance, Percent","Central government","Annual","Units","","","","","","","","","","","","","","0.266493380069733","-0.152600511908531","-0.129247888922691","-0.256523728370667","-0.232168048620224","-0.151104420423508","-0.169905230402946","0.0595327168703079","-0.00781220057979226","-0.0716570392251015","-0.0437423177063465","-0.133080452680588","-0.0592961050570011","-0.105673745274544","-0.123248375952244","-0.0495055578649044","-0.0672575905919075","-0.0981709882616997","0.117456384003162"
"IMF.STA:FD(6.0.0)","KEN.VFI_PT.S1311MIXED.A","OBS_VALUE","Kenya","Vertical fiscal imbalance, Percent","Central government","Annual","Units","","","","","","","","","","","","","","","","","","","","","","","","","","0.0204709973186255","0.145296409726143","0.0642440021038055","0.12546518445015","0.21830315887928","0.0147423148155212","-0.200162336230278"
"IMF.STA:FD(6.0.0)","CHL.VFI_PT.S1311MIXED.A","OBS_VALUE","Chile","Vertical fiscal imbalance, Percent","Central government","Annual","Units","","","","","","","","","","","","","","","","","-0.295162886381149","-0.487763285636902","-0.533168435096741","-0.267554342746735","0.151004493236542","-0.0407668985426426","-0.124711379408836","-0.0979948937892914","-0.0463410094380379","-0.00964195467531681","0.0167483743280172","0.0382479690015316","0.0274589378386736","-0.0153931165114045","0.031689528375864","0.206960573792458"
"IMF.STA:FD(6.0.0)","SOM.VFI_PT.SNG.A","OBS_VALUE","Somalia","Vertical fiscal imbalance, Percent","Subnational government","Annual","Units","","","","","","","","","","","","","","","","","","","","","","","","","","","","","0.286728322505951","0.34947544336319","0.431866347789764","0.450676411390305"
"IMF.STA:FD(6.0.0)","PLW.VFI_PT.SNG.A","OBS_VALUE","Palau, Republic of","Vertical fiscal imbalance, Percent","Subnational government","Annual","Units","","","","","","","","","","","","","","","","","","","","1","0.446790605783463","0.4436154961586","0.393341869115829","0.113646306097507","0.0874781012535095","0.00671305600553751","0.0849955007433891","0.341598033905029","0.526729822158813","0.503441035747528","0.484198033809662",""
"IMF.STA:FD(6.0.0)","HRV.VFI_PT.SNG.A","OBS_VALUE","Croatia, Republic of","Vertical fiscal imbalance, Percent","Subnational government","Annual","Units","","","","","","","","","","","","","","","","","","","","","","","","","","","","","","","0.488944053649902","0.536981403827667"
"IMF.STA:FD(6.0.0)","SEN.VFI_PT.SNG.A","OBS_VALUE","Senegal","Vertical fiscal imbalance, Percent","Subnational government","Annual","Units","","","","","","","","","","","","","","","","","","","","","","","","","","","0.629896581172943","0.311373054981232","0.382211744785309","0.830163240432739","0.746800482273102","0.866127073764801"
"IMF.STA:FD(6.0.0)","NPL.VFI_PT.S1311MIXED.A","OBS_VALUE","Nepal","Vertical fiscal imbalance, Percent","Central government","Annual","Units","","","","","","","","","","","","","","","","","","","","","","","","","","","","","","","-0.679196834564209","-0.209885314106941"
"IMF.STA:FD(6.0.0)","CPV.VFI_PT.SNG.A","OBS_VALUE","Cabo Verde","Vertical fiscal imbalance, Percent","Subnational government","Annual","Units","","","","","","","","","","","","","","","","","","","","0.536960244178772","0.667191326618195","0.748645067214966","0.658588707447052","0.668906629085541","0.577910900115967","0.592991292476654","0.629060208797455","0.460234016180038","","0.333234250545502","0.35955685377121",""
"IMF.STA:FD(6.0.0)","GTM.VFI_PT.SNG.A","OBS_VALUE","Guatemala","Vertical fiscal imbalance, Percent","Subnational government","Annual","Units","","","","","","","","","","","","","","","","","","","","","","","","","","0.700248301029205","0.661112725734711","0.6599240899086","0.700248301029205","0.663910269737244","0.702767610549927","0.668802201747894"
"IMF.STA:FD(6.0.0)","MHL.VFI_PT.S1311MIXED.A","OBS_VALUE","Marshall Islands, Republic of the","Vertical fiscal imbalance, Percent","Central government","Annual","Units","","","","","","","","","","","","","","","","","","","","0.670084774494171","0.674826800823212","0.653134167194366","0.631263494491577","0.627530992031097","0.595541715621948","0.51987212896347","0.511579930782318","0.433558076620102","0.379255950450897","0.455758064985275","",""
"IMF.STA:FD(6.0.0)","MHL.VFI_PT.SNG.A","OBS_VALUE","Marshall Islands, Republic of the","Vertical fiscal imbalance, Percent","Subnational government","Annual","Units","","","","","","","","","","","","","","","","","","","","1","1","1","1","1","1","1","1","1","1","1","",""
"IMF.STA:FD(6.0.0)","SEN.VFI_PT.S1311MIXED.A","OBS_VALUE","Senegal","Vertical fiscal imbalance, Percent","Central government","Annual","Units","","","","","","","","","","","","","","","","","","","","","","","","","","","0.179651662707329","0.0848627090454102","0.236533135175705","0.299260079860687","0.252774357795715","0.280211091041565"
"IMF.STA:FD(6.0.0)","KHM.VFI_PT.S1311MIXED.A","OBS_VALUE","Cambodia","Vertical fiscal imbalance, Percent","Central government","Annual","Units","","","","","","","","","","","","","","","","","","","","","","","","","","","","","","","-0.0939588248729706",""
"IMF.STA:FD(6.0.0)","RWA.VFI_PT.S1311MIXED.A","OBS_VALUE","Rwanda","Vertical fiscal imbalance, Percent","Central government","Annual","Units","","","","","","","","","","","","","","","","","","","","","","","","","","0.328420162200928","0.285937905311584","0.219592928886414","0.225089192390442","0.202848374843597","0.24187870323658","0.325798004865646"
"IMF.STA:FD(6.0.0)","HRV.VFI_PT.S1311MIXED.A","OBS_VALUE","Croatia, Republic of","Vertical fiscal imbalance, Percent","Central government","Annual","Units","","","","","","","","","","","","","","","","","","","","","","","","","","","","","","","-0.404703468084335","-0.169929832220078"
"IMF.STA:FD(6.0.0)","SOM.VFI_PT.S1311MIXED.A","OBS_VALUE","Somalia","Vertical fiscal imbalance, Percent","Central government","Annual","Units","","","","","","","","","","","","","","","","","","","","","","","","","","","","","0.369814395904541","0.230277314782143","0.150568455457687","0.472271710634232"
"IMF.STA:FD(6.0.0)","SWE.VFI_PT.SNG.A","OBS_VALUE","Sweden","Vertical fiscal imbalance, Percent","Subnational government","Annual","Units","","","","","","","0.220218390226364","0.180964916944504","0.190785929560661","0.21643628180027","0.221352443099022","0.202155753970146","0.207131117582321","0.216964557766914","0.203128695487976","0.184242695569992","0.189484819769859","0.203309208154678","0.242579162120819","0.259303659200668","0.292512059211731","0.310180962085724","0.323230087757111","0.30748239159584","0.307134568691254","0.331375181674957","0.333996623754501","0.340257227420807","0.339312940835953","0.3500956594944","0.362017780542374","0.359055191278458"
"IMF.STA:FD(6.0.0)","NAM.VFI_PT.SNG.A","OBS_VALUE","Namibia","Vertical fiscal imbalance, Percent","Subnational government","Annual","Units","","","","","","","","","","","","","","","","","","","","","","","","","","","","0.371017217636108","0.223774433135986","0.820587038993835","",""
"IMF.STA:FD(6.0.0)","KOR.VFI_PT.S1311MIXED.A","OBS_VALUE","Korea, Republic of","Vertical fiscal imbalance, Percent","Central government","Annual","Units","","","","","","","","","","","","","","","","","","","","","","","","-0.437024801969528","-0.516151189804077","-0.47476589679718","-0.445025831460953","-0.532323062419891","-0.561725676059723","-0.602007687091827","-0.502842366695404","-0.388487458229065"
"IMF.STA:FD(6.0.0)","MEX.VFI_PT.SNG.A","OBS_VALUE","Mexico","Vertical fiscal imbalance, Percent","Subnational government","Annual","Units","","","","","","","","","","","","","","","","","","","","0.80967652797699","0.822723805904388","0.815474092960358","0.812911033630371","0.795425474643707","0.803073763847351","0.801380336284637","0.800297737121582","0.798186421394348","0.791999459266663","0.797095835208893","0.797499537467957","0.815927982330322"
"IMF.STA:FD(6.0.0)","PLW.VFI_PT.S1311MIXED.A","OBS_VALUE","Palau, Republic of","Vertical fiscal imbalance, Percent","Central government","Annual","Units","","","","","","","","","","","","","","","","","","","","0.540419697761536","0.525807321071625","0.569078326225281","0.469234317541122","0.465113073587418","0.414238899946213","0.362882435321808","0.246026918292046","0.302856415510178","0.182497218251228","0.259970039129257","0.375063985586166",""
"IMF.STA:FD(6.0.0)","KHM.VFI_PT.SNG.A","OBS_VALUE","Cambodia","Vertical fiscal imbalance, Percent","Subnational government","Annual","Units","","","","","","","","","","","","","","","","","","","","","","","","0.125239282846451","-0.0937795415520668","0.253711074590683","0.366612493991852","0.410654485225677","0.30142617225647","0.230785354971886","0.295689105987549","0.224449500441551"
"IMF.STA:FD(6.0.0)","RWA.VFI_PT.SNG.A","OBS_VALUE","Rwanda","Vertical fiscal imbalance, Percent","Subnational government","Annual","Units","","","","","","","","","","","","","","","","","","","","","","","","","","0.89028936624527","0.843633234500885","0.851724088191986","0.832201600074768","0.827682733535767","0.854700565338135","0.85543155670166"
"IMF.STA:FD(6.0.0)","MEX.VFI_PT.S1311MIXED.A","OBS_VALUE","Mexico","Vertical fiscal imbalance, Percent","Central government","Annual","Units","","","","","","","","","","","","","","","","","","","","-0.6161008477211","-0.450491845607758","-0.557721376419067","-0.586325407028198","-0.525854825973511","-0.702114522457123","-0.640880346298218","-0.799970507621765","-0.985792458057404","-1.03205347061157","-0.900050640106201","-0.977737843990326","-0.70998626947403"
"IMF.STA:FD(6.0.0)","NPL.VFI_PT.SNG.A","OBS_VALUE","Nepal","Vertical fiscal imbalance, Percent","Subnational government","Annual","Units","","","","","","","","","","","","","","","","","","","","","","","","","","","","","","","0.847312748432159","0.539827227592468"
"IMF.STA:FD(6.0.0)","GTM.VFI_PT.S1311MIXED.A","OBS_VALUE","Guatemala","Vertical fiscal imbalance, Percent","Central government","Annual","Units","","","","","","","","","","","","","","","","","","","","","","","","","","0.0151586886495352","-0.00495061883702874","-0.073627844452858","0.0151586886495352","0.00936770718544722","0.0426547490060329","0.179549470543861"
"IMF.STA:FD(6.0.0)","NAM.VFI_PT.S1311MIXED.A","OBS_VALUE","Namibia","Vertical fiscal imbalance, Percent","Central government","Annual","Units","","","","","","","","","","","","","","","","","","","","","","","","","","","","0.0850705802440643","-0.0270032454282045","-0.0562567710876465","",""
