"country_name","country_code","1950","1951","1952","1953","1954","1955","1956","1957","1958","1959","1960","1961","1962","1963","1964","1965","1966","1967","1968","1969","1970","1971","1972","1973","1974","1975","1976","1977","1978","1979","1980","1981","1982","1983","1984","1985","1986","1987","1988","1989","1990","1991","1992","1993","1994","1995","1996","1997","1998","1999","2000","2001","2002","2003","2004","2005","2006","2007","2008","2009","2010","2011","2012","2013","2014","2015","2016","2017","2018","2019","2020","2021","2022","2023","2024"
"afghanistan, islamic republic of","afg",NA,NA,NA,NA,NA,NA,NA,NA,NA,NA,NA,NA,NA,NA,NA,NA,NA,NA,NA,NA,77.91,81.57,74.15,76.62,92.77,104.39,113.11,128.92,145.03,158.78,160.93,169.59,173.59,172.45,170.48,168.52,168.04,150.98,137.32,161.49,180.11,172.17,174.3,143.93,NA,NA,NA,NA,NA,NA,NA,NA,178.76,220.01,246.21,304.93,345.82,427.5,517.51,607.23,711.76,836.22,1033.59,1116.83,1183.04,1226.57,1222.92,1285.46,1327.69,1469.6,1547.29,1251.17,1283.44,1350.91,NA
"albania","alb",8.64,8.87,9.11,9.36,9.61,9.87,10.14,10.41,10.69,10.98,11.28,11.58,11.9,12.22,12.55,12.89,13.23,13.59,13.96,14.34,14.72,15.12,15.53,15.95,16.38,16.82,17.27,17.74,18.22,18.71,18.71,19.35,19.93,20.14,19.88,20.3,20.94,20.77,20.48,22.49,20.24,19.75,64.09,150.92,226.23,270.61,338.34,335.27,389.43,448.87,507.16,570.15,617.76,685.8,746.43,813.73,883.12,977.02,1093.54,1157.55,1254.4,1316.1,1348.67,1366.12,1411.91,1451.38,1490,1569.1,1656.21,1712.04,1655.98,1866.67,2149.74,2369.91,2530.04
"algeria","dza",NA,NA,NA,NA,NA,NA,NA,NA,NA,NA,17.74,15.75,12.75,20.44,22.03,24.3,23.74,26.65,30.74,34.53,39.51,39.76,45.44,51.93,55.05,66.15,78.53,94.68,113.82,139.15,176.36,207.83,225.31,253.63,286.41,316.47,321.9,339.37,377.35,458.04,601.68,935.66,1166.35,1291.19,1614.25,2175.98,2789.18,3017.31,3071.89,3525.22,4475.17,4587.61,4901.72,5687.16,6623.36,7843.98,8941.66,9872.97,11649.69,10920.16,13224.72,15924.67,17611.81,18231.04,19253.77,18879.03,19783.35,21071.66,22683.85,23090.1,20902.12,25153.2,32039.5,33638.26,35536.5
"angola","ago",NA,NA,NA,NA,NA,NA,NA,NA,NA,NA,NA,NA,NA,NA,NA,NA,NA,NA,NA,0,0,0,0,0,0,0,0,0,0,0,0,0,0,0,0,0,0,0,0,0,0,0,0,0,0,0.02,1.34,2.82,4.11,27.61,126.98,273.04,753.57,1517.65,2255.45,3608.1,4713.88,5602.45,7412.58,6481.52,8781.31,11793.66,13706.61,14840.76,16165.67,15807.32,18781.82,23200.8,28873.39,34538.51,38466.15,53277.98,65604.31,75190.51,100854.82
"antigua and barbuda","atg",NA,NA,NA,NA,NA,NA,NA,NA,NA,NA,NA,NA,NA,0,0.01,0.01,0.01,0.01,0.01,0.02,0.02,0.02,0.03,0.04,0.06,0.1,0.18,0.21,0.24,0.3,0.36,0.4,0.45,0.5,0.57,0.67,0.8,0.94,1.11,1.23,1.29,1.36,1.42,1.53,1.69,1.66,1.83,1.98,2.13,2.26,2.43,2.37,2.42,2.56,2.77,3.09,3.52,4.02,4.21,3.74,3.51,3.48,3.68,3.58,3.72,3.88,4.02,4.14,4.49,4.66,3.81,4.33,5.04,5.42,6.01
"argentina","arg",0,0,0,0,0,0,0,0,0,0,0,0,0,0,0,0,0,0,0,0,0,0,0,0,0,0,0,0,0,0,0,0,0,0,0,0.01,0.01,0.03,0.12,3.63,77.06,202.26,253.4,264.43,287.84,288.5,304.28,327.44,334.24,317,317.76,300.42,349.49,420.29,485.12,582.54,715.9,896.98,1149.65,1247.93,1661.72,2179.02,2637.91,3348.31,4579.09,5954.51,8228.16,10660.23,14744.81,21558.44,27209.81,46219.08,82652.82,191405,579245.8
"armenia, republic of","arm",NA,NA,NA,NA,NA,NA,NA,NA,NA,NA,NA,NA,NA,NA,NA,NA,NA,NA,NA,NA,NA,NA,NA,NA,NA,NA,NA,NA,NA,NA,NA,NA,NA,NA,NA,NA,NA,NA,NA,NA,0.05,0.08,0.29,3.9,187.06,522.26,661.21,804.34,955.38,987.44,1031.34,1175.88,1362.47,1624.64,1907.95,2242.88,2656.19,3149.28,3568.23,3141.65,3460.2,3777.95,4266.46,4555.64,4828.63,5043.63,5067.29,5564.49,6017.04,6543.32,6181.9,6991.78,8501.45,9453.18,10125.25
"australia","aus",8.41,9.21,9.65,10.53,11.47,12.44,13.35,13.56,14.68,16.24,17.18,17.28,18.59,20.4,22.4,24.24,25.85,28.24,31.03,34.69,38.48,42.49,46.36,54.9,65.52,76.44,90.14,100.33,111.05,126.55,142.98,163.93,183.85,198.89,224.13,248.84,270.51,304.06,345.74,389.24,414.94,416.44,432.5,454.58,482.97,511.43,542.4,573.07,606.13,638.38,687.43,730.49,782.37,830.19,894.33,964.21,1039.95,1133.01,1235.36,1264.78,1364.46,1468.21,1515.87,1569.45,1613.99,1639.52,1697.37,1801.2,1894.25,1993.43,1973.59,2202.57,2482.84,2620.92,2722.07
"austria","aut",3.97,5.28,6.12,6.29,7.06,8.09,9,9.96,10.35,11.01,12.29,13.63,14.49,15.62,17.1,18.59,20.26,21.54,23.14,25.27,28.37,31.97,36.53,41.37,47.08,49.97,55.19,61.05,64.46,70.34,75.56,80.44,86.35,92.02,96.6,101.81,107.01,111.11,118.97,127.26,136.77,146.63,154.91,160.02,168,175.61,181.54,187.78,195.27,203.07,212.41,219.37,225.09,230.54,240.54,252.36,265.93,282.21,291.85,286.27,294.05,308.17,316.59,321.19,330.11,342.08,355.67,367.29,383.23,395.71,380.32,406.23,448.19,473.85,481.74
"azerbaijan, republic of","aze",NA,NA,NA,NA,NA,NA,NA,NA,NA,NA,NA,NA,NA,NA,NA,NA,NA,NA,NA,NA,NA,NA,NA,NA,NA,NA,NA,NA,NA,NA,NA,NA,NA,NA,NA,NA,NA,NA,NA,NA,0,0,0,0.03,0.71,2.13,2.73,3.44,3.31,3.78,4.72,5.32,6.06,7.15,8.53,12.52,18.75,28.36,40.14,35.6,42.47,52.08,54.74,58.18,59.01,54.38,60.43,70.34,80.09,81.9,72.58,93.2,133.97,123.13,126.34
"bahamas, the","bhs",NA,NA,NA,NA,NA,NA,NA,NA,NA,NA,0.18,0.2,0.23,0.28,0.36,0.45,0.57,0.64,0.7,0.81,0.91,0.94,1.01,1.15,1.4,1.31,1.44,1.53,1.78,2.17,2.6,2.69,3.03,3.37,3.6,3.92,4.24,4.67,4.85,5.47,5.22,5.13,5.13,5.1,5.37,5.65,5.95,6.33,6.83,7.68,8.08,8.32,8.88,8.87,9.06,9.84,10.17,10.62,10.53,9.98,10.1,10.07,10.72,10.4,10.97,11.67,11.75,12.24,12.62,13.02,9.96,11.37,13.14,14.34,14.76
"bahrain, kingdom of","bhr",NA,NA,NA,NA,NA,NA,NA,NA,NA,NA,NA,NA,0.13,0.14,0.15,0.16,0.16,0.17,0.18,0.19,0.19,0.21,0.24,0.32,0.43,0.46,0.69,0.94,1.1,1.24,1.41,1.59,1.67,1.71,1.78,1.68,1.31,1.42,1.76,1.83,1.95,2.04,2.13,2.35,2.51,2.66,2.77,2.87,2.74,2.97,3.55,3.6,3.76,4.34,5.15,6.26,7.25,8.52,10.08,8.99,10.08,11.25,12.02,12.72,13.07,12.23,12.74,13.99,14.88,15.21,13.47,15.36,17.47,17.37,17.65
"bangladesh","bgd",NA,NA,NA,NA,NA,NA,NA,NA,NA,30.01,33.93,34.01,38.61,37.71,40.83,43.12,48.44,48.4,49.76,53.26,67,65.21,58.56,97.67,148.41,243.66,216.13,227.27,284.46,340.98,384.09,440.67,494.84,558.55,670.01,768.71,865.49,995.48,1094.27,1218.3,1372.45,1511.84,1635.29,1715,1852.38,2086.38,2275.24,2467.74,2718.42,2952.96,3216.44,3489.97,3764.81,4172.57,4591.53,5115.98,5777.98,6586.13,7531.07,8446.15,9553.83,10970.84,12640.43,14362.06,16096.05,18158,20758.21,23243.07,26392.48,29514.29,31704.69,35301.85,39717.16,44908.42,50026.54
"barbados","brb",NA,NA,NA,NA,NA,NA,NA,NA,NA,NA,0.13,0.13,0.14,0.15,0.17,0.18,0.2,0.21,0.24,0.27,0.31,0.37,0.41,0.5,0.69,1.02,1.15,1.2,1.35,1.63,2.1,2.31,2.41,2.56,2.79,2.92,3.21,3.53,3.75,4.15,4.17,4.18,4.03,4.27,4.45,4.7,5.03,5.33,6.11,6.42,6.62,6.61,6.73,6.96,7.51,8.43,9.4,10.55,10.8,10.13,10.28,10.6,10.47,10.68,10.73,10.58,10.66,11.03,11.26,11.58,10.34,10.55,12.51,13.44,14.33
"belarus, republic of","blr",NA,NA,NA,NA,NA,NA,NA,NA,NA,NA,NA,NA,NA,NA,NA,NA,NA,NA,NA,NA,NA,NA,NA,NA,NA,NA,NA,NA,NA,NA,NA,NA,NA,NA,NA,NA,NA,NA,NA,NA,0,0,0,0,0.01,0.01,0.02,0.04,0.07,0.3,0.95,1.78,2.7,3.78,5.17,6.73,8.2,10.05,13.42,14.21,17.05,30.72,54.76,67.07,80.58,89.91,94.95,105.75,122.32,134.73,149.72,173.15,193.74,216.1,230.32
"belgium","bel",8.23,9.71,10.21,10.27,10.7,11.37,12.09,12.83,12.93,13.39,14.22,15.13,16.18,17.39,19.47,21.19,22.75,24.39,26.07,28.92,32.18,35.26,39.47,44.84,52.6,58.21,66.16,71.55,76.84,82.18,89.38,93.71,101.4,107.43,116.06,123.44,129.2,134.41,143.81,155.94,165.35,173.23,181.9,187.35,197.44,210.49,214.29,224.1,232.62,242.31,256.38,264.34,273.26,281.2,296.82,310.04,325.15,343.62,351.74,347.74,363.24,378.75,387.94,394.62,404.96,415.54,428.47,443.41,459.49,479.45,463.75,506.02,563.54,596.32,614.54
"belize","blz",NA,NA,NA,NA,NA,NA,NA,NA,NA,NA,0.05,0.05,0.05,0.06,0.09,0.08,0.08,0.07,0.04,0.05,0.06,0.07,0.09,0.16,0.21,0.25,0.24,0.28,0.28,0.37,0.46,0.48,0.48,0.5,0.56,0.56,0.61,0.71,0.84,0.96,1.09,1.19,1.39,1.51,1.54,1.64,1.7,1.75,1.86,2,2.28,2.35,2.49,2.62,2.8,2.95,3.18,3.41,3.48,3.38,3.49,3.65,3.82,4.07,4.28,4.39,4.48,4.53,4.59,4.78,4.09,4.84,5.69,6.13,6.85
"benin","ben",NA,NA,NA,NA,NA,NA,NA,NA,NA,134.34,146.49,150.15,148.21,168.53,187.66,203.31,218.25,228.26,244.3,256.52,278.27,291.53,329.97,360.68,381.59,261.23,294.89,342.35,381.75,448.14,518.03,447.59,518.44,569.4,636.18,682.03,671.54,681.7,703.28,695.77,729.29,765.86,812.37,880.23,1212.59,1480.05,1650.71,1809.38,1979.46,2263.34,2499.93,2685.13,2909.67,3102.02,3264.37,3462.85,3674.8,3909.98,4365.33,4580.01,4718.03,5039.21,5688.29,6182.56,6559.33,6732.81,7005.23,7375.3,7915.66,8432.25,9008.81,9809.69,10854.51,11934.9,12881.53
"bhutan","btn",NA,NA,NA,NA,NA,NA,NA,NA,NA,NA,NA,NA,NA,0.28,0.3,0.31,0.34,0.38,0.39,0.43,0.48,0.51,0.55,0.63,0.77,0.75,0.82,0.88,0.79,0.88,1.04,1.24,1.42,1.64,1.91,2.15,2.48,3.09,3.8,4.42,5.13,5.77,6.43,7.22,8.27,9.68,11.11,12.97,15.29,17.79,19.83,21.98,25.3,28.78,31.85,35.63,40.33,47.32,54.62,60.88,71.29,85.22,98.88,109.67,120.7,133.92,149.38,163.58,172.71,184.66,187.38,193.39,216.24,238.6,259.8
"bolivia","bol",0,0,0,0,0,0,0,0,0,0,0,0,0,0,0,0,0,0,0,0,0,0,0,0,0,0,0,0,0,0,0,0,0,0,0.02,2.37,7.61,8.88,10.81,12.69,15.44,19.13,22.01,24.46,27.64,32.24,37.54,41.64,46.82,48.16,51.93,53.79,56.68,61.9,69.63,77.02,91.75,103.01,120.69,121.73,137.88,166.23,187.15,211.86,228,228.03,234.53,259.18,278.39,282.59,253.11,279.21,304.1,311.89,332.05
"bosnia and herzegovina","bih",NA,NA,NA,NA,NA,NA,NA,NA,NA,NA,NA,NA,NA,NA,NA,NA,NA,NA,NA,NA,NA,NA,NA,NA,NA,NA,NA,NA,NA,NA,NA,NA,NA,NA,NA,NA,NA,NA,NA,NA,0,0,0.02,1.48,2.69,3.47,5.52,7.89,9.22,10.57,11.82,12.68,13.98,14.73,16,17.65,20.06,22.55,25.52,24.8,25.36,26.23,26.22,26.78,27.36,28.93,30.27,31.8,33.94,35.78,34.73,39.15,45.62,49.92,52.05
"botswana","bwa",NA,NA,NA,NA,NA,NA,NA,NA,NA,NA,0.03,0.03,0.04,0.04,0.05,0.04,0.05,0.05,0.06,0.07,0.08,0.1,0.14,0.19,0.23,0.28,0.36,0.41,0.53,0.74,0.88,0.92,1.17,1.4,1.82,2.42,2.81,3.78,5.88,6.53,7.05,7.96,8.74,10.07,11.42,13.32,16.26,18.28,20.2,25.03,28.99,31.9,34.14,36.97,41.39,50.31,57.83,64.87,73.26,72.4,85.85,103.33,106.26,119.87,138.86,137.05,164.42,166.65,173.73,179.58,171.04,207.89,251.35,263.92,262.53
"brazil","bra",0,0,0,0,0,0,0,0,0,0,0,0,0,0,0,0,0,0,0,0,0,0,0,0,0,0,0,0,0,0,0,0,0,0,0,0,0,0,0,0,0.01,0.06,0.63,13.8,349.38,705.99,854.76,952.09,1002.35,1087.71,1199.09,1315.76,1488.79,1717.95,1957.75,2170.58,2409.45,2720.26,3109.8,3333.04,3885.85,4376.38,4814.76,5331.62,5778.95,5995.79,6269.33,6585.48,7004.14,7389.13,7609.6,9012.14,10079.68,10943.34,11744.71
"brunei darussalam","brn",NA,NA,NA,NA,NA,NA,NA,NA,NA,NA,NA,NA,NA,NA,NA,0.54,0.63,0.66,0.76,0.77,0.85,0.94,1.19,1.65,4.06,4.3,5.46,6.56,6.85,9.46,16.38,14.32,14.17,12.61,12.53,12.03,8.11,9.23,8.41,9.07,10.1,10.28,10.19,10.22,10.38,11.48,11.5,11.84,10.14,11.09,11.46,11.12,11.59,12.66,14.74,17.58,20.2,20.45,22.6,17.3,18.69,23.3,23.8,22.64,21.66,17.78,15.75,16.75,18.3,18.37,16.56,18.82,23,20.27,20.66
"bulgaria","bgr",NA,NA,NA,NA,NA,NA,NA,NA,NA,NA,NA,NA,NA,NA,NA,NA,NA,NA,NA,0.03,0.03,0.03,0.03,0.03,0.03,0.03,0.03,0.03,0.03,0.03,0.04,0.04,0.04,0.04,0.05,0.05,0.05,0.05,0.06,0.06,0.07,0.2,0.29,0.43,0.76,1.28,2.19,19.03,26.46,25.04,28.12,30.99,34.07,36.64,41.2,47.02,53.61,63.49,72.85,73.18,74.89,81.13,82.64,82.25,84.15,89.57,95.35,102.68,109.78,119.91,121.09,139.6,168.36,185.23,202.86
"burkina faso","bfa",NA,NA,NA,NA,NA,NA,NA,NA,NA,94.21,112.23,118.84,128.66,161.35,173.99,183.11,198.59,192.05,195.32,231.96,259.08,267.19,203.44,207.24,243.54,286.37,260.62,333.15,377.21,447.27,504.06,564.05,635.4,673.37,690.17,784.45,793.11,801.03,876.34,938.44,949.66,994.7,999.27,1018.96,1183.48,1335.83,1488.14,1606.77,1861.09,2086.19,2108.16,2336.62,2512.87,2749.16,2874.88,3240.72,3420.54,3649.93,4215.34,4444.6,5002.18,5692.82,6413.11,6640.13,6884.47,6995.31,7604.8,8186.77,8836.57,9428.06,10252.17,10944.54,12192,12845.78,14533.93
"burundi","bdi",NA,NA,NA,NA,NA,NA,NA,NA,NA,NA,9.08,9.41,9.89,10.79,11.95,13.24,14.67,14.65,15.85,17.88,19.56,23.86,22.11,25.1,28.82,33.71,38.84,46.63,48.21,61.82,85.55,89.02,94.03,102.82,120.37,141.25,140.74,143.49,152.8,179.42,193.66,211.85,225.44,227.74,233.55,249.69,262.89,342.54,399.88,487.88,627.26,727.96,768.15,849.38,1007.49,1208.24,1309.9,1467.23,1911.14,2184.18,2501.05,2819.53,3365.81,3812.5,4185,4879.79,4897.1,5485.07,5414.49,5553.57,5916.43,6622.37,7978.22,10902.92,13673.17
"cabo verde","cpv",NA,NA,NA,NA,NA,NA,NA,NA,NA,NA,0.97,1.18,1.13,0.96,1.07,1.2,1.37,1.57,1.72,1.87,2.03,2.26,2.44,2.73,2.83,3.31,3.66,3.87,4.64,5.24,6.29,9.1,8.66,10.29,12.42,15.05,16.99,19.14,23.17,25.86,28.89,31.64,32.59,34.63,36.83,43.83,50.48,56.75,63.58,71.17,81.02,97.51,101.62,108.04,112.09,123.69,127.65,132.98,147.63,148.25,151.96,162.27,165.14,168.55,169.55,173.91,184.4,195.29,205.99,221.73,176.87,191.27,241.58,263.82,277.77
"cambodia","khm",NA,NA,NA,NA,NA,NA,NA,NA,NA,NA,NA,NA,NA,NA,NA,NA,NA,NA,NA,NA,43.21,58.38,30.45,41.47,35.39,35.63,35.2,34.72,34.18,33.88,33.88,34.31,33.1,41.58,72.14,68.46,182.84,125.36,240.89,296.2,736.2,1642,3083.67,6654.03,7092.69,8406.8,9207.98,10199.15,11728.16,13410.74,14237.33,16267.59,17631.31,20080.79,23629.09,28918.82,34264.32,41080.52,49356.66,51753.68,57788.15,65068.4,71894.42,79768.29,88992.41,98334.48,107784.91,118907.47,134279.54,148984.7,142502.83,150792.68,164059.09,177718.89,193714.48
"cameroon","cmr",NA,NA,NA,NA,NA,NA,NA,NA,NA,NA,143.58,165.91,176.87,217.57,239.13,249.5,261.17,293.5,308.46,338.08,385.99,368.52,466.35,522.32,639.57,763.62,855.54,1036.95,1241.61,1490.64,1851.52,2358.6,2852.7,3437.27,4194.78,5040.15,5391.1,5149.17,4784.95,4612.31,4401.97,4385.42,4195.11,4142.59,4619.97,5225.06,5634.02,6142.68,6688.53,7118.46,7504.47,8022.31,8614.01,9261.14,9927.78,10286.73,10924.19,11452.87,12360.95,13136.69,13610.55,14434.77,15395.86,16658.55,17966.12,19043.07,20038.57,20960.87,22203.33,23243.66,23486.47,24960.5,27662.02,29889.03,31998.27
"canada","can",19.9,23.19,26.19,27.47,27.61,30.44,34.24,35.87,37.14,39.42,41.05,42.55,46.22,49.62,54.32,59.86,67.01,71.88,78.49,86.41,92.74,101.25,113.05,132.56,158.3,178.42,205.5,227.11,251.91,287.61,322.78,368.36,388.18,421.32,461.99,500.03,526.63,574.34,626.89,671.58,695.5,701.77,718.44,747.04,791.97,831.62,859.83,906.93,940.55,1007.93,1106.07,1144.54,1193.69,1254.75,1335.73,1421.59,1496.6,1577.66,1657.04,1571.33,1666.05,1774.06,1827.2,1902.25,1994.9,1990.44,2025.54,2140.64,2235.68,2313.56,2220.53,2535.82,2850.94,2933.81,3069.08
"central african republic","caf",NA,NA,NA,NA,NA,NA,NA,NA,NA,NA,12.78,14.03,14.17,14.73,17.68,21.22,24.26,28.76,33.39,40.22,46.5,53.65,61.61,71.1,85.55,97.26,115.7,138.51,157.83,188.42,168.4,218.1,240.4,253.9,278.7,379.9,386.04,362.24,380.17,402.88,405,396.17,377.86,366.24,473.62,560.04,516.65,566.04,606.4,638.67,616.02,659.24,684.96,690.66,691.97,745.21,803.95,841.08,910.46,972.28,1060.14,1148.9,1281.56,835.45,935.58,1002.59,1081.52,1203.32,1265.69,1334.98,1372.9,1432.76,1531.35,1578.3,1716.13
"chad","tcd",NA,NA,NA,NA,NA,NA,NA,NA,NA,NA,43.75,46.05,50.35,51.53,58.87,66.15,74.36,77.53,79.87,89.67,106.82,118.34,124.5,140.87,161.52,199.09,206.23,227.02,248.2,211.02,215.51,325.64,368.22,457.05,564.39,573.06,543.86,534.96,619.96,627.01,644.92,662.09,647.56,605.4,961.65,1059.54,1207.1,1323.58,1511.14,1387.16,1447.69,1839.5,2033.77,2334.52,3423.86,4563.71,5072.56,5200.54,5969.98,5792.89,6956.07,7862.95,9134.99,8823.67,8958.9,8607.81,7719.45,7751.21,8513.33,8733.31,8595.17,9356.01,11120.71,11124.63,11565.37
"chile","chl",NA,0,0,0,0,0,0,0,0,0,0,0.01,0.01,0.01,0.01,0.02,0.03,0.04,0.05,0.07,0.1,0.13,0.25,1.21,9.69,37.33,135.5,303.02,521.48,839.11,1132.26,1340.6,1304.8,1640.27,1993.74,2792.49,3600.43,4829.2,6357.25,7978.99,10132.31,13357.26,16895.06,20149.65,24167.36,29408.54,32393.86,35946.99,37741.62,38461.78,42215.03,45409.05,48428.96,52897.34,60391.76,68467.94,81577.53,90159.48,93867.12,96138.48,110777.87,121509.3,129973.39,137309.19,147951.29,158622.9,168764.69,179314.91,189434.87,195531.72,201257.75,239418.12,263065.44,281857.49,311630.88
"china, people's republic of","chn",NA,NA,66.51,80.3,84.13,89.16,100.63,104.56,127.2,137.63,137.69,118.9,114.58,122.96,144.96,171.09,186.23,176.85,171.79,193.2,224.59,241.9,251.04,271.26,278.14,298.82,293.47,319.22,363.41,407.82,454.87,493.04,539.65,604.58,730.41,912.5,1040.93,1221.95,1523.65,1728.08,1900.6,2214.29,2732.6,3583.44,4880.77,6160.64,7223.17,8023.61,8572.99,9115.37,10102.46,11185.53,12304.74,13913.16,16379.66,19056.63,22303.69,27480.19,32335.1,35360.64,41562.51,49268.04,54808.88,60612.5,65743.25,70415.75,76067.21,84506.67,93358.13,100672.28,104224.49,117310.97,123341.28,129427.17,134908.42
"colombia","col",11.26,12.78,13.82,15.38,18.32,19.09,21.4,25.56,29.61,33.82,38.56,43.97,49.31,64.96,81.12,87.01,109.84,123.77,138.98,162.79,190.09,219.62,268.23,345.66,454.23,571.31,719.33,996.85,1266.25,1648.59,2198.5,2760.46,3476.79,4252.03,5369.21,6913.6,9450.33,12285.52,16332.62,21059.72,28162,36346.27,46660.32,61115.9,80724.1,100932.96,120383.44,145481.5,167925.73,181171.02,207268,224483,243837,270695,305896,337957,381604,428506,476554,501574,544060,619023,666508,714094,762903,804692,863782,920471,987791,1060068,998471,1192634,1471079,1584562,1705323
"comoros, union of the","com",NA,NA,NA,NA,NA,NA,NA,NA,NA,NA,2.88,3.12,3.57,4.18,4.81,5.51,6.3,6.98,7.69,8.51,9.74,10.73,11.58,13.66,16.67,23.05,25.34,28.82,34.33,43.25,51.42,57.87,66.43,74.76,82.63,86.23,89.4,94.15,100.2,104.85,109.33,113.01,115.55,121.12,131.08,147.04,150.58,158.82,161.03,171.74,180.84,204.75,222.35,237.83,246.27,259.16,269.77,285.63,306.29,319.33,336.95,361.6,388.98,413.48,425.71,428.35,450.16,469.22,490.96,522.04,524.95,529.2,571.13,603.7,654.96
"congo, democratic republic of the","cod",0,0,0,0,0,0,0,0,0,0,0,0,0,0,0,0,0,0,0,0,0,0,0,0,0,0,0,0,0,0,0,0,0,0,0,0,0,0,0,0,0,0,0,0,0.31,1.76,12.84,34.58,44.29,229.77,1317.08,2231.45,3025.87,3623.25,4113.63,5975.85,7250.85,9587.24,12832.33,15208.34,20261.58,24267.56,27619.66,32084.75,35485.19,37185,38997.91,57845.59,77940.34,83859.42,91858.65,110109.52,127090.76,157410.67,200438.53
"congo, republic of","cog",NA,NA,NA,NA,NA,NA,NA,NA,NA,NA,56.36,67.5,65.95,64.81,70.38,79.05,83.35,87.64,94.62,99.6,104.91,115.33,133.14,146.22,177.58,201.63,215.93,226.22,251.73,322.52,457.49,482.36,508.57,536.21,565.36,596.08,628.48,662.64,698.65,790.56,792.04,856.26,868.31,850.51,1148.31,1226.47,1452.99,1498.78,1321.29,1627.1,2580.27,2226.9,2320.86,2240.81,2690.99,3506.27,4217.18,4203.7,5195.84,4572.8,6505.75,7377.58,9033.23,8869.81,8844.63,7029.66,6477.97,6871.77,8206.11,8189.07,6601.22,7419.75,8693.65,8593.07,9028.24
"costa rica","cri",1.41,1.53,1.68,1.91,2.09,2.21,2.26,2.49,2.61,2.71,2.91,2.94,3.18,3.42,3.63,3.95,4.31,4.66,5.15,5.68,6.56,7.17,8.25,10.21,13.28,16.88,20.77,26.45,30.34,34.75,41.6,57.37,97.96,129.92,163.78,198.85,247.74,285.87,351.39,427.92,525.31,881.04,1151.92,1362.41,1647.12,2079.86,2425.73,2934.16,3519.45,4072.33,4627.05,5254.08,5965.39,6885.56,8150.14,9577.02,11613.32,13889.05,16208.97,17626.15,19802.01,21623.52,23752.87,25462.95,28001.33,30171.92,32056.29,34343.65,36014.72,37832.15,36495.25,40326.63,44810.03,47059.27,49115.93
"côte d'ivoire","civ",NA,NA,NA,NA,NA,NA,NA,NA,NA,NA,254.46,285.89,301.26,316.28,340.03,368.09,415.09,445.88,494.83,546.27,632.77,662.93,696.22,803.66,996.64,1213,1522.44,2030.78,2352.75,2566.25,2932.03,3125.32,3391.13,3548.57,4056.83,4254.5,4389.55,4190.64,4197.27,4302.6,4063.05,4091.67,4080.61,4323.4,6380.19,7589.66,8583.72,9457.38,10284.87,10533.39,10547.19,11341.05,11895.46,12297.07,12088.7,12456.8,12866.17,13477.3,14995.06,15845.8,17036.26,16743.16,18905.93,21350.41,24136.05,27086.37,28686.71,30491.65,32506.1,35379.06,36277.95,40366.86,44238.8,48293.9,52798.95
"croatia, republic of","hrv",NA,NA,NA,NA,NA,NA,NA,NA,NA,NA,NA,NA,NA,NA,NA,NA,NA,NA,NA,NA,NA,NA,NA,NA,NA,NA,NA,NA,NA,NA,NA,NA,NA,NA,NA,NA,NA,NA,NA,NA,NA,NA,NA,6.17,13.84,15.57,17.11,19.51,21.52,22.12,23.97,25.76,28.3,31.16,33.64,36.18,39.5,43.27,46.56,44.68,44.49,45.19,44.79,45.07,44.87,45.97,47.57,49.74,52.22,54.91,50.75,58.35,67.62,78.05,85.49
"cyprus","cyp",0.08,0.1,0.12,0.13,0.14,0.15,0.18,0.19,0.18,0.19,0.19,0.2,0.23,0.24,0.22,0.27,0.29,0.33,0.36,0.41,0.43,0.5,0.56,0.63,0.61,0.51,0.62,0.78,0.93,1.16,1.4,1.61,1.88,2.09,2.45,2.72,2.94,3.27,3.66,4.14,4.69,4.91,5.69,6.03,6.72,7.68,7.98,8.37,9.06,9.73,10.6,11.42,11.88,12.85,13.86,14.82,16,17.51,19.01,18.68,19.46,19.86,19.5,18.04,17.48,17.94,19.01,20.31,21.81,23.4,22.37,25.68,29.42,31.34,33.41
"czech republic","cze",NA,NA,NA,NA,NA,NA,NA,NA,NA,NA,NA,NA,NA,NA,NA,NA,NA,NA,NA,NA,NA,NA,NA,NA,NA,NA,NA,NA,NA,NA,NA,NA,NA,NA,NA,NA,NA,NA,NA,NA,736.38,886.4,990.89,1199.81,1387.11,1607.59,1840.56,1982.42,2168.88,2267.28,2399.7,2591.57,2704.47,2833.2,3087.78,3288.49,3530.25,3856.63,4037.56,3945.51,4032.95,4095.36,4118.39,4169.01,4377.99,4651.81,4843.03,5179.34,5475.77,5888.87,5828.32,6307.76,7049.87,7618.53,8008.21
"denmark","dnk",22.72,24.16,25.86,27.82,29.15,30.25,32.45,34.59,35.98,40.29,43.61,48.46,54.54,58.28,66.26,74.34,82.32,90.46,100.64,114.46,126.65,139.99,160.93,184.55,206.73,230.89,268.21,298.19,332.42,370.34,399.09,437.8,500.65,551.73,609.68,661.77,709.97,746.85,777.76,821.02,855.38,890.27,923.32,927.92,992.37,1035.6,1087.15,1144.17,1185.22,1240.98,1325.98,1372.28,1411.48,1438.89,1509.67,1590.08,1685.24,1743.14,1809.72,1729.53,1812.9,1848.53,1892.94,1935.56,1980.26,2030.21,2101.52,2189.59,2243.54,2303.64,2326.59,2567.52,2844.23,2804.74,2960.89
"djibouti","dji",NA,NA,NA,NA,NA,NA,NA,NA,NA,NA,NA,NA,NA,NA,NA,NA,NA,NA,NA,NA,21.28,23.98,26.63,30.32,37.69,41.86,49.96,53.82,59.01,65.25,74.44,79.01,82.58,83.43,84.34,87.84,94.97,98.53,105.25,108.22,112.92,115.44,119.35,116.35,122.75,124.26,123.33,125.49,128.39,134.96,138.78,144.17,148.83,156.67,166.32,176.95,191.97,211.63,245.55,253.39,274.33,309.28,337.93,363.34,394.65,430.87,462.96,490.97,517.78,548.95,558.78,602.97,633.19,696.16,756.58
"dominica","dma",NA,NA,NA,NA,NA,NA,NA,NA,NA,NA,NA,NA,0.01,0.02,0.02,0.02,0.02,0.03,0.03,0.03,0.04,0.04,0.04,0.05,0.07,0.09,0.11,0.12,0.15,0.15,0.2,0.22,0.24,0.27,0.29,0.32,0.36,0.41,0.46,0.5,0.54,0.59,0.63,0.66,0.71,0.74,0.79,0.82,0.87,0.9,0.9,0.92,0.9,0.93,0.99,0.98,1.05,1.14,1.24,1.32,1.33,1.35,1.31,1.35,1.41,1.46,1.56,1.41,1.5,1.65,1.36,1.5,1.64,1.77,1.88
"dominican republic","dom",0.49,0.6,0.62,0.61,0.66,0.66,0.73,0.85,0.81,0.82,0.89,0.86,1.04,1.18,1.25,1.1,1.24,1.3,1.31,1.48,1.91,2.14,2.55,3.01,3.75,4.62,5.07,5.88,6.07,7.05,8.67,9.7,10.6,11.83,14.87,20.14,22.8,28.73,42.13,54.37,77.34,123.55,145.07,163.51,184.77,214.12,235.25,280.36,318.65,350.52,393.3,427.32,477.43,628.61,935.98,1083.45,1261.4,1458.42,1660.57,1734.7,1981.02,2207.11,2381.3,2614.47,2918.45,3196.73,3480.3,3758.55,4208.09,4572.74,4439.81,5427.46,6257.3,6764.53,7402.89
"ecuador","ecu",0.36,0.39,0.44,0.47,0.52,0.55,0.56,0.6,0.62,0.65,0.7,0.75,0.8,0.87,0.97,1.03,1.13,1.26,1.37,1.5,1.75,1.88,2.2,2.92,4.36,5.07,6.25,7.81,8.98,10.98,16.12,16.5,16.47,14.48,15.41,18.02,13.22,12.35,11.75,11.53,11.71,13.14,14.37,16.78,20.24,21.98,23,25.85,26.29,18.89,17.53,23.13,27.05,30.97,35.19,40.28,45.69,49.85,61.14,60.09,68.15,78.99,87.74,96.57,102.72,97.21,97.67,104.47,107.48,107.6,95.87,107.18,116.13,121.15,121.73
"egypt, arab republic of","egy",0.98,1.04,0.97,1.03,1.08,1.14,1.19,1.26,1.32,1.44,1.53,1.6,1.73,1.84,1.97,2.32,2.83,2.99,3,3.27,3.46,3.74,3.97,4.08,4.75,5.96,7.05,8.63,10.29,13.16,16.47,18.03,21.33,26.08,29.32,34.19,37.85,54.15,64.77,80.75,101.05,116.92,146.26,165.17,184.01,214.5,241.21,270.44,302.19,323.43,357.61,377.16,398.4,438.99,510.28,566.22,649.5,783.14,941.6,1095.85,1268.71,1441.68,1769.1,1958.5,2242,2576.7,2863.9,3655.9,4666.2,5596,6152.6,6663.1,7842.5,10155.5,13902.7
"el salvador","slv",0.36,0.43,0.45,0.51,0.57,0.62,0.67,0.68,0.67,0.65,0.69,0.7,0.78,0.82,0.91,0.97,1.02,1.09,1.16,1.2,1.27,1.33,1.43,1.6,1.99,2.5,2.78,3.3,3.54,3.97,3.91,3.45,3.41,3.26,2.38,2.32,2.33,2.37,2.77,3.17,4.82,5.25,5.81,6.68,7.68,8.92,9.59,10.22,10.94,11.28,11.78,12.28,12.66,13.24,13.72,14.7,16,17.01,17.99,17.6,18.45,20.28,21.39,21.99,22.59,23.44,24.19,24.98,26.02,26.88,24.92,29.04,31.99,34.02,35.34
"equatorial guinea, republic of","gnq",NA,NA,NA,NA,NA,NA,NA,NA,NA,NA,0.74,0.81,0.89,1.06,1.16,1.35,1.47,1.49,1.56,1.73,1.93,2.12,2.32,2.75,3.34,4.01,4.64,5.58,5.81,6.19,6.66,8.06,11.56,15.15,19.22,33.16,31.44,33.33,35.58,33.46,36.27,37.18,42.37,45.77,66.5,84.13,141.3,306.77,259.84,454.39,822.85,1225.98,1436.75,2165.05,3131,4316.63,5274.15,6264.84,8844.11,7095.92,8072.29,10064.62,11430.51,10840.52,10746.85,7795.42,6661.37,7084.54,7389.22,6658.37,5694.74,6774.08,8537.8,7483.58,7604.63
"eritrea, the state of","eri",NA,NA,NA,NA,NA,NA,NA,NA,NA,NA,NA,NA,NA,NA,NA,NA,NA,NA,NA,NA,NA,NA,NA,NA,NA,NA,NA,NA,NA,NA,NA,NA,NA,NA,NA,NA,NA,NA,NA,NA,1.18,1.42,1.7,1.96,2.67,3.05,3.68,4.14,4.61,5.01,5.26,6.59,7.88,9.35,11.83,13.06,14.41,15.68,14.19,19.94,24.44,31.75,34.67,30.1,40.04,30.95,33.37,28.7,30.24,29.88,NA,NA,NA,NA,NA
"estonia, republic of","est",NA,NA,NA,NA,NA,NA,NA,NA,NA,NA,NA,NA,NA,NA,NA,NA,NA,NA,NA,NA,NA,NA,NA,NA,NA,NA,NA,NA,NA,NA,NA,NA,NA,NA,NA,NA,NA,NA,NA,NA,0.05,0.11,0.89,1.51,2.08,2.86,3.68,4.57,5.1,5.41,6.17,6.98,7.82,8.75,9.78,11.35,13.57,16.4,16.62,14.13,14.74,16.74,18.09,19.16,20.37,21.01,22.19,24.32,26.44,28.47,27.86,31.46,36.44,38.19,39.51
"eswatini, kingdom of","swz",NA,NA,NA,NA,NA,NA,NA,NA,NA,NA,0.05,0.06,0.06,0.07,0.08,0.09,0.1,0.1,0.11,0.12,0.13,0.14,0.15,0.18,0.23,0.27,0.3,0.37,0.46,0.53,0.59,0.7,0.78,0.82,0.93,1.11,1.45,1.69,2.24,2.64,3.2,3.55,4.06,4.89,5.76,7.01,7.86,9.02,9.94,10.78,12.06,13.28,15.1,16.62,17.89,20.21,22.29,24.44,27.21,30.34,32.5,35,40.12,44.39,48,51.79,56.13,58.69,61.79,64.96,65.59,71.71,78.39,89.66,95.3
"ethiopia, the federal democratic republic of","eth",2.97,3.36,3.42,3.53,3.64,3.74,3.92,3.85,3.79,4.09,4.19,4.38,4.56,4.78,5.26,5.86,6.08,6.48,6.9,7.3,8.02,8.47,8.53,9,9.99,9.93,10.8,12.28,13.07,14.37,15.29,15.69,16.5,18.35,17.34,20.3,21.09,22.54,23.36,24.58,26.07,28.83,30.42,39.02,41.45,49.58,55.87,57.87,55.65,59.8,67.13,68.55,67.07,73.99,87.42,107.35,132.67,173.3,250.13,337.61,385.94,515.08,747.33,866.92,1060.83,1297.96,1568.1,1832.79,2200.12,2690.75,3374.35,4341.02,6157.02,8723.12,11752.14
"fiji, republic of","fji",NA,NA,NA,NA,NA,NA,NA,NA,NA,NA,0.12,0.12,0.13,0.14,0.15,0.16,0.18,0.21,0.22,0.24,0.28,0.31,0.37,0.46,0.54,0.61,0.69,0.72,0.76,0.92,1.07,1.14,1.21,1.24,1.38,1.43,1.58,1.59,1.72,1.9,2.14,2.21,2.49,2.73,2.89,3,3.24,3.27,3.57,4.14,3.88,4.09,4.37,4.76,5.12,5.51,5.82,5.94,6.08,6.08,6.53,7.33,7.7,8.36,9.17,9.82,10.33,11.06,11.65,11.76,9.61,8.91,10.94,12.25,13.49
"finland","fin",0.98,1.42,1.48,1.46,1.62,1.79,1.99,2.17,2.33,2.54,2.83,3.21,3.44,3.73,4.21,4.66,4.99,5.46,6.26,7.15,7.96,8.74,10.19,12.4,15.65,18.15,20.62,22.63,25.07,29.07,33.68,38.09,42.83,47.79,53.5,58.29,62.74,67.75,76.75,85.93,90.96,86.91,84.79,85.61,90.65,98.45,101.98,110.76,120.43,126.89,136.39,144.61,148.44,151.71,158.74,164.67,172.86,187.06,194.25,181.74,188.15,197.66,200.38,203.5,205.86,210.19,215.72,224.71,231.91,238.52,236.39,248.76,266.14,272.78,276.17
"france","fra",16.43,20.13,23.71,24.72,26.17,28,31.11,34.64,39.86,43.52,48.29,52.69,58.83,65.95,73.16,78.75,84.55,91.33,99.31,113.22,126.42,140.86,157.4,180,207.58,233.86,270.92,305.54,347.72,395.28,447.42,504.71,579.25,642.95,699.5,749.58,807.71,848.79,917.93,988.88,1043.98,1082.83,1121.46,1134.84,1172.96,1213.8,1246.97,1289.67,1346.32,1395.15,1473.52,1530.07,1578.33,1622.31,1696.11,1762.05,1846.02,1937.88,1990,1935.84,1996.08,2062.14,2088.29,2120.35,2153.73,2201.4,2231.82,2291.68,2355.36,2432.21,2318.28,2508.1,2654.06,2826.31,2922.24
"gabon","gab",NA,NA,NA,NA,NA,NA,NA,NA,NA,NA,111.29,128.09,137.04,150.84,166.69,182.74,202.8,217.97,235.08,257.12,282.22,307.76,345.08,392.44,468.8,639.34,811.45,732.61,572.5,684.41,963.21,1117.08,1266.06,1405.67,1550.07,1678.29,1693.2,1111.76,1214.95,1422.22,1725.76,1623.13,1576.33,1630.2,2477.83,2635.85,3101.85,3310.89,2816.67,3057.34,3842.28,3679.03,3701.27,3776.24,4097.53,4989.26,5309.45,5961.58,6944.82,5738.12,7111.48,8581.58,8766.49,8690.52,8988.33,8503.44,8310.62,8669.07,9343.9,9886.9,8830.78,10782.81,12750.06,12165.19,12593.36
"gambia, the","gmb",NA,NA,NA,NA,NA,NA,NA,NA,NA,NA,0.12,0.12,0.13,0.13,0.14,0.15,0.18,0.19,0.2,0.23,0.2,0.23,0.27,0.33,0.39,0.52,0.67,0.85,0.86,1.03,1.04,1.14,1.25,1.45,1.48,1.88,2.6,3.56,3.92,4.66,5.68,6.64,7.29,8.01,8.33,8.68,9.3,10.03,10.74,11.81,12.91,15.73,17.66,24.05,28.89,29.37,29.58,31.83,34.66,38.64,43.23,41.53,45.39,49.46,51.31,58.58,64.39,70.14,80.45,90.79,93.33,105.49,121.09,146.7,173.41
"georgia","geo",NA,NA,NA,NA,NA,NA,NA,NA,NA,NA,0,0,0,0,0,0,0,0,0,0,0,0,0,0,0,0,0,0,0,0,0,0,0,0,0,0,0,0,0,0,0,0,0,0.01,0.94,2.53,3.98,4.68,5.16,5.83,6.21,6.86,7.67,8.8,10.1,11.95,14.18,17.47,19.61,18.49,22.15,26.1,27.9,29.14,31.72,34.55,36.55,41.34,45.37,49.73,49.79,60.72,72.86,80.88,91.89
"germany","deu",56.08,68.53,78.28,84.3,90.72,103.68,114.12,124.1,132.58,143.59,163.37,179.02,194.71,206.36,226.77,247.81,263.5,266.8,287.81,322.17,364.46,404.64,444.24,495.04,531.03,554.07,604.73,645.1,692.73,749.34,795.08,829.93,862.7,904.6,948.99,990.79,1047.73,1082.06,1139.31,1211.7,1322.26,1591.61,1709.89,1757.34,1838.02,1899.93,1928.56,1967.18,2022.31,2077.24,2129.66,2195.53,2223.36,2240.81,2293.04,2325.71,2426.18,2542.22,2589.68,2494.87,2616.06,2747.81,2800.38,2867.28,2985.17,3085.65,3196.11,3331.11,3431.13,3534.88,3449.62,3676.46,3953.85,4185.55,4305.26
"ghana","gha",NA,NA,NA,NA,NA,0,0,0,0,0,0,0,0,0,0,0,0,0,0,0,0,0,0,0,0,0,0,0,0.01,0.01,0.01,0.02,0.02,0.04,0.06,0.09,0.13,0.2,0.27,0.37,0.52,0.65,0.77,0.94,1.28,1.88,2.72,3.49,4.28,5.11,6.73,9.39,12.07,16.29,19.57,23.91,28.33,34.09,43.47,52.22,64.98,81.53,101.75,124.48,158.68,183.53,219.59,262.8,308.59,356.54,391.94,461.7,614.34,887.75,1176.22
"greece","grc",NA,0.15,0.15,0.2,0.24,0.27,0.31,0.33,0.35,0.36,0.38,0.43,0.46,0.52,0.58,0.67,0.75,0.81,0.88,1.01,1.15,1.27,1.47,1.93,2.21,2.66,3.31,3.88,4.73,5.87,7.01,8.39,10.56,12.59,15.66,19.11,22.84,25.73,31.31,37.21,44.91,55.46,64.11,72.19,81.87,91.77,100.66,111.19,121.09,128.67,136.16,147.44,158.9,174.1,188.91,194.77,214.3,229.28,238.74,234.32,223.59,203.48,185.9,178.11,176.07,175.36,174.45,177.38,180.62,185.18,167.54,184.57,207.85,225.2,237.57
"grenada","grd",NA,NA,NA,NA,NA,NA,NA,NA,NA,NA,NA,NA,NA,0.01,0.01,0.01,0.01,0.02,0.02,0.03,0.03,0.04,0.05,0.07,0.09,0.1,0.14,0.17,0.22,0.26,0.3,0.31,0.34,0.36,0.39,0.45,0.51,0.58,0.64,0.72,0.75,0.81,0.84,0.84,0.88,0.92,0.99,1.06,1.2,1.3,1.4,1.41,1.46,1.6,1.62,1.88,1.89,2.05,2.23,2.08,2.08,2.1,2.16,2.28,2.46,2.69,2.87,3.04,3.15,3.28,2.82,3.03,3.32,3.58,3.76
"guatemala","gtm",0.63,0.67,0.68,0.72,0.77,0.8,0.88,0.92,0.96,1.02,1.02,1.05,1.12,1.24,1.27,1.3,1.36,1.42,1.58,1.68,1.86,1.94,2.06,2.52,3.1,3.57,4.28,5.37,5.95,6.76,7.72,8.43,8.54,8.86,9.28,10.95,15.51,17.35,20.12,23.2,33.61,46.07,52.48,62.17,71.9,81.58,91.33,102.97,117.92,128.44,140.7,154.99,171.45,183.29,198.55,215.18,238.02,268.82,304.33,309.99,334.43,369.35,390.93,416.38,447.33,476.02,502,526.51,551.37,593.97,600.12,668.86,740.97,818.05,873.5
"guinea","gin",NA,NA,NA,NA,NA,NA,NA,NA,NA,27.2,29.88,32.44,33.54,35.74,39.88,44.87,51.02,58.67,64.32,70.05,75.85,84.42,91.19,101.85,111.64,120.39,137.98,139.51,152.21,161.85,176.42,192.83,254.53,333.44,423.46,529.12,925.66,1216.87,1573.75,2002,2449.46,3162.42,4122.17,4359.28,4597.07,5095.08,5337.24,5708.6,6187.29,6656.55,7055.3,7424.09,7947.46,9446.37,11246.36,16422.58,21728,26369,32046,32248,39243.5,45176,51605.01,57864.63,61573.26,65829.15,77087.9,93833.93,106845.29,123457.57,134759.57,159336,170313,196878.55,222002.25
"guinea-bissau","gnb",NA,NA,NA,NA,NA,NA,NA,NA,NA,NA,17.18,16.94,17.6,19.86,20.39,20.76,20.1,21.21,22.57,26.18,31.14,30.47,34.02,37.99,43.27,50.02,53.29,50.98,61.33,65.23,61.15,100.58,138.34,180.96,144.3,217.96,164.06,120.48,111.14,143.21,148.58,217.42,218.46,182.62,200.29,384.62,376.03,407.46,348.68,356.71,277.94,302.2,323.81,321.04,307,337.33,331.63,360.49,424.89,418.64,465.16,545.27,535.78,548.07,560.54,681.3,737.84,853.55,863.24,870.94,875.17,954.52,1071.31,1216.06,1324.14
"guyana","guy",NA,NA,NA,NA,NA,NA,NA,NA,NA,NA,0.5,0.54,0.57,0.46,0.54,0.62,0.63,0.71,0.73,0.77,0.83,0.86,0.88,0.97,1.22,1.45,1.62,1.67,1.89,1.98,2.15,2.27,2.08,2.11,2.5,2.96,3.37,7.11,8.28,22.6,34.52,84.99,102.78,127.1,162.66,189.15,209.92,225.94,225.84,264.85,273.05,281.71,296.54,308.67,328.5,342.16,380.06,449.98,507.16,529.55,588.4,679.07,830.33,856.04,852.15,883.79,925.68,980.5,994.47,1078.73,1140.76,1676.62,3068.78,3527.51,5141.33
"haiti","hti",NA,NA,NA,NA,NA,2.65,2.8,2.77,2.92,2.6,2.61,2.48,2.69,2.77,2.98,3.11,3.37,3.2,3.35,3.53,3.6,4.2,4.37,5.62,6.84,8.07,9.37,10.03,10.15,11.36,13.32,14.66,15.25,16.36,18.13,20.14,22.37,11.02,7.25,6.7,8.53,9.19,8.98,13.57,45.09,70.19,80.39,93.07,108.56,119.34,133.69,150.88,164.06,195.27,239.56,280.06,311.62,356.15,401.23,471.8,478.04,524.12,569.99,642.67,675.57,720.26,844.48,986.92,1076.41,1244.01,1449.89,1699.21,2168.22,2798.32,3460.94
"honduras","hnd",0.78,0.86,0.86,1,0.94,1.01,1.12,1.13,1.2,1.24,1.23,1.32,1.43,1.5,1.66,1.86,2,2.15,2.32,2.37,2.59,2.71,2.99,3.29,3.71,3.89,4.51,5.39,6.19,7.09,7.94,8.09,8.53,8.95,9.83,10.56,11.36,12.38,13.75,15.75,20.24,24.72,27.18,32.1,39.04,51.28,61.75,75.44,86.2,92.05,106.65,118.42,129.17,142.82,161.51,183.75,206.29,233.57,262.42,275.63,299.29,335.03,361.35,376.54,414.63,460.41,495.92,543.4,575.28,609.83,574.04,675.93,769.49,846.31,921.12
"hong kong special administrative region, people's republic of china","hkg",NA,NA,NA,NA,NA,NA,NA,NA,NA,NA,6.86,7.46,8.69,10.43,11.89,13.95,14.28,15.48,16.53,19.44,23.11,26.68,32.21,41.33,47.24,49.59,63.16,73.28,85.78,112.69,143.62,173.58,196.01,217.28,261.99,278.13,320.53,394.77,466.08,536.56,599.26,691.32,807.13,931.01,1049.61,1119.01,1235.3,1373.08,1308.07,1285.95,1337.5,1321.14,1297.34,1256.67,1316.95,1412.13,1503.35,1650.76,1707.49,1659.25,1776.33,1934.43,2037.06,2138.31,2260.01,2398.28,2490.6,2659.61,2835.43,2845.02,2675.79,2867.97,2808.97,2983.59,3176.99
"hungary","hun",NA,NA,NA,NA,NA,NA,NA,NA,NA,NA,96.18,101.68,107.25,134.91,150.2,166.13,192.26,225.63,261.23,286.89,346.86,376.37,407.78,447.46,468.26,502.19,550.27,605.56,655.37,710.17,752.05,813.47,884.35,934.93,1020.55,1078.13,1135.65,1279.13,1502.34,1796.96,2179.21,2605.81,3069.28,3700.93,4552.61,5855.59,7149.02,8853.54,10459.46,11658.14,13340.29,15413.05,17440.96,19108.79,21088.68,22572.43,24321.95,25730.26,27233.19,26467.8,27427.57,28492.07,28919.19,30343.34,32826.77,34984.76,36311.88,39335.93,43553.98,47940.5,48807.77,55560.47,66149.43,75568.87,81514.21
"iceland","isl",0.02,0.03,0.03,0.04,0.04,0.05,0.06,0.06,0.07,0.08,0.09,0.1,0.13,0.15,0.19,0.23,0.28,0.28,0.3,0.37,0.47,0.6,0.76,1.06,1.56,2.22,3.1,4.47,6.9,10.18,16.47,25.59,40.16,69.38,91.66,124.9,164.98,215.09,264.3,325.15,379.1,409.98,408.89,420.85,447.14,460.84,493.83,536.72,603.41,649.72,709.56,802.28,854.14,876.73,970.42,1061.43,1225.72,1386.95,1589.63,1626.39,1680.97,1765.01,1845.16,1970.15,2086.36,2310.85,2512.06,2641.96,2844.06,3026.1,2929.17,3272.55,3882.05,4338.61,4616.46
"india","ind",128.04,135.08,132.06,139.65,130.45,136.49,154.18,156.34,172.45,175.83,180.34,190.26,204.56,209.56,255.75,267.22,299.52,367.97,389.23,421.2,468.2,501.2,552.5,672.4,793.8,852.1,918.1,1040.2,1126.7,1235.6,1470.6,1727.8,1932.6,2250.7,2521.9,2845.3,3183.7,3618.7,4293.6,4932.8,5761.1,6622.6,7612,8759.9,10275.7,12055.8,13948.2,15452.9,17723,19882.6,21398.9,23152.4,24926.1,27925.3,31863.3,36321.3,42546.3,48986.6,55141.5,63664.1,76344.7,87363.3,99440.1,112335.2,124679.6,137718.7,153916.7,170900.4,188996.7,201035.9,198541,235974,268904.7,301229.6,330728.48
"indonesia","idn",NA,NA,NA,NA,NA,NA,NA,NA,NA,NA,1.01,1.2,3.44,7.36,13.84,50.85,576.93,1213.63,3034.82,3816.15,4563.21,5097.9,5936.04,8656.71,13101.94,16376.9,20976.77,25359.57,30612.14,43764.91,62257.71,70029.2,75268.73,93789.9,109999.8,118901.2,129820.3,156517.9,180840.1,216981.6,254781,301434.9,341591.6,398454.6,461820.4,549170.8,643480,758418.5,1154797.6,1328760.7,1511556.6,1790590.7,1981482.2,2190134.7,2497011.5,3017393.8,3631835.3,4297113.4,5414841.9,6011375,6864133.1,7831726,8615704.5,9546134,10569705.3,11526332.8,12401728.5,13589825.7,14838756,15832657.2,15443353.2,16976751.4,19588459.9,20892348.5,22138964
"iran, islamic republic of","irn",NA,NA,NA,NA,NA,161.78,187.32,216.34,251.75,293.4,320.29,337.43,357.54,374.96,410.03,472.95,518.88,576.98,661.03,745.93,840.38,1048.34,1313.69,1881.25,3149.89,3558.4,4841.11,5742.1,5488.81,6352.59,6891.35,8160.73,10640.57,13708.84,14906.59,15708.53,15887.21,19298.98,21705.25,27331.36,38748.41,55354.95,74189.8,107507.11,139682.04,201145.98,277281.11,323163.01,359775.78,482785.86,643939.45,751016.39,1056702.51,1313459.74,1649382.25,2062997.2,2505521.68,3348041.7,4080696.25,4369336.13,5357811.73,6896000,7895674,10634999,12254707,12103890,14408892,16736418,21627071,27364016,40791378,66774502,104350050,143039264,200806220.96
"iraq","irq",NA,NA,NA,NA,NA,NA,NA,NA,NA,NA,2.19,2.38,2.54,2.57,3.04,3.32,3.6,3.63,4.12,4.28,4.67,5.41,5.41,6.06,12.75,15.2,19.94,22.45,26.84,42.32,59.26,41.4,47.47,49.25,55.44,57.57,55.97,66.51,74.43,78.12,86.56,74.09,183.77,462.5,2289.5,7211.81,8840.17,12149.44,17065.88,36248.67,50149.14,40726.64,41219.4,29989.13,53235.36,73533.6,95587.95,111455.81,157026.06,130642.19,162064.57,217327.11,254225.49,273587.53,273603.02,207121.63,198774.37,224636.32,272083.89,279757.64,217413.59,305592.42,417686.13,356378.61,360720.91
"ireland","irl",0.53,0.56,0.64,0.7,0.71,0.74,0.75,0.78,0.81,0.86,0.91,0.98,1.06,1.14,1.29,1.38,1.46,1.59,1.79,2.07,2.26,2.59,3.15,3.8,4.22,5.31,6.54,7.96,9.4,11.14,13.22,16.04,19.03,20.97,23.23,25.23,26.88,28.72,30.68,34.04,36.9,38.4,40.9,44.05,47.35,54.84,60.23,69.4,80.43,92.79,108.5,122.09,136,145.58,156.26,170.31,184.92,197.07,187.28,169.52,167.45,173.38,176.89,183.19,200.82,272.54,276.21,308.52,334.87,363.68,382.21,449.22,520.94,509.95,533.44
"israel","isr",0,0,0,0,0,0,0,0,0,0,0,0,0,0,0,0,0,0,0,0,0,0,0,0,0.01,0.01,0.01,0.02,0.03,0.05,0.13,0.3,0.69,1.78,8.81,32.93,51.17,65.51,81.37,99.23,123.18,157.96,190.45,220.29,267.54,317.85,367.62,412.25,458.24,502.67,556.62,567.72,593.83,599.07,628.2,661.68,708.81,758.79,793.78,839.17,896.15,959.28,1016.39,1077.74,1127.11,1179.53,1236.44,1290.27,1351.13,1428.12,1414.04,1582.32,1764.41,1878.37,1999.26
"italy","ita",5.21,6.07,6.54,7.24,7.71,8.5,9.25,9.93,10.67,11.33,13.13,14.6,16.4,18.79,20.56,22.13,23.97,26.41,28.62,31.6,35.56,38.74,42.46,51.36,64.88,73.61,92.89,113.83,134.8,164.73,211.92,253.86,299.63,348.89,398.91,447.69,494.98,541.47,601.7,660.64,719.13,785.55,826.71,851.51,900.64,990.52,1047.75,1095.09,1141.26,1177.55,1244.74,1308.62,1355.52,1399.39,1457.36,1499.07,1559.86,1621.71,1643.72,1584.11,1617.94,1657.36,1632.9,1621.26,1635.87,1663.28,1704.86,1744.49,1777.74,1804.07,1670.01,1842.51,1998.07,2131.39,2192.18
"jamaica","jam",NA,NA,NA,0.27,0.3,0.34,0.41,0.5,0.51,0.52,0.56,0.6,0.62,0.63,0.72,0.78,0.81,0.88,0.97,1.07,1.29,1.4,1.61,1.92,2.33,2.73,2.8,3.04,3.85,4.14,4.57,5.02,5.76,7.1,9.24,11.26,13.03,14.7,17.51,21.05,33.58,51.85,99.55,135.72,180.4,231.15,274.46,297.4,321.17,346.98,387.09,422.92,470.55,544.51,622.66,700.28,784.34,885.63,997.44,1065.32,1152.78,1240.7,1314.13,1432.1,1541.9,1659.68,1760.98,1895.03,2027.25,2110.43,1966.93,2210.22,2623.26,2994.28,3155.99
"japan","jpn",4167.77,5772.23,6516.18,7354.44,8166.46,8977.25,10106.38,11646.75,12376.01,14148.06,17172.04,20740.27,23535.9,26936.59,31685.96,35252.15,40941.02,47978.15,56821.01,66746.66,78670.03,86560.52,99102.57,120665.74,143990.23,159096.12,178666.83,199098.62,219244.45,237631.54,256076,274615.8,288612.9,301844.1,319663.6,340395.3,357276.2,373273.1,400566.9,428994.1,461295,491418.8,504161.3,504497.8,510916.2,521613.6,535562,543545.3,536497.4,528069.9,535417.8,531653.9,524478.7,523968.7,529400.9,532515.6,535170.2,539281.7,527823.8,494938.4,505530.6,497449,500474.6,508700.6,518811.1,538032.4,544364.6,553073,556630.1,557910.9,539646.1,553068.3,560464.3,591912.5,609432.6
"jordan","jor",NA,NA,NA,NA,0.05,0.04,0.06,0.07,0.07,0.08,0.09,0.1,0.11,0.11,0.14,0.16,0.18,0.21,0.21,0.24,0.23,0.25,0.28,0.29,0.33,0.41,0.56,0.68,0.83,0.99,1.17,1.46,1.66,1.8,1.92,1.98,2.25,2.3,2.36,2.44,2.78,2.98,3.67,3.94,4.45,4.79,5,5.24,5.79,5.97,6.19,6.57,7.07,7.5,8.35,9.31,11.2,12.73,16.08,17.42,19.27,20.96,22.46,24.46,26.16,27.4,28.32,29.54,30.79,31.6,31.03,32.87,34.54,36.27,37.88
"kazakhstan, republic of","kaz",NA,NA,NA,NA,NA,NA,NA,NA,NA,NA,NA,NA,NA,NA,NA,NA,NA,NA,NA,NA,NA,NA,NA,NA,NA,NA,NA,NA,NA,NA,NA,NA,NA,NA,NA,NA,NA,NA,NA,NA,0.1,0.17,2.44,29.88,423.47,1014.19,1415.75,1672.14,1733.26,2016.46,2599.9,3250.59,3776.28,4611.98,5870.13,7590.59,10213.73,12849.79,16052.92,17007.65,21815.52,28243.05,31015.19,35999.03,39675.83,40884.13,46971.15,54378.86,61819.54,69532.63,70649.03,83951.59,103765.52,119442.29,134339.76
"kenya","ken",5.15,6.51,6.64,6.74,7.86,9,9.31,9.95,10.07,9.93,10.82,10.84,11.89,12.86,13.55,14.19,16.37,16.83,18.37,19.35,21.21,23.5,28.95,33.53,40.32,48.39,55.99,70.37,77.76,86.31,99.79,114.6,133.21,150.14,168.68,191.37,224.43,249.5,279.09,321.09,370.86,421.26,485.26,607.79,703.23,817.97,1031.72,1153.81,1245.35,1307.66,1386.82,1468.86,1498.59,1624.35,1804.38,1987.63,2139.08,2471.07,2840.22,3275.64,3597.63,4162.51,4767.19,5311.32,6003.84,6884.32,7594.06,8483.4,9340.31,10237.73,10714.09,12027.66,13489.65,15108.81,16441.04
"kiribati","kir",NA,NA,NA,NA,NA,NA,NA,NA,NA,NA,NA,NA,NA,NA,NA,NA,NA,NA,NA,NA,0.01,0.01,0.01,0.02,0.03,0.03,0.03,0.03,0.03,0.03,0.03,0.03,0.03,0.03,0.04,0.04,0.04,0.04,0.05,0.05,0.05,0.05,0.08,0.09,0.09,0.09,0.1,0.11,0.12,0.12,0.13,0.13,0.14,0.15,0.14,0.15,0.15,0.16,0.18,0.18,0.18,0.19,0.2,0.21,0.22,0.25,0.28,0.29,0.31,0.31,0.32,0.38,0.39,0.43,0.47
"korea, republic of","kor",NA,NA,NA,49.09,67.95,117.14,155.47,202.7,210.57,223.72,251.79,301.82,365,517.46,736.53,826.64,1060.3,1304.33,1688.08,2206.37,2821.4,3473.3,4318.2,5603.3,8033.2,10709,14699.7,18907.2,25567.1,32952.6,40423.3,50591.8,58429.2,69523.5,80395.8,90277,105744.5,125228,150300.3,170708.4,206712.6,249964.9,286437.4,325647.7,384996.6,452187.2,507768.4,560502,556786.9,613069.3,675732.6,732723.1,813225.4,868110.6,942885.3,995175.5,1045663.2,1134541.3,1202972.9,1255305.4,1379460.2,1448575.7,1504674.1,1570938.1,1638484.8,1740776,1833026.5,1934233.9,2006974.6,2040594.3,2058466.6,2221913,2323781.5,2401189.4,2549120.7
"kosovo, republic of","kos",NA,NA,NA,NA,NA,NA,NA,NA,NA,NA,NA,NA,NA,NA,NA,NA,NA,NA,NA,NA,NA,NA,NA,NA,NA,NA,NA,NA,NA,NA,NA,NA,NA,NA,NA,NA,NA,NA,NA,NA,NA,NA,NA,NA,NA,NA,NA,NA,NA,NA,2.4,2.8,2.89,3,2.98,3.07,3.2,3.55,3.54,3.61,4.03,4.56,4.8,5.07,5.33,5.67,6.04,6.36,6.67,7.06,6.77,7.96,8.9,9.68,10.31
"kuwait","kwt",NA,NA,NA,NA,NA,NA,NA,NA,NA,NA,NA,NA,0.65,0.68,0.74,0.75,0.85,0.87,0.95,0.99,1.03,1.38,1.46,1.6,3.81,3.48,3.84,4.05,4.26,6.84,7.75,7.04,6.21,6.08,6.42,6.45,5.2,6.23,5.77,7.14,5.33,3.13,5.83,7.23,7.38,8.11,9.43,9.21,7.91,9.17,11.57,10.7,11.59,14.27,17.52,23.59,29.47,32.58,39.62,30.5,33.08,42.51,48.72,49.39,46.29,34.47,33.06,36.61,41.87,42.77,34.01,44.78,56.33,50.29,48.63
"kyrgyz republic","kgz",NA,NA,NA,NA,NA,NA,NA,NA,NA,NA,NA,NA,NA,NA,NA,NA,NA,NA,NA,NA,NA,NA,NA,NA,NA,NA,NA,NA,NA,NA,NA,NA,NA,NA,NA,NA,NA,0.03,0.03,0.04,0.04,0.09,0.74,5.34,12.02,16.15,23.4,30.69,34.18,48.74,65.36,73.88,75.37,83.87,94.35,100.9,113.8,141.9,187.99,201.22,220.37,285.99,310.47,355.29,400.69,430.49,476.33,530.48,569.39,654.02,639.69,782.85,1020.74,1333.73,1523.24
"lao people's democratic republic","lao",NA,NA,NA,NA,NA,NA,NA,NA,NA,NA,NA,NA,NA,0.15,0.31,0.36,0.42,0.47,0.51,0.57,0.63,0.67,0.86,1.23,1.91,2.64,3.01,5.61,6.17,6.23,19.79,22.64,39.65,72.54,103.87,167.93,247.89,321.86,469.36,852.82,1224.85,1443.36,1687.85,1901.15,2215.01,2836.74,3450.46,4399.45,4399.45,9920.03,14132.2,16671.69,19693.98,23650.99,28059.24,32483.36,39704.19,45647.65,51950.01,54789.54,61996.76,71961.76,81609.86,93867.57,106797.29,117251.58,129279.12,140697.75,152414.2,163080.4,167668.97,180751.07,217350.48,280240.54,342330.31
"latvia, republic of","lva",NA,NA,NA,NA,NA,NA,NA,NA,NA,NA,NA,NA,NA,NA,NA,NA,NA,NA,NA,NA,NA,NA,NA,NA,NA,NA,NA,NA,NA,NA,NA,NA,NA,NA,NA,NA,NA,NA,NA,NA,0.11,0.25,1.72,2.51,3.49,3.93,4.54,5.25,5.85,6.1,6.7,7.32,8.14,9.14,10.63,13.1,16.29,21.51,23.35,18.48,17.72,19.12,21.1,21.96,22.79,23.74,24.5,26.02,28.15,29.57,29.22,32.28,36.1,39.37,40.21
"lebanon","lbn",NA,NA,NA,NA,NA,NA,NA,NA,NA,NA,NA,NA,4.65,3.49,3.7,4.07,4.25,4.21,4.7,5.02,5.35,5.94,6.99,7.76,8.92,7.46,4.14,8.4,8.68,11,13.81,16.58,12.43,16.35,27.8,58.54,106.66,730.89,1337.96,1332.04,1946.76,4077.04,9372.65,12947.07,15101.43,17787.82,20145.77,23916.59,25863.35,25894.92,25655.16,26171.2,28397.19,29375.01,31898,32407,33199,37427,43897,53365,57954,60190,66355,70672,72503,75268,77109,79943,82761,80273,96906,245572,661202.41,2056199.32,2532499.08
"lesotho, kingdom of","lso",NA,NA,NA,NA,NA,NA,NA,NA,NA,NA,0.02,0.02,0.03,0.03,0.04,0.04,0.04,0.05,0.06,0.08,0.09,0.11,0.14,0.16,0.19,0.23,0.27,0.22,0.29,0.3,0.33,0.38,0.39,0.45,0.52,0.63,0.75,0.88,1.13,1.36,1.64,2.05,2.46,2.83,3.25,3.74,4.2,4.73,5.24,5.72,6.4,7.38,8.32,9.01,10,11.07,12.1,12.54,14.64,15.15,16.95,19.13,20.97,23.75,27.4,30.36,31.01,31.51,34.01,34.36,34.24,36.31,38.66,41.47,44.45
"liberia","lbr",NA,NA,NA,NA,NA,NA,NA,NA,NA,NA,0.25,0.24,0.25,0.26,0.29,0.3,0.32,0.34,0.36,0.4,0.42,0.45,0.48,0.57,0.69,0.83,0.86,0.96,1.06,1.22,1.25,1.44,1.49,1.48,1.46,1.44,1.42,1.49,1.58,1.63,0.8,0.72,0.46,0.33,0.27,0.28,0.33,0.56,0.68,0.82,0.86,0.9,0.94,0.71,0.9,0.94,1.11,1.34,1.68,1.77,1.97,2.34,2.67,3.04,3.09,3.09,3.26,3.32,3.26,3.08,3.04,3.51,3.97,4.39,4.82
"libya","lby",NA,NA,NA,NA,NA,NA,NA,NA,NA,NA,0.22,0.24,0.34,0.48,0.73,0.99,1.31,1.57,2.1,2.61,2.57,2.35,2.56,2.82,3.7,4.21,5.44,6.29,6.22,8.58,11.9,10.28,10.25,9.77,9.15,9,7.8,6.83,7.4,8.22,8.95,9.82,10.43,10.2,10.9,11.68,13.32,14.38,14.45,17.22,20.23,21.3,26.85,34.7,44.44,63.92,78.94,85.9,106.1,76.23,95.49,58.97,116.76,95.82,73,67.29,69.4,93.61,104.67,96.84,65.07,158.99,208.15,211.91,204.23
"lithuania, republic of","ltu",NA,NA,NA,NA,NA,NA,NA,NA,NA,NA,NA,NA,NA,NA,NA,NA,NA,NA,NA,NA,NA,NA,NA,NA,NA,NA,NA,NA,NA,NA,NA,NA,NA,NA,NA,NA,NA,NA,NA,NA,0.04,0.13,1.04,3.54,5.17,7.81,9.78,11.77,13.07,12.76,13.37,14.2,15.21,16.67,18.29,20.98,24,29.01,32.64,26.98,27.66,31.04,33.24,34.88,36.41,37.44,38.81,42.28,45.95,49.24,50.25,56.67,67.45,73.8,78.41
"luxembourg","lux",0.42,0.58,0.63,0.57,0.59,0.65,0.71,0.77,0.76,0.78,0.84,0.84,0.88,0.94,1.07,1.12,1.2,1.29,1.38,1.53,1.7,1.86,2.08,2.36,2.77,3.07,3.49,3.77,4.1,4.35,4.66,5.09,5.14,5.65,6.26,6.64,7.3,7.59,8.46,9.66,10.43,11.54,12.19,13.46,14.47,15.02,15.7,16.32,17.31,19.77,22.99,23.88,25.01,26.23,28.19,30.28,34.18,37.64,40.01,39.05,42.4,44.32,46.53,49.09,51.79,54.14,56.21,58.17,60.19,62.42,64.5,73.04,76.73,80.99,86.1
"madagascar, republic of","mdg",NA,NA,NA,NA,NA,NA,NA,NA,NA,NA,45.99,47.96,50.97,57.63,62.31,64.64,68.06,72.41,78.09,84.08,90.03,97.05,99.21,103.15,127.88,140.17,141.3,149.12,155.01,189.58,219.81,258.65,334.7,403.46,450.47,503.82,588.14,687.06,897.58,1018.39,1174.8,1194.71,1384.91,1555.25,2160.77,3274.38,4005.91,4340.45,4790.57,5376.28,6265.67,7166.08,7312.52,7891.24,9465.27,11736.27,13701.55,15974.09,18322.51,18812.6,20863.37,23393.79,25415.47,27417.73,30240.59,33216.18,37637.59,41058.84,45886.3,51035.22,49435.65,54978.31,62775.45,70297.18,78835.15
"malawi","mwi",NA,NA,NA,NA,0.22,0.24,0.26,0.28,0.3,0.3,0.32,0.34,0.35,0.37,0.42,0.44,0.5,0.54,0.6,0.64,0.71,0.88,0.91,0.98,1.21,1.48,1.64,1.78,1.95,2.03,2.45,2.71,3.04,3.51,4.17,4.75,5.37,6.26,8.35,10.25,11.52,15.08,15.83,22.26,25.59,52.15,85.26,106.93,132.81,191.17,253.47,301.64,377.44,440.25,533.02,609.57,765.65,873.55,1052.79,1230.57,1474.65,1763.87,2114.44,2831.66,3618.12,4503.57,5552.07,6531.22,7235.94,8219.85,8815.34,9975.52,11795.66,15474.72,20321.4
"malaysia","mys",NA,NA,NA,NA,NA,6.11,6.18,6.23,6.01,6.76,7.47,7.43,7.78,8.78,9.15,9.82,10.75,11.83,12.75,13.15,14.06,15.3,17.27,21.33,27.11,28.56,32.68,36.91,41.39,50.72,58.25,62.95,68.37,76.01,86.92,84.65,78.22,87,99.11,112.9,127.77,147.17,164.11,187.54,212.88,242.3,276.35,306.91,308.49,327.57,388.17,384.01,417.37,456.1,516.3,569.37,625.1,696.91,806.48,746.68,833.1,924.69,985.05,1033.09,1122.16,1176.94,1249.7,1372.31,1447.76,1512.74,1418.49,1548.7,1793.9,1822.9,1931.12
"maldives","mdv",NA,NA,NA,NA,NA,NA,NA,NA,NA,NA,NA,NA,NA,0.06,0.07,0.08,0.09,0.1,0.11,0.12,0.14,0.15,0.16,0.18,0.23,0.21,0.28,0.27,0.32,0.42,0.47,0.55,0.62,0.67,0.8,0.95,1.13,1.37,1.57,1.82,2.21,2.69,3.23,3.79,4.43,5.48,6.21,7.68,8.16,8.9,9.43,9.82,10.6,13.47,15.7,14.89,20.16,23.92,29.08,30.02,33.13,40.51,44.35,50.63,56.87,63.46,67.77,74.11,83.18,88.08,57.1,80.77,95.05,101.41,108.16
"mali","mli",NA,NA,NA,NA,NA,NA,NA,NA,NA,NA,55.32,56.62,59.5,64.88,72.75,74.75,79.7,88.77,89.72,102.26,132.34,152.79,152.23,207.94,226.97,237.96,259.4,319.74,340.37,404.44,429.11,451.01,482.24,540.43,618.93,640.67,686.02,693.55,689.85,769.73,877.44,923.33,890.72,951.03,1401.97,1650.18,1734.52,1857.88,1959.38,2117.67,2103.27,2540.2,2711.12,2733.68,2876.23,3294.06,3607.84,3903.96,4402.81,4825.41,5288.94,6123.93,6352.36,6540.56,7093,7747.73,8311.93,8922.04,9481.93,10124.69,10052.81,10707.69,12024.38,12847.97,13775.43
"malta","mlt",NA,NA,NA,NA,0.08,0.08,0.09,0.1,0.1,0.11,0.12,0.12,0.12,0.12,0.12,0.13,0.14,0.15,0.17,0.2,0.23,0.24,0.25,0.28,0.32,0.4,0.49,0.58,0.67,0.78,0.94,1.05,1.11,1.1,1.11,1.15,1.23,1.32,1.46,1.61,1.77,1.94,2.11,2.26,2.48,2.76,2.87,3.11,3.32,3.55,4.12,4.27,4.5,4.76,4.9,5.14,5.38,5.78,6.24,6.29,6.86,7.03,7.48,8.13,8.95,10.22,10.86,12.54,13.68,14.59,14.37,16.68,18.27,20.54,22.47
"marshall islands, republic of the","mhl",NA,NA,NA,NA,NA,NA,NA,NA,NA,NA,NA,NA,NA,NA,NA,NA,NA,NA,NA,NA,0.01,0.01,0.01,0.01,0.02,0.02,0.02,0.02,0.02,0.03,0.03,0.03,0.04,0.04,0.05,0.05,0.06,0.07,0.07,0.08,0.08,0.09,0.1,0.1,0.11,0.13,0.12,0.11,0.11,0.11,0.12,0.12,0.13,0.13,0.13,0.14,0.14,0.15,0.15,0.15,0.16,0.17,0.18,0.19,0.19,0.18,0.2,0.21,0.22,0.23,0.24,0.26,0.25,0.26,0.28
"mauritania, islamic republic of","mrt",NA,NA,NA,NA,NA,NA,NA,NA,NA,NA,NA,0.94,0.97,0.99,1.32,1.5,1.57,1.66,1.83,1.82,2.05,2.21,2.35,2.62,3.31,3.61,4.15,4.34,4.42,5.2,5.73,6.35,6.83,7.6,8.16,9.26,10.5,11.82,12.67,14.34,14.46,16.84,18.84,22.32,24.03,27.14,29.26,31.46,38.3,41.61,42.52,44.63,48.29,53.95,62.68,77.98,105.28,112.39,124.02,123.69,155.3,190.17,199.57,217.18,199.57,200.22,225.47,243.41,266.64,289.66,307.21,332.6,353.02,388.67,419.69
"mauritius","mus",0.59,0.68,0.76,0.78,0.78,0.74,0.88,0.91,0.82,0.88,0.81,0.96,0.98,1.29,1.22,1.29,1.28,1.35,1.35,1.45,1.46,1.53,1.75,2.22,3.09,3.59,4.95,5.76,6.63,7.74,9.54,10.54,12.3,14.02,15.29,17.33,20.33,24.71,29.9,34.87,40.76,47.23,52.88,61.8,69.81,77.18,82.37,90.76,104.45,115.77,129.54,142.22,153.5,171.74,191.44,202.54,225.87,258.65,288.08,295.68,312.1,335.1,355.37,377.41,400.35,420.94,447.62,472.86,500.05,512.11,448.87,478.81,570.3,638.32,694.02
"mexico","mex",0.06,0.07,0.08,0.08,0.1,0.12,0.14,0.16,0.18,0.2,0.22,0.24,0.26,0.29,0.33,0.36,0.4,0.44,0.49,0.54,0.6,0.66,0.75,0.91,1.2,1.46,1.77,2.36,3,3.95,5.56,7.61,12.26,22.08,36.41,59.05,96.93,239.42,486.08,641.68,865.19,1112.91,1323.38,1651.78,1868.53,2440.39,3284.16,4144.91,5092.99,6035,7016.6,7437.11,7827.76,8259.53,9248.39,9999.6,11120.12,12046.75,12927.76,12749.12,13968.15,15268.44,16529.12,16954.01,18137.65,19228.61,20758.79,22536.21,24176.67,25121.82,24086.76,26690.03,29516.05,31855.57,33913.83
"micronesia, federated states of","fsm",NA,NA,NA,NA,NA,NA,NA,NA,NA,NA,NA,NA,NA,NA,NA,NA,NA,NA,NA,NA,0.02,0.02,0.03,0.04,0.05,0.05,0.05,0.05,0.06,0.06,0.07,0.08,0.08,0.09,0.09,0.11,0.12,0.12,0.14,0.14,0.16,0.18,0.19,0.21,0.21,0.22,0.22,0.21,0.22,0.22,0.23,0.24,0.24,0.24,0.24,0.25,0.25,0.25,0.26,0.28,0.29,0.31,0.32,0.31,0.32,0.31,0.33,0.36,0.39,0.39,0.37,0.39,0.42,0.44,0.47
"moldova, republic of","mda",NA,NA,NA,NA,NA,NA,NA,NA,NA,NA,NA,NA,NA,NA,NA,NA,NA,NA,NA,NA,NA,NA,NA,NA,NA,NA,NA,NA,NA,NA,NA,NA,NA,NA,NA,NA,NA,NA,NA,NA,0.01,0.03,0.19,1.82,4.74,6.48,7.8,8.92,9.12,12.32,16.34,19.05,22.56,27.62,32.03,37.65,44.75,53.43,62.92,60.43,86.28,98.77,105.48,119.53,131.96,146.74,159.01,176.01,189.06,206.26,199.73,242.08,274.49,303.55,323.1
"mongolia","mng",1.19,1.27,1.36,1.46,1.56,1.66,1.78,1.9,2.03,2.17,2.32,2.48,2.65,2.84,3.03,3.24,3.47,3.71,3.96,4.24,4.61,4.83,5,5.44,5.67,6.04,6.28,6.77,7.28,7.59,8.07,8.88,9.81,10.47,10.75,11.2,11.13,11.6,12.31,12.83,12.51,22.6,56.13,227.68,382.1,651.46,738,932.93,945.46,1080.53,1224.06,1391.88,1550.61,1829.07,2361.16,3041.41,4027.56,4956.65,6555.57,6590.64,9756.59,13173.76,16688.42,19174.24,22227.05,22894.78,23931.34,28010.71,32582.63,37839.23,37453.28,43555.48,53851.54,70441.52,79956.29
"montenegro","mne",NA,NA,NA,NA,NA,NA,NA,NA,NA,NA,NA,NA,NA,NA,NA,NA,NA,NA,NA,NA,NA,NA,NA,NA,NA,NA,NA,NA,NA,NA,NA,NA,NA,NA,NA,NA,NA,NA,NA,NA,1.72,1.45,1.15,0.67,0.68,0.86,0.65,0.73,0.75,0.76,1.05,1.28,1.34,1.49,1.67,1.82,2.17,2.69,3.1,2.99,3.13,3.26,3.18,3.36,3.46,3.65,3.95,4.3,4.66,4.95,4.19,4.96,5.92,6.96,7.41
"morocco","mar",6.3,7.56,9.09,9.95,10.33,10.12,10.79,11,12.58,12.56,13.9,13.82,16.24,17.67,18.58,19.59,19.12,20.2,22.82,22.78,24.23,26.69,28.28,30.58,41.08,46.14,53.58,62.95,69.77,78.48,93.72,99.97,117.51,125.41,142.11,163.82,195.72,198.22,230.51,245.31,269.21,304.21,311.49,318.57,354.6,360.72,407.12,403.62,434.54,441.73,446.84,482.68,503.76,539.46,572.24,598.11,653.37,700.77,775.9,810.02,849.13,887.5,917.59,971.74,1001.45,1078.12,1094.25,1148.9,1195.24,1239.84,1152.48,1276.56,1330.56,1463.36,1544.5
"mozambique, republic of","moz",NA,NA,NA,NA,NA,NA,NA,NA,NA,NA,0.05,0.06,0.06,0.07,0.07,0.07,0.07,0.07,0.07,0.08,0.09,0.1,0.11,0.11,0.12,0.13,0.14,0.14,0.14,0.15,0.16,0.13,0.14,0.13,0.14,0.19,0.21,0.69,1.11,1.75,3.29,5.53,7.04,11.17,17.86,27.63,45.52,56.26,65.92,80.29,90.31,116.98,140.9,156.57,179.23,204.52,241.56,279.37,313.97,337.48,387.55,424.95,473.49,517.73,563.67,648.08,761.03,843.42,905.94,970.3,988.86,1058.44,1205.73,1338.68,1402.36
"myanmar","mmr",NA,NA,NA,NA,NA,NA,NA,NA,NA,NA,6.45,6.58,6.89,7.85,7.22,8.01,7.89,8.48,9.66,10.25,10.61,11.07,12.39,14.6,17.5,20.81,23.32,25.1,27.44,30.22,33.31,36.66,39.5,42.27,44.79,47.01,52.2,59.24,82.12,113.06,138.45,178.28,249.2,340.5,440.4,570.87,777.2,1111.45,1553.19,2162.57,2699.19,3472.09,5220.61,7592.62,9558.05,12158.84,16582.79,22870.77,28912.11,32870.79,36888.53,42351.43,48829.78,56839.86,65262.09,72714.02,79690.36,89547.99,100252.24,112559.12,113043.12,108632.84,133449.08,149606,157542.74
"namibia","nam",NA,NA,NA,NA,NA,NA,NA,NA,NA,NA,0.18,0.18,0.2,0.23,0.26,0.29,0.32,0.31,0.33,0.36,0.39,0.43,0.47,0.53,0.64,0.74,0.84,0.93,1.07,1.28,1.69,1.77,2.06,2.29,2.57,3.21,3.7,4.19,5.07,5.95,6.65,7.84,9.4,10.31,12.55,14.32,16.99,18.94,21.2,23.38,27.33,30.78,35.72,37.62,43.04,46.6,52.18,61.58,70.11,75.21,82.6,90.11,106.86,117.42,134.84,146.02,157.71,171.57,181.07,181.21,174.24,183.29,205.58,228.89,245.1
"nauru, republic of","nru",NA,NA,NA,NA,NA,NA,NA,NA,NA,NA,NA,NA,NA,NA,NA,NA,NA,NA,NA,NA,0.02,0.02,0.02,0.02,0.02,0.03,0.03,0.04,0.04,0.04,0.04,0.04,0.05,0.05,0.05,0.05,0.06,0.06,0.06,0.07,0.07,0.07,0.07,0.06,0.06,0.05,0.05,0.05,0.04,0.04,0.04,0.04,0.04,0.04,0.04,0.04,0.04,0.03,0.04,0.06,0.05,0.07,0.1,0.09,0.11,0.1,0.13,0.14,0.17,0.17,0.19,0.24,0.21,0.23,0.24
"nepal","npl",NA,NA,NA,NA,NA,NA,NA,NA,NA,NA,4.04,4.98,5.12,5.59,6.19,6.88,8.42,8.06,8.21,8.93,10.55,10.21,11.41,12.66,16.13,17.51,17.71,20.05,22.9,25.78,27.1,31.69,34.53,40.28,47.65,57.05,68.24,78.2,94.17,109.31,126.64,151.6,187,215.13,244.01,268.39,304.8,343.5,368.39,418.83,464.7,503.62,524.07,561.47,612.25,672.31,746.08,830.2,930.38,1127.28,1360.54,1559.22,1758.38,1949.29,2232.53,2423.64,2608.18,3077.14,3455.95,3858.93,3888.7,4352.55,4976.56,5348.53,5776.25
"netherlands, the","nld",9.05,10.33,10.78,11.47,12.81,14.34,15.55,16.9,17.06,18.19,20.35,21.49,23.13,25.1,29.53,32.98,35.91,39.4,43.69,55.52,62.25,70.65,79.11,91.03,103.53,114.69,130.82,141.85,152.95,162.4,174.83,183.32,190.74,198.17,207.21,216.54,223.53,226.96,236.82,250.8,265.32,280.31,291.85,300.23,315.68,330.03,345.3,369.66,394.84,420.14,452.19,482.94,502.9,514.9,531.57,553.12,587.44,622.78,651.3,630.17,643.02,656.01,658.23,665.57,678.63,699.18,720.18,750.86,787.27,829.77,816.46,891.55,993.82,1067.6,1134.12
"new zealand","nzl",1.51,1.57,1.64,1.8,2.02,2.13,2.23,2.37,2.46,2.62,2.82,2.87,3.11,3.38,3.69,4.01,4.17,4.33,4.57,5.04,5.8,6.76,7.85,9.09,9.9,11.44,13.83,14.59,16.53,19.31,23.15,26.98,30.91,33.62,38.68,45.24,52.37,62.45,69.37,73.74,76.59,75.24,77.28,82.86,89.14,94.82,100.49,103.87,105.87,111.22,118.34,126.3,133.69,141.53,153.01,160.8,168.96,183.2,189.77,192.36,202.05,211.29,216.34,228.26,241.09,251.98,266.99,286.73,302.69,320.04,323.9,353.02,385.58,412.46,425.49
"nicaragua","nic",0,0,0,0,0,0,0,0,0,0,0,0,0,0,0,0,0,0,0,0,0,0,0,0,0,0,0,0,0,0,0,0,0,0,0,0,0,0,0,0.01,0.52,15.71,19.47,23.36,25.96,31.18,36.34,41.48,49.05,57.35,64.81,71.56,74.45,80.39,92.32,105.78,118.84,136.95,164.6,168.79,187.05,219.18,247.99,271.53,308.4,347.71,380.26,414.28,410.99,420.61,437.05,499.75,560.88,648.87,721.28
"niger","ner",NA,NA,NA,NA,NA,NA,NA,NA,NA,NA,81.65,88.72,96.19,106.47,101.21,112.67,153.66,149.02,133.39,145.75,160.52,161.54,163.91,163.18,179.16,235.62,335.6,400.72,503.82,615.81,746.01,830.32,933.21,967.14,898.59,910.83,928.01,944.62,956.02,978.68,950.42,922.68,892.5,861.09,1072.38,1145.34,1226.16,1332.01,1554.72,1556.85,1586.92,1788.19,1924.54,1961.82,1976.31,2304.13,2477.72,2735.74,3246.71,3448.08,3875,4126.05,4802.44,5040.75,5346.05,5724.87,6135.41,6494.7,7114.53,7567.9,7910.95,8270.76,9621.24,10194.45,12042.83
"nigeria","nga",2.62,3.02,3.33,3.61,4.17,4.64,4.9,5.27,5.35,5.83,6.61,7.1,7.68,8.15,9.01,9.91,10.52,8.64,8.58,11.31,21.2,24.55,27.55,31.66,49.11,60.98,75.73,90.66,99.69,114.7,134.69,140.73,150.57,160.37,167.54,189.74,200.14,247.17,318.83,419.08,499.68,596.04,909.8,1259.07,1762.81,2895.2,3779.13,4111.64,4588.99,5307.36,6897.48,8134.14,11332.25,13301.56,17321.3,22269.98,28662.47,32995.38,39157.88,44285.56,55469.35,63713.36,72599.63,81009.97,90136.99,95177.74,102575.42,114899.25,129086.91,145639.14,154252.32,176075.5,202365.03,234425.92,277493.78
"north macedonia, republic of","mkd",NA,NA,NA,NA,NA,NA,NA,NA,NA,NA,NA,NA,NA,NA,NA,NA,NA,NA,NA,NA,NA,NA,NA,NA,NA,NA,NA,NA,NA,NA,NA,NA,NA,NA,NA,NA,NA,NA,NA,NA,0.45,0.95,12.41,62.24,154.03,178.35,185.63,195.61,205.03,219.92,248.65,252.39,258.58,268.69,280.79,308.45,334.84,372.89,414.89,414.62,437.3,464.19,466.7,501.89,527.63,558.95,594.79,618.11,660.88,692.68,669.28,729.44,816.08,897.69,948.9
"norway","nor",17.6,21.73,24.02,24.31,26.47,28.16,31.56,33.6,33.69,35.47,37.85,41.29,44.47,47.72,52.48,57.89,62.48,68.35,72.99,79.48,91.46,102.02,112.67,128.07,148.54,170.26,195.46,219.3,243.97,269.14,318.28,365.01,404.33,449.66,506.49,562.4,581.91,634.88,664.08,708.64,749.86,790.09,813.09,855.4,897.24,963.14,1054.67,1141.34,1163.68,1266.46,1509.13,1566.71,1564.15,1624.09,1788.12,1997.04,2224.87,2360.17,2622.12,2439.71,2605.35,2809.93,2983.08,3090.34,3161.78,3130.18,3116.04,3323.1,3576.58,3596.94,3461.58,4323.93,5732.91,5101.56,5198.05
"oman","omn",NA,NA,NA,NA,NA,NA,NA,NA,NA,NA,0.05,0.06,0.07,0.08,0.1,0.13,0.15,0.18,0.22,0.26,0.28,0.3,0.34,0.33,0.49,0.75,1.01,1.16,1.16,1.58,2.51,3.06,3.21,3.36,3.7,4.12,3.6,3.8,3.7,4.13,5.15,5,5.49,5.51,5.69,6.08,6.73,6.98,6.17,6.86,8.56,8.54,8.87,9.51,10.91,13.65,16.37,18.57,26.84,21.32,24.99,29.8,33.61,34.58,35.64,30.26,28.89,31.09,35.18,33.86,29.19,33.58,42.24,40.72,41.12
"pakistan","pak",23.67,25.93,24.99,24.95,24.24,26,30.84,32.68,32.2,36.34,38.3,42.07,44.03,44.2,47.97,52.66,59.58,63.42,66.69,71.05,72.45,78.6,83,109.21,146.01,184.63,206.96,236.59,271.65,319.39,382.3,452.24,526.96,592.36,682.44,767.55,836.44,930.64,1097.93,1249.8,1399.87,1662.82,1971.07,2179.82,2553.14,3051.66,3467.48,3971.43,4379.22,4805.63,5147.1,5655.82,6030.12,6581.62,7611.68,8619.23,9689.07,11165.23,12647.14,14705.7,16507.05,19731.03,22344.64,25042.17,27952.82,30425.88,32725.05,35552.82,39189.81,43798.4,47540.41,55836.23,66657.87,83948.77,105615.57
"panama","pan",0.31,0.32,0.34,0.36,0.37,0.4,0.42,0.46,0.46,0.49,0.5,0.56,0.61,0.68,0.73,0.8,0.87,0.97,1.05,1.15,1.24,1.4,1.54,1.76,2.01,2.24,2.38,2.51,2.98,3.4,4.25,4.81,5.32,5.46,5.7,6.03,6.27,6.29,5.44,5.46,5.93,6.52,7.41,8.1,8.63,8.83,10.41,11.24,12.19,12.77,12.96,13.17,13.68,14.42,15.81,17.24,19.11,22.07,26.07,28.1,30.51,35.95,41.9,47.26,51.74,56.06,60.02,64.47,67.29,69.72,57.09,67.41,76.52,83.38,87.69
"papua new guinea","png",NA,NA,NA,NA,NA,NA,NA,NA,NA,NA,0.39,0.43,0.46,0.49,0.51,0.54,0.58,0.63,0.67,0.7,0.78,0.9,0.97,1.15,1.47,1.63,1.73,2.08,2.27,2.62,2.74,2.7,2.81,3.17,3.14,3.25,3.43,3.53,4.68,4.5,4.54,5.33,6.24,7.19,8.17,9.15,10.04,10.46,11.53,13.04,14.38,15.36,17.09,19.56,20.23,22.77,25.54,28.3,31.51,32.01,38.75,42.64,44.37,47.72,57.13,60.14,65.04,72.52,79.4,83.84,82.52,91.63,111.39,110.62,122.26
"paraguay","pry",NA,2.57,4.64,8.2,11.52,15.02,19.19,24.06,27.51,31.14,37.11,42.58,46.69,49.39,52.23,57.31,59.66,64.32,67.14,71.17,73.4,81.06,94.51,113.99,154.44,175.35,197.04,242.03,296.09,395.03,515.95,657.66,689.17,764.67,991.18,1292.43,1706.82,2318.9,3071.21,4273.29,6031.16,9255.68,10738.28,12645.36,14992.33,17789.15,20132.86,21702.87,25248.61,27563.44,30874.09,34883.19,41135.7,49411.96,57501.99,66335.83,75681.66,89866.05,107403.59,111030.93,129092.88,141486.45,147225.51,166350.81,180174.06,188477.33,204647.27,219122.28,230576.48,236681.5,239914.73,270633.9,292946.79,314281.97,332570
"peru","per",0,0,0,0,0,0,0,0,0,0,0,0,0,0,0,0,0,0,0,0,0,0,0,0,0,0,0,0,0,0,0,0,0,0,0,0,0,0,0,0.11,5.32,26.26,43.99,68.08,94.73,115.57,130.81,149.75,157.83,164.77,175.86,178.98,189.74,203.61,225.69,244.65,286.31,319.69,354.83,367.05,421.58,471.99,509.76,548.7,578.49,614.25,662.79,706.23,748.1,777.52,721.69,877.97,937.19,1001.33,1085.22
"philippines","phl",8.38,9.33,9.77,10.36,10.72,11.42,12.48,13.61,14.38,15.68,16.78,18.28,20.44,23.81,25.74,27.93,30.58,34.52,37.32,39.86,47.52,57.37,66.11,81.89,115.08,132.69,150.31,173.54,200.66,248.59,278.54,321.79,362.45,421.76,599.34,653.51,695.8,780.22,913.26,1057.54,1227.88,1422.96,1541.53,1682.42,1932.66,2176.58,2481.3,2773.37,3046.22,3347.59,3697.56,4024.4,4350.56,4717.81,5323.9,5917.28,6550.42,7198.24,8050.2,8390.42,9399.45,10144.66,11060.59,12050.59,13206.83,13944.16,15132.38,16556.65,18265.19,19517.86,17951.58,19410.62,22028.28,24313.56,26446.37
"poland, republic of","pol",NA,NA,NA,NA,NA,NA,NA,NA,NA,NA,NA,NA,NA,0.05,0.06,0.07,0.07,0.08,0.09,0.1,0.11,0.12,0.12,0.13,0.15,0.16,0.17,0.19,0.22,0.25,0.25,0.28,0.56,0.69,0.86,1.05,1.3,1.7,2.97,9.68,59.28,85.58,121.54,164.81,236.84,338.95,424.59,517.99,603.97,669.09,748.18,783.55,814.76,850,937.34,993.29,1073.37,1189.43,1290.42,1375.64,1441.65,1563.94,1622.24,1637.77,1710.19,1809.56,1865.96,1996.84,2147.59,2313.93,2362.91,2661.52,3100.85,3401.61,3617.44
"portugal","prt",0.25,0.28,0.29,0.31,0.32,0.34,0.36,0.38,0.39,0.42,0.46,0.5,0.53,0.57,0.62,0.69,0.76,0.85,0.92,1.01,1.13,1.27,1.48,1.77,2.13,2.37,2.95,3.94,4.95,6.25,8.14,9.92,12,15.33,18.83,23.11,28.25,33.28,39.72,46.93,56.35,64.62,72.64,75.97,82.37,89.03,94.35,102.33,111.35,119.6,128.41,135.78,142.55,146.07,152.25,158.55,166.26,175.48,179.1,175.42,179.86,176.32,168.54,170.68,173.19,179.39,186.38,195.51,205,214.49,201.03,216.49,243.96,267.92,285.19
"qatar","qat",NA,NA,NA,NA,NA,NA,NA,NA,NA,NA,NA,NA,NA,0.4,0.5,0.62,0.77,0.91,1.2,1.62,2.17,2.86,3.82,5.07,6.45,8.2,10.66,11.86,12.98,18.1,24.37,26.84,23.54,20.04,20.78,19.44,15.34,16.16,15.51,16.39,22.81,20.31,23.24,21.13,21.64,24.97,28.25,36.31,30.9,41.01,65.83,63.69,70.38,86.32,111.57,162.48,213.41,276.59,409.94,321.03,435.73,610.7,680.07,723.37,750.66,588.73,552.31,586.4,667.34,641.99,525.66,654.23,857.98,775.33,806.09
"romania","rou",NA,NA,NA,NA,NA,NA,NA,NA,NA,NA,0.01,0.02,0.02,0.03,0.04,0.04,0.04,0.04,0.04,0.04,0.05,0.05,0.05,0.05,0.06,0.06,0.07,0.07,0.08,0.08,0.08,0.08,0.08,0.08,0.08,0.08,0.08,0.09,0.09,0.08,0.09,0.22,0.61,2.02,5.03,7.29,11,25.55,37.76,55.13,80.87,117.39,152.27,191.92,244.69,286.86,342.76,425.69,539.83,530.92,540.45,587.24,621.21,631.63,668.91,712.55,752.13,851.62,959.66,1066.59,1069.63,1192.28,1389.45,1604.55,1766.07
"russian federation","rus",NA,NA,NA,NA,NA,NA,NA,NA,NA,NA,NA,NA,NA,NA,NA,NA,NA,NA,NA,NA,NA,NA,NA,NA,NA,NA,NA,NA,NA,NA,NA,NA,NA,NA,NA,NA,NA,NA,0.57,0.61,0.69,1.49,20.36,183.68,654.26,1530.71,2151.37,2509.96,2817.61,5167.82,7827.47,9582.54,11604.47,14152.13,18243.96,23153.9,28840.56,35623.16,44226.32,41580.16,49617.63,60114,68103.45,72985.7,79030.04,83087.36,85616.08,91843.15,103861.65,109608.31,107658.13,134727.47,156940.99,176413.86,200039.54
"rwanda","rwa",NA,NA,NA,NA,NA,NA,NA,NA,NA,NA,18.21,18.72,19.47,20.01,19.27,21.3,21.69,24.1,27.18,30.31,33.81,34.39,35.55,40.2,53.08,70.49,76.93,91.96,103.99,125.1,138.64,157.39,167.9,182.25,203.91,222.62,218.27,220.32,226.21,247.1,244.03,272.73,309.78,321.8,199.51,385.39,488.41,648.28,718.39,720,806,871,935,1150,1372,1637,1832,2226,2833,3225,3571,4133,4702,5057,5623,6150,6845,7694,8299,9308,9597,10943,13720,16626,18785.4
"samoa","wsm",NA,NA,NA,NA,NA,NA,NA,NA,NA,NA,NA,NA,NA,0.02,0.03,0.02,0.03,0.02,0.03,0.03,0.03,0.04,0.04,0.05,0.06,0.06,0.07,0.08,0.08,0.1,0.12,0.12,0.15,0.17,0.21,0.24,0.25,0.26,0.29,0.32,0.42,0.42,0.48,0.51,0.4,0.6,0.63,0.72,0.79,0.79,0.84,0.94,1,1.08,1.2,1.33,1.43,1.54,1.74,1.76,1.73,1.78,1.78,1.82,1.85,2,2.21,2.24,2.25,2.39,2.34,2.17,2.17,2.56,2.94
"san marino, republic of","smr",NA,NA,NA,NA,NA,NA,NA,NA,NA,NA,NA,NA,NA,NA,NA,NA,NA,NA,NA,NA,0.02,0.02,0.03,0.03,0.04,0.05,0.06,0.07,0.09,0.11,0.13,0.16,0.19,0.22,0.25,0.28,0.31,0.34,0.37,0.41,0.45,0.5,0.52,0.59,0.66,0.76,0.82,0.86,0.94,1.04,1.09,1.18,1.21,1.29,1.38,1.44,1.52,1.6,1.63,1.48,1.42,1.3,1.25,1.26,1.26,1.28,1.33,1.35,1.4,1.44,1.35,1.57,1.74,1.85,1.91
"são tomé and príncipe, democratic republic of","stp",NA,NA,NA,NA,NA,NA,NA,NA,NA,NA,NA,NA,NA,0,0,0,0,0,0,0,0,0,0,0,0,0,0,0,0,0,0,0,0,0,0,0,0,0.01,0.01,0.01,0.02,0.02,0.03,0.05,0.1,0.15,0.3,0.42,0.5,0.55,0.61,0.63,0.73,0.89,1.03,1.32,1.66,1.96,2.76,3.25,3.53,4.02,4.41,4.97,5.45,5.78,6.51,7.06,8.02,9.11,10.21,10.94,12.69,15.5,18.02
"saudi arabia","sau",NA,NA,NA,NA,NA,NA,NA,NA,NA,NA,11.7,12.86,14.26,14.59,15.53,16.14,16.98,17.1,18.96,20.95,24.2,32.24,40.05,55.4,161.22,164.53,225.94,261.52,272.87,375.94,547.38,623.37,525.33,446.29,421.56,376.32,322.02,320.93,330.52,357.06,440.53,495.18,513.4,497.96,506.23,536.82,594.19,621.53,550.41,606.44,710.68,690.52,711.02,809.28,970.28,1230.77,1411.49,1558.83,1949.24,1609.12,1980.78,2537.38,2781.94,2826.99,2874.77,2510.57,2497.5,2681.23,3174.69,3144.62,2753.52,3278.09,4157.14,4003.44,4070.09
"senegal","sen",NA,NA,NA,NA,NA,NA,NA,NA,NA,NA,196.59,208.04,214.75,221.67,217.38,213.17,209.04,205,216.72,217.29,241.81,251,283.47,297.67,358.55,508.74,554.85,622.5,636.67,748.9,916.48,1068.85,1265.27,1308.97,1463.81,1647.81,1796.6,1875.78,1838.51,1940.65,1927.19,1962.13,1968.05,1986.14,2635.14,3007.53,3222.88,3424.69,3764.28,4057.71,4270.61,4766.32,4860.43,5084.96,5313.89,5804.6,6111.29,6698.1,7516.88,7593.3,7976.73,8394.96,9016.87,9343.92,9775.04,10508.65,11283.4,12191.8,12840.09,13712.8,14101,15287.93,17272.18,18573.35,19939.52
"serbia, republic of","srb",NA,NA,NA,NA,NA,NA,NA,NA,NA,NA,NA,NA,NA,NA,NA,NA,NA,NA,NA,NA,NA,NA,NA,NA,NA,NA,NA,NA,NA,NA,NA,NA,NA,NA,NA,NA,NA,NA,NA,NA,0,0,0,32.51,34.36,63.01,123.9,160.54,210.69,243.48,462.78,909.98,1154.7,1358.61,1567.29,1890.29,2235.82,2623.86,3021.36,3173.31,3384.05,3758.42,3967.88,4296.74,4341.97,4493.63,4698.76,4953.98,5287.99,5669.24,5764.15,6576.02,7458.76,8817.76,9638.52
"seychelles","syc",NA,NA,NA,NA,NA,NA,NA,NA,NA,NA,0.02,0.02,0.02,0.03,0.03,0.03,0.04,0.04,0.05,0.07,0.09,0.1,0.14,0.17,0.19,0.23,0.37,0.49,0.59,0.81,0.94,0.97,0.97,0.99,1.07,1.2,1.28,1.4,1.53,1.72,1.97,1.98,2.22,2.46,2.46,2.42,2.5,2.83,3.2,3.33,3.51,3.64,3.82,3.81,4.62,5.06,5.61,6.93,9.15,11.53,11.71,12.61,14.52,16.01,17.69,19.07,20.89,22.87,24.82,26.22,24.36,25.16,28.81,30.66,31.5
"sierra leone","sle",NA,NA,NA,NA,NA,NA,NA,NA,NA,NA,0.27,0.28,0.29,0.31,0.38,0.42,0.46,0.5,0.53,0.61,0.69,0.78,0.81,0.88,1.05,1.3,1.48,1.62,1.86,2.57,2.84,3.36,4.04,5.35,8.24,14.23,33.67,62.05,97.15,164.17,228.57,535.18,788.96,1013.6,1242.93,1527.72,2014.34,1938.68,2442.41,2805.72,3090.54,3448.5,4188.78,5230.6,6362.23,7918.16,9316.03,10300.28,11678.79,12849.05,16604.63,20870.49,24960.66,29210.11,29549.59,34263.41,37966.54,42989.95,50687.21,58778.88,65748.4,74800.72,100007.15,136604.08,172898.64
"singapore","sgp",NA,NA,NA,NA,NA,NA,NA,NA,NA,NA,2.14,2.32,2.51,2.76,2.71,2.92,3.31,3.83,4.38,4.98,5.68,6.5,7.54,10.05,13.08,13.98,14.86,16.52,18.37,21.14,25.87,30.35,33.98,38.06,41.73,40.86,40.89,45.55,53.43,61.31,70.49,78.54,84.92,97.92,112.56,124.46,135.78,148.66,143.47,146.25,165.63,160.89,165.7,170.12,194.43,212.72,236.16,272.7,273.94,282.39,326.98,351.37,368.77,384.87,398.95,423.44,441.61,474.59,508.68,513.14,481.76,586.55,701.77,678.69,731.44
"slovak republic","svk",NA,NA,NA,NA,NA,NA,NA,NA,NA,NA,NA,NA,NA,NA,NA,NA,NA,NA,NA,NA,NA,NA,NA,NA,NA,NA,NA,NA,NA,NA,NA,NA,NA,NA,NA,NA,NA,NA,NA,NA,10.08,11.59,12.04,14.16,17.06,20.03,22.25,24.58,26.8,28.61,31.63,34.31,37.27,41.21,46,50.28,56.35,63.18,68.56,64.06,68.73,71.63,73.73,74.64,76.56,80.38,81.62,84.96,90.28,94.55,94.32,101.96,110.09,122.92,129.97
"slovenia, republic of","svn",NA,NA,NA,NA,NA,NA,NA,NA,NA,NA,NA,NA,NA,NA,NA,NA,NA,NA,NA,NA,NA,NA,NA,NA,NA,NA,NA,NA,NA,NA,NA,NA,NA,NA,NA,NA,NA,NA,NA,NA,1.25,2.21,6.45,7.81,9.05,10.57,12.13,13.81,15.29,17.15,18.73,20.94,23.27,25.38,27.42,28.91,31.29,34.94,37.74,35.83,36.05,36.78,35.93,36.04,37.27,38.49,40.01,42.63,45.46,48.16,46.74,52.02,56.91,63.95,66.97
"solomon islands","slb",NA,NA,NA,NA,NA,NA,NA,NA,NA,NA,NA,NA,NA,0.02,0.02,0.03,0.03,0.03,0.04,0.04,0.04,0.05,0.05,0.05,0.07,0.07,0.08,0.09,0.11,0.14,0.15,0.17,0.19,0.21,0.23,0.25,0.26,0.31,0.37,0.4,0.54,0.62,0.79,0.96,1.33,1.6,1.82,1.96,2.2,2.36,2.14,2.16,2.34,2.65,2.98,3.59,4.1,4.75,5.42,5.93,6.83,8.02,8.72,9.39,9.85,10.35,10.96,11.59,12.85,13.23,12.62,12.23,12.77,13.91,14.89
"south africa","zaf",3.55,3.86,4.14,4.7,5.06,5.34,5.75,6.08,6.27,6.64,7.11,7.48,7.97,8.66,9.51,10.48,11.34,12.59,13.38,14.6,16.01,17.79,19.33,22,26.3,30.53,34.46,38.31,44.15,52.83,69.64,81.74,93.28,107.18,125.21,143.66,167.62,196.55,236.39,283.39,326.13,373.34,419.12,480.99,545.09,622.9,701.8,778.65,845.73,925.69,1053.14,1165.94,1360.68,1490.4,1652.43,1837,2057.59,2346.65,2611.63,2794.23,3055.61,3327.05,3566.39,3868.63,4133.87,4420.79,4759.56,5078.19,5363.19,5625.21,5562.76,6220.15,6655.52,7023.99,7336.24
"south sudan, republic of","ssd",NA,NA,NA,NA,NA,NA,NA,NA,NA,NA,NA,NA,NA,NA,NA,NA,NA,NA,NA,NA,NA,NA,NA,NA,NA,NA,NA,NA,NA,NA,NA,NA,NA,NA,NA,NA,NA,NA,NA,NA,NA,NA,NA,NA,NA,NA,NA,NA,NA,NA,NA,NA,NA,NA,NA,NA,NA,NA,30.62,27.05,34.9,52.09,33.24,44.09,44.77,54.75,113.6,147.93,380.88,639.09,899.75,1837.78,4305.22,6694.87,12167.84
"spain","esp",1.66,2.09,2.16,2.11,2.45,2.75,3.17,3.7,4.26,4.39,4.5,5.17,6.04,7.14,7.99,9.28,10.74,12.06,13.53,15.38,17.1,19.41,22.81,27.51,33.88,39.93,48,60.89,74.51,87.11,99.32,113.2,130.05,148.45,166.35,185.41,211.43,236,261.8,293.61,327.33,359.28,386.87,403.22,427.48,460.26,488.95,518.97,555.56,595.24,647.57,700.96,749.74,802.68,860.06,928.12,1004.98,1077.54,1112.43,1072.99,1077.15,1068.69,1035.96,1025.65,1038.95,1087.11,1122.97,1170.02,1212.28,1253.71,1129.21,1235.47,1373.63,1498.32,1591.63
"sri lanka","lka",6.18,7.12,6.48,6.76,7.36,8.27,7.35,7.51,7.77,8.32,8.72,8.95,9.15,11.42,12.51,12.85,13.48,14.62,16.15,18.76,23.01,23.61,27.06,30.72,35.88,40.09,42.37,44.54,52.2,64.1,85.87,104,121.42,148.78,188.11,198.67,219.59,240.69,271.59,308.19,393.7,455.56,520.33,611.22,708.51,817.02,939.8,1089.25,1245.51,1353.15,1538.72,1721.95,1935.44,2155.98,2473.47,2901.65,3476.46,4233.6,5217.85,5720.16,6629.67,7491.16,8989.3,9938.39,10775.31,11566.99,12812.97,14387.32,15351.93,15910.98,15646.25,17612.37,24063.16,27419.8,29898.57
"st. kitts and nevis","kna",NA,NA,NA,NA,NA,NA,NA,NA,NA,NA,0,0,0,0,0.01,0.01,0.01,0.01,0.01,0.02,0.02,0.03,0.04,0.04,0.05,0.07,0.08,0.1,0.11,0.13,0.16,0.19,0.21,0.21,0.24,0.27,0.32,0.37,0.44,0.48,0.55,0.54,0.6,0.66,0.73,0.79,0.84,0.95,0.99,1.05,1.14,1.24,1.3,1.27,1.37,1.48,1.74,1.86,2.1,2.09,2.1,2.26,2.23,2.36,2.57,2.58,2.72,2.86,2.91,2.99,2.39,2.32,2.65,2.85,3.02
"st. lucia","lca",NA,NA,NA,NA,NA,NA,NA,NA,NA,NA,NA,NA,NA,0.04,0.04,0.04,0.05,0.05,0.05,0.06,0.07,0.08,0.09,0.1,0.14,0.17,0.23,0.27,0.32,0.39,0.46,0.52,0.49,0.53,0.68,0.77,0.92,1.01,1.16,1.31,1.56,1.66,1.82,1.85,1.93,2.06,2.13,2.17,2.37,2.49,2.52,2.41,2.43,2.66,2.88,3.06,3.42,3.59,3.85,3.78,4,4.24,4.31,4.48,4.72,4.88,5.05,5.4,5.56,5.66,4.05,5.04,6.33,6.56,6.81
"st. vincent and the grenadines","vct",NA,NA,NA,NA,NA,NA,NA,NA,NA,NA,0.03,0.03,0.03,0.03,0.03,0.04,0.04,0.04,0.05,0.05,0.06,0.07,0.07,0.08,0.09,0.1,0.13,0.14,0.18,0.21,0.24,0.3,0.33,0.36,0.39,0.42,0.47,0.51,0.58,0.63,0.7,0.74,0.81,0.83,0.84,0.92,0.97,1.01,1.09,1.14,1.15,1.25,1.32,1.37,1.48,1.56,1.74,1.93,1.97,1.93,1.94,1.93,1.96,2.07,2.08,2.12,2.2,2.28,2.39,2.46,2.33,2.4,2.62,2.89,3.14
"sudan","sdn",NA,NA,NA,NA,NA,NA,NA,NA,NA,NA,0,0,0,0,0,0,0,0,0,0,0,0,0,0,0,0,0,0,0,0,0,0.01,0.01,0.01,0.01,0.01,0.02,0.03,0.04,0.08,0.1,0.18,0.3,0.84,1.73,3.89,10.48,16.14,21.94,27.06,33.77,40.66,47.76,55.73,68.72,85.71,98.29,119.84,135.51,134.21,170.99,209.07,225.8,314.08,440.7,506.35,743.95,886.33,1362.49,2014.63,5126.17,14667.29,18835.92,26063.75,55832.25
"suriname","sur",NA,NA,NA,NA,NA,NA,NA,NA,NA,NA,0,0,0,0,0,0,0,0,0,0,0,0,0,0,0,0,0,0,0,0,0,0,0,0,0,0,0,0,0,0,0.01,0.01,0.01,0.02,0.12,0.44,0.49,0.53,0.64,1.09,1.79,2.54,3.46,4.5,5.47,6.54,7.72,8.63,10.38,11.39,12.84,15.47,17.6,18.18,18.52,17.51,20.66,26.89,29.82,31.73,38.72,60.73,89.47,127.07,147.28
"sweden","swe",35.68,43.95,47.79,49.43,52.36,56.29,61.16,65.34,69.02,73.55,80.04,87.07,94.43,102.21,113.99,125.43,136.44,148.1,157.16,170.67,191.12,206.65,226.11,251.62,284.23,333.79,377.52,410.61,457.7,513.03,590.33,645.11,706.19,791.93,890.28,968.74,1059.75,1147.22,1254.17,1388.89,1529.39,1636.62,1639.92,1655.12,1764.66,1904.97,1957.83,2048.08,2153.55,2266.55,2408.79,2504.8,2603.44,2701.42,2826,2927.14,3117.51,3312.15,3391.89,3324.15,3551.53,3704.84,3724.51,3804.99,3963.68,4231.75,4402.73,4582.91,4792.29,5033.44,5020.98,5464.88,5865.21,6212.14,6447.5
"switzerland","che",22.72,24.91,26.32,27.62,29.27,31.57,33.95,36.11,37.13,39.43,43.37,48.79,54.11,59.5,65.95,70.63,75.85,81.65,87.18,94.47,105.36,119.69,135.62,151.14,163.97,162.87,164.97,169.42,176.25,184.24,205.22,220.25,233.26,240.39,257.06,272.65,286.16,296.88,315.14,340.49,369.39,385.75,393.41,401.92,412.01,417.52,420.54,427.88,439.64,447.01,471.7,483.97,482.51,487.67,501.7,520.81,554.07,589.47,614.04,602.69,624.01,635.72,643.77,655.09,665.71,667.71,677.73,684.9,709.86,717.33,696.04,744.51,791.1,804.03,824.74
"syrian arab republic","syr",NA,NA,NA,NA,NA,NA,NA,NA,NA,NA,3.24,3.57,4.32,4.44,5.14,5.07,5.2,5.73,5.66,6.74,6.61,7.69,9.42,10.97,15.09,20.38,24.73,27.26,32.69,38.97,51.27,65.78,68.79,73.29,75.34,83.23,99.93,127.71,186.05,208.89,268.33,311.56,371.63,413.76,506.1,570.98,690.86,745.57,790.44,819.09,947.13,1010.15,1118.11,1074.16,1266.89,1506.44,1726.4,2020.84,2448.06,2520.71,2791.78,NA,NA,NA,NA,NA,NA,NA,NA,NA,NA,NA,NA,NA,NA
"taiwan province of china","twn",NA,13.69,19.18,25.57,28.11,33.49,38.49,45.02,50.51,58.31,70.38,78.96,87.05,98.51,115.09,127.41,142.41,164.7,192.08,219.73,253.35,293.76,342.62,418.35,559.94,601.62,721.34,845.37,1011.16,1219.18,1522.11,1804.43,1938.02,2169.45,2418.24,2535.06,2965.45,3344.94,3615.66,4032.46,4474.29,5018.02,5609.36,6200.15,6779.4,7391.06,8031.31,8705.15,9366.34,9804.5,10328.55,10119.43,10630.91,10924.03,11596.24,12036.68,12572.59,13363.92,13115.1,12919.45,14060.35,14262.2,14677.77,15270.73,16258.05,17055.08,17555.27,18012.39,18420.04,18974.1,20023.75,21773.29,22820.43,23596.73,25125.24
"tajikistan, republic of","tjk",NA,NA,NA,NA,NA,NA,NA,NA,NA,NA,NA,NA,NA,NA,NA,NA,NA,NA,NA,NA,NA,NA,NA,NA,NA,NA,NA,NA,NA,NA,NA,NA,NA,NA,NA,0,0,0,0,0,0,0,0,0.01,0.02,0.06,0.31,0.63,1.03,1.35,1.81,2.51,3.34,4.76,6.16,7.2,9.27,12.78,17.61,20.62,24.7,30.07,36.16,40.52,45.61,48.4,54.79,64.43,71.06,79.11,83.96,101.08,115.74,128.98,146.33
"tanzania, united republic of","tza",NA,NA,NA,NA,NA,NA,NA,NA,NA,NA,8.31,8.69,9.44,10.45,12.78,13.01,14.93,15.56,16.69,17.53,19.45,20.8,23.68,27.77,33.9,40.3,51.76,61.19,68.19,76.91,89.28,106.74,129.11,149.29,175.94,224.43,295.98,400.12,615,769.62,1008.78,1319.15,1663.55,2095.46,2791.7,3668.05,4575.36,5718.08,7631.15,8770.96,9900.61,11051.22,12683.64,14702.61,16966.87,19387.99,23633.85,27155.84,33236.64,38269.96,44467.11,53522.18,62318.66,72977.2,82603.39,94349.32,108362.32,120358.17,123997.77,134540.19,145384.35,156167.14,170820.03,188588.05,208374.22
"thailand","tha",26.22,29.16,31.76,33.01,35.26,36.36,40.07,46.77,48.77,52.17,57.79,63.13,68.29,74.7,79.01,85.41,99.66,112.05,123.78,136.83,145.59,153.05,168.27,212.61,278.71,314.43,355.98,410.64,491.01,581.16,684.36,785.51,869.4,951.42,1020.73,1091.39,1170.83,1342.85,1611.32,1918.33,2263.47,2583.49,2935.65,3263.43,3689.09,4217.61,4638.6,4710.31,4701.55,4789.83,5069.82,5345,5769.58,6317.3,6954.28,7614.41,8400.64,9076.3,9706.93,9658.67,10808.15,11306.91,12357.34,12915.16,13230.3,13743.48,14590.34,15488.66,16373.34,16889.17,15661.29,16186.63,17378,17954.67,18578.92
"timor-leste, democratic republic of","tls",NA,NA,NA,NA,NA,NA,NA,NA,NA,NA,NA,NA,NA,NA,NA,NA,NA,NA,NA,NA,NA,NA,NA,NA,NA,NA,NA,NA,NA,NA,NA,NA,NA,NA,NA,NA,NA,NA,NA,NA,0.2,0.23,0.3,0.34,0.38,0.42,0.47,0.43,0.48,0.32,0.37,0.48,0.47,0.49,0.44,0.46,0.45,0.54,0.65,0.73,0.88,1.04,1.16,1.4,1.45,1.59,1.64,1.58,1.56,2.03,2.16,3.62,3.21,2.08,2.01
"togo","tgo",NA,NA,NA,NA,NA,NA,NA,NA,NA,NA,51.69,51.78,55.44,60.54,69.55,77.41,86.68,89.48,93.82,110.98,120.12,135.65,151.66,150.59,177.13,207.73,230.82,298.37,334.07,376.14,421.39,450.02,458.82,506.99,533.86,575.5,621.54,633.35,698.59,734.22,754.77,772.89,760.52,619.83,942.14,1118.31,1252.51,1455.42,1392.84,1456.91,1429.23,1464.53,1597.08,1655.05,1607.56,1622.67,1657.24,1799.65,2042.17,2220.67,2348.49,2555.32,2763.92,2974.13,3156.75,3402.69,3597.81,3708.9,3904.41,4097.07,4253.19,4621.48,5068.94,5507.18,5926.64
"tonga","ton",NA,NA,NA,NA,NA,NA,NA,NA,NA,NA,NA,NA,NA,NA,NA,NA,NA,NA,NA,NA,0.01,0.02,0.02,0.02,0.03,0.03,0.03,0.04,0.04,0.05,0.06,0.07,0.08,0.09,0.09,0.11,0.13,0.15,0.16,0.17,0.19,0.22,0.23,0.25,0.26,0.27,0.27,0.27,0.29,0.31,0.33,0.35,0.4,0.44,0.47,0.51,0.59,0.6,0.65,0.65,0.71,0.76,0.72,0.78,0.8,0.85,0.93,1.02,1.07,1.12,1.15,1.18,1.18,1.2,1.28
"trinidad and tobago","tto",0.32,0.41,0.45,0.52,0.55,0.64,0.75,0.88,0.96,1.07,1.15,1.26,1.33,1.47,1.56,1.63,1.87,2.02,2.26,2.32,2.54,2.68,3.04,3.59,4.54,5.45,6.49,8.17,8.54,11.24,15.22,17.07,19.87,18.95,18.94,18.38,17.56,17.57,17.58,18.69,21.91,22.95,23.52,24.91,29.82,32.24,35.18,36.49,38.72,43.63,52.26,55.85,57.16,72.16,84.86,101.86,117.41,138.82,177.32,123.46,143.59,165.29,174.55,184,188.9,171.18,157.55,161.68,161.75,159.32,141.71,163.4,192.56,172.06,172.29
"tunisia","tun",NA,NA,NA,NA,NA,NA,NA,NA,NA,NA,0.38,0.42,0.43,0.49,0.53,0.6,0.64,0.66,0.72,0.88,0.96,1.13,1.36,1.43,1.57,1.84,2.09,2.4,2.72,3.2,3.87,4.55,5.26,6.25,7.03,7.72,7.87,8.84,9.5,10.51,12.41,13.77,15.75,16.79,18.09,19.5,21.73,24.07,26.04,28.55,30.87,33.3,34.51,37.1,40.74,43.92,48,52.3,57.98,61.55,66.14,67.75,73.9,79.1,85.35,89.8,95.29,102.01,112.99,122.97,119.5,130.82,138.42,150.78,165.15
"türkiye, republic of","tur",0,0,0,0,0,0,0,0,0,0,0,0,0,0,0,0,0,0,0,0,0,0,0,0,0,0,0,0,0,0,0.01,0.01,0.01,0.02,0.03,0.05,0.07,0.1,0.18,0.31,0.54,0.87,1.51,2.73,5.33,10.69,20.35,39.72,71.94,107.37,171.49,247.27,362.11,472.17,582.85,680.28,795.76,887.71,1002.76,1006.37,1167.66,1404.93,1581.48,1823.43,2054.9,2350.94,2626.56,3133.7,3761.17,4317.81,5048.57,7256.14,15011.78,26545.72,43410.51
"turkmenistan","tkm",NA,NA,NA,NA,NA,NA,NA,NA,NA,NA,NA,NA,NA,NA,NA,NA,NA,NA,NA,NA,NA,NA,NA,NA,NA,NA,NA,NA,NA,NA,NA,NA,NA,NA,NA,NA,NA,0,0,0,0,0,0,0,0.03,0.22,2.65,3.8,4.79,6.86,8.93,12.33,15.47,20.31,25.24,30.54,38.04,46.16,84.58,98.5,100.22,126.58,143.22,144.96,160.18,157.31,150.07,160.66,172.55,185.62,183.35,213.27,272.87,272.57,288.8
"tuvalu","tuv",NA,NA,NA,NA,NA,NA,NA,NA,NA,NA,NA,NA,NA,NA,NA,NA,NA,NA,NA,NA,0,0,0,0,0,0,0,0,0,0,0,0,0,0,0.01,0.01,0.01,0.01,0.01,0.01,0.01,0.01,0.02,0.02,0.02,0.02,0.02,0.02,0.02,0.02,0.03,0.03,0.03,0.03,0.03,0.03,0.03,0.03,0.04,0.04,0.04,0.04,0.04,0.04,0.04,0.05,0.06,0.06,0.06,0.08,0.08,0.08,0.09,0.09,0.1
"uganda","uga",0.03,0.04,0.05,0.04,0.05,0.05,0.05,0.05,0.05,0.05,0.05,0.05,0.05,0.06,0.07,0.08,0.08,0.09,0.13,0.14,0.16,0.18,0.2,0.22,0.28,0.39,0.46,0.84,1.11,1.72,2.25,3.64,5.89,8.66,17.02,34.53,73.53,215.38,676.1,1549.41,2381.69,2860.73,4132.93,5152,6111.62,7241.01,8068.04,9105.02,10208.16,11380.61,12754.77,13755.45,15144.83,17132.78,19460.48,22186.65,25785.33,30181.84,38570.56,48948,53748,69379,77488,83637,90352,97610,103398,114076,126937,140091,141155,153545,174441,193513,212627
"ukraine","ukr",NA,NA,NA,NA,NA,NA,NA,NA,NA,NA,NA,NA,NA,NA,NA,0,0,0,0,0,0,0,0,0,0,0,0,0,0,0,0,0,0,0,0,0,0,0,0,0,0,0,0.05,1.59,12.45,56.38,84.31,96.56,106.1,134.9,175.89,203.4,225.52,267.15,344.39,440.49,544.22,723.46,954.36,912.19,1079.35,1299.99,1404.67,1465.2,1586.92,1988.54,2385.37,2981.23,3560.3,3977.2,4222.03,5450.85,5239.11,6537.83,7648.18
"united arab emirates","are",NA,NA,NA,NA,NA,NA,NA,NA,NA,NA,NA,NA,3.97,0.53,0.73,0.99,1.32,1.74,2.45,3.28,4.32,5.91,8.22,25.4,35.47,45.97,64.51,88.03,99.57,121.55,154.69,170.56,158.61,145.33,144.07,141.4,112.06,123.05,125.07,144.36,186.05,180.98,190.72,191.42,210.7,232.86,267.44,283.29,276.55,310.03,378.22,379.41,403.3,456.66,542.84,663.31,815.72,947.08,1158.54,931.15,1102.44,1325.16,1412.48,1469.8,1520.8,1359.84,1356.09,1434.17,1568.34,1535.07,1283.44,1524.74,1846.28,1888.14,1972.42
"united kingdom","gbr",14.34,15.98,17.24,18.49,19.57,21.12,22.72,23.98,25,26.49,28.32,30.01,31.52,33.46,36.57,39.42,41.97,44.19,47.92,51.58,56.63,63.17,70.73,81.23,91.73,115.79,137.12,159.74,186.13,220.98,259.97,290.18,319.56,351.35,377.92,414.63,446.6,496.81,555.68,614.63,670.8,705.88,730.87,769.86,810.79,851.85,909.99,953.41,998.5,1043.25,1100.75,1146.14,1191.44,1258.33,1322.64,1398.75,1472.04,1544.64,1593.6,1548.8,1608.55,1662.59,1713.72,1781.36,1862.51,1916.45,1991.65,2082.48,2152.3,2233.92,2103.49,2285.4,2526.43,2711.19,2850.99
"united states","usa",301.78,348.99,368.03,389.15,390.28,424.87,448.39,471.71,478.17,519.48,539.9,558.58,600.45,633.37,680.15,737.2,808.05,853.88,933.1,1008.75,1064.37,1155.4,1269.88,1418.46,1536.65,1674.01,1867.24,2079.64,2350.4,2627.33,2857.33,3207.03,3343.8,3634.03,4037.65,4339,4579.63,4855.25,5236.43,5641.6,5963.13,6158.13,6520.33,6858.55,7287.25,7639.75,8073.13,8577.55,9062.83,9631.18,10250.95,10581.93,10929.1,11456.45,12217.18,13039.2,13815.6,14474.25,14769.85,14478.05,15048.98,15599.73,16253.95,16880.68,17608.13,18295,18804.9,19612.1,20656.53,21539.98,21354.13,23681.18,26006.9,27720.73,29184.9
"uruguay","ury",0,0,0,0,0,0,0,0,0,0,0,0,0,0,0,0,0,0,0,0,0,0,0,0,0.01,0.01,0.02,0.02,0.04,0.07,0.11,0.15,0.16,0.21,0.33,0.58,1.07,2,3.28,5.83,13.1,27.24,46.93,71.24,106.2,147.62,197.05,246.91,290.02,296.7,301.27,303.68,315.55,370.7,428.59,463.68,514.22,599.46,694.02,779.53,881.59,1010.63,1135.93,1285.53,1451.55,1588.29,1733.77,1864.14,2007.73,2193.67,2250.2,2645.47,2906.44,3027.94,3255.69
"uzbekistan, republic of","uzb",NA,NA,NA,NA,NA,NA,NA,NA,NA,NA,NA,NA,NA,NA,NA,NA,NA,NA,NA,NA,NA,NA,NA,NA,NA,NA,NA,NA,NA,NA,NA,NA,NA,NA,NA,NA,NA,0.03,0.04,0.04,0.04,0.08,0.56,6.39,81.33,379.56,700.83,1224.51,1775.24,2668.4,4081.04,6174.2,9339.31,12332.25,15369.87,19960.91,26022.99,35333.04,47317.68,61477.68,78936.62,103232.58,127590.24,153311.34,186829.5,221350.91,255421.86,356453.84,473652.89,594659.49,668037.9,820536.6,995573,1204485.35,1454573.87
"vanuatu","vut",NA,NA,NA,NA,NA,NA,NA,NA,NA,NA,NA,NA,NA,0.88,1.33,1.23,1.41,1.55,1.62,1.8,2.09,2.28,2.47,2.98,3.61,4.1,4.16,4.64,5.38,6.98,8.28,9.99,11.02,11.67,14.34,13.98,13.55,15.32,16.54,17.87,19.77,22.48,23.71,24.38,27.2,27.95,29.2,31.61,33.45,34.59,37.44,37.48,36.55,38.43,40.8,43.15,48.61,52.9,59.86,63.26,65,68.91,69.28,71.69,75.11,82.8,87.25,94.89,100.77,107.45,104.93,104.02,121.7,132.91,138.38
"venezuela, república bolivariana de","ven",0,0,0,0,0,0,0,0,0,0,0,0,0,0,0,0,0,0,0,0,0,0,0,0,0,0,0,0,0,0,0,0,0,0,0,0,0,0,0,0,0,0,0,0,0,0,0,0,0,0,0,0,0,0,0,0,0,0,0,0,0,0,0,0,0,0,0,0,0.01,1.01,14.01,185.11,621.8,3025.73,4929.71
"vietnam","vnm",NA,NA,NA,NA,NA,NA,NA,NA,NA,NA,NA,NA,NA,1.45,1.66,1.88,1.86,2.03,1.99,2.25,2.55,2.78,2.97,3.08,3.31,3.58,4.17,4.97,6,6.56,7.25,10.18,22.03,35.27,63.03,127.56,774.16,3307.77,14160.43,35670.31,53271.2,97396.6,140344.96,178088.72,226688.62,290629.3,345410.2,398214.15,458390.1,507815.32,560767.82,611111.04,680269.01,778902.23,989542.5,1160527.34,1347892.25,1583050.89,2051931.23,2297116.94,2739843.17,3539881.31,4073762.29,4473655.6,4937031.68,5191323.73,5639401,6293904.55,7009042.13,7707200.29,8044385.73,8487475.6,9621371.82,10320311.14,11511867.2
"west bank and gaza","wbg",NA,NA,NA,NA,NA,NA,NA,NA,NA,NA,NA,NA,NA,NA,NA,NA,NA,NA,NA,NA,0.53,0.61,0.89,1.11,1.74,1.74,2.05,2.11,2.19,2.55,3.23,2.99,3.17,3.29,3.24,3.03,4.86,5.36,5.65,5.37,5.83,6.28,7.75,8.35,8.56,9.89,10.88,12.97,15.46,17.68,17.59,16.84,16.85,18.07,20.63,23,23.83,23.89,26.23,31.8,36.2,40.03,47.07,48.8,50.05,54.31,59.17,58.05,58.44,61.07,53.47,58.5,64.39,65.45,NA
"yemen, republic of","yem",NA,NA,NA,NA,NA,NA,NA,NA,NA,NA,NA,NA,NA,NA,NA,NA,NA,NA,NA,NA,NA,NA,NA,NA,NA,NA,NA,NA,NA,NA,NA,NA,NA,NA,NA,NA,NA,NA,NA,117.75,147.96,176.13,215.69,261.06,336.51,518.25,741.67,884.19,859.1,1189.86,1558.37,1662.1,1878.01,2160.61,2563.49,3208.5,3760.04,4308.64,5375.82,5097.59,6786.81,6996.91,7586.55,8684.83,9289.39,9797.6,8891,10006,11578.73,12606.26,15023.43,19939.29,26240.36,26305.9,34731.23
"zambia","zmb",NA,NA,NA,NA,NA,0,0,0,0,0,0,0,0,0,0,0,0,0,0,0,0,0,0,0,0,0,0,0,0,0,0,0,0,0,0.01,0.01,0.01,0.02,0.03,0.06,0.12,0.24,0.62,1.62,2.45,3.29,4.35,5.66,6.59,8.13,11.2,14.78,18.45,23.2,29.73,37.19,45.96,56.26,67.09,77.35,97.22,114.03,131.27,151.33,167.05,183.38,216.1,246.25,275.17,300.45,332.72,442.34,493.96,557.41,688.85
"zimbabwe","zwe",NA,NA,NA,NA,NA,NA,NA,NA,NA,NA,0,0,0,0,0,0,0,0,0,0,0,0,0,0,0,0,0,0,0,0,0,0,0,0,0,0,0,0,0,0,0,0,0,0,0,0,0,0,0,0,0,0,0,0,0,0,0,0,0,0,0,0.01,0.01,0.01,0.01,0.01,0.01,0.01,0.01,0.08,0.55,1.28,4.96,53.51,589.72
