"country_name","country_code","1980","1981","1982","1983","1984","1985","1986","1987","1988","1989","1990","1991","1992","1993","1994","1995","1996","1997","1998","1999","2000","2001","2002","2003","2004","2005","2006","2007","2008","2009","2010","2011","2012","2013","2014","2015","2016","2017","2018","2019","2020","2021","2022","2023","2024","2025","2026","2027","2028","2029","2030","2031"
"aruba, kingdom of the netherlands","abw",NA,NA,NA,NA,NA,NA,NA,NA,NA,NA,NA,NA,NA,NA,NA,13707.689,13947.141,15339.075,16580.538,16989.122,18403.086,18615.346,18990.055,19483.689,21184.253,22019.195,22734.059,24605.925,26166.575,23394.098,22460.2,24440.011,24334.537,25458.47,25945.459,27327.778,27469.588,28424.897,30082.704,30698.482,22653.202,26386.264,30442.706,35455.858,39262.362,41461.922,42862.309,44544.933,46141.99,47798.044,49477.018,51163.041
"afghanistan, islamic republic of","afg",NA,NA,NA,NA,NA,NA,NA,NA,NA,NA,NA,NA,NA,NA,NA,NA,NA,NA,NA,NA,NA,NA,207.946,201.051,218.461,252.618,272.189,330.295,389.63,440.607,543.652,611.642,666.089,639.473,630.136,594.213,520.267,529.773,499.799,499.762,516.664,356.063,357.347,416.066,417.767,448.457,NA,NA,NA,NA,NA,NA
"angola","ago",1073.7,978.453,953.236,968.054,999.72,1093.018,994.918,1108.923,1171.219,1326.086,1421.726,1332.574,994.365,698.976,492.741,594.752,741.682,841.973,690.242,631.585,780.893,739.132,999.066,1133.663,1451.471,2145.886,2930.444,3515.057,4578.155,3645.148,4101.637,5184.153,5702.453,5876.457,6054.627,4675.829,3991.11,4693.613,3689.034,2940.789,1977.089,2404.183,3905.445,3078.515,3156.168,3614.423,3754.028,3677.296,3660.769,3655.137,3684.508,3731.752
"albania","alb",728.359,817.734,824.542,815.529,788.332,788.801,855.724,832.245,805.046,860.784,675.736,408.022,259.75,452.623,736.028,903.989,1009.967,706.623,816.622,1037.599,1129.033,1283.237,1427.675,1829.632,2371.13,2673.773,2972.745,3595.053,4370.562,4114.09,4097.833,4439.89,4248.909,4415.6,4584.919,3953.611,4124.405,4542.76,5365.55,5459.304,5381.096,6396.387,6908.102,8594.203,9948.352,11234.556,12492.636,13216.543,14147.523,15136.811,16204.047,17352.859
"andorra, principality of","and",NA,NA,NA,NA,NA,NA,NA,NA,NA,NA,NA,NA,NA,NA,NA,NA,NA,NA,NA,NA,NA,NA,NA,NA,NA,NA,NA,NA,NA,NA,49030.229,51957.313,45713.97,45630.195,46299.282,38877.485,39595.317,40017.741,42229.903,40688.491,36973.845,41806.876,41378.881,44483.604,46409.851,50378.881,53474.513,54250.409,54889.574,55524.101,56118.223,57376.819
"united arab emirates","are",41311.881,42237.276,36927.264,32717.479,29957.847,27912.523,21198.712,22345.786,19032.876,21142.453,27484.598,25577.028,25833.806,25033.005,25737.492,26309.298,29821.12,29909.645,26571.562,27833.669,32495.862,30877.714,30969.024,32166.941,34944.807,39389.226,45239.607,46090.439,48548.6,37428.383,44180.166,50925.197,52099.412,52204.086,51369.621,43712.262,41800.681,43304.547,46974.083,45615.088,38448.752,42839.579,49704.159,48941.279,48905.827,50231.644,54214.399,56178.75,59035.095,62179.064,65387.413,69186.501
"argentina","arg",8361.209,6671.428,3257.853,3962.735,4374.783,3248.745,3857.027,3909.984,4524.498,2867.307,4857.796,6429.454,7653.711,7796.24,8378.735,8295.123,8645.455,9196.516,9283.175,8709.072,8638.543,8085.356,2997.621,3761.088,4314.098,5163.55,5976.082,7315.726,9146.79,8337.811,10412.974,12787.806,13889.792,14488.829,13208.831,14895.316,12772.868,14618.327,11786.433,9941.59,8489.332,10610.191,13702.23,13908.489,13538.693,14354.988,14356.619,14530.185,15269.025,15990.781,16700.625,17423.59
"armenia, republic of","arm",NA,NA,NA,NA,NA,NA,NA,NA,NA,NA,NA,NA,31.321,247.884,199.126,396.205,492.571,506.52,585.902,572.933,595.169,662.051,746.684,886.946,1136.729,1567.095,2054.635,2982.239,3803.669,2847.479,3066.164,3353.7,3514.003,3690.126,3863.927,3526.713,3539.624,3882.604,4205.216,4598.782,4267.453,4674.214,6539.113,7972.505,8555.65,9520.965,10409.851,10994.913,11641.503,12507.393,13468.766,14500.921
"antigua and barbuda","atg",1935.185,2199.885,2479.482,2794.113,3259.986,3849.091,4730.844,5612.084,6756.819,7544.716,7942.795,8300.01,8503.023,8956.805,9647.492,9257.868,9930.48,10443.403,10931.956,11286.196,11918.516,11416.566,11563.672,12091.262,12959.362,14297.453,16123.605,18197.385,18843.264,16580.39,15342.915,15045.044,15723.96,15050.657,15423.336,15839.184,16163.761,16401.359,17470.66,17899.372,14419.909,16128.189,18428.877,20099.773,20887.646,21675.729,22447.516,23156.217,23887.22,24642.712,25423.55,26230.625
"australia","aus",11021.309,12544.129,12250.122,11606.529,12590.852,10981.344,11259.318,13014.911,16266.362,18232.203,18903.424,18694.805,18137.817,17480.592,19778.159,20960.366,23203.426,23074.735,20430.063,21813.868,20951.98,19538.175,21740.244,27337.48,32914.151,36319.707,38049.787,45295.817,49335.216,45926.875,56757.308,67508.541,68733.794,65525.921,61889.636,51652.457,51985.08,55994.408,56573.19,54543.96,53321.573,64411.291,65775.618,64851.313,65700.943,66351.856,75647.841,77822.946,79735.545,81809.562,84347.972,86913.276
"austria","aut",10673.228,9229.942,9216.949,9365.702,8834.022,9041.048,12815.58,16004.95,17536.325,17451.786,21707.996,22498.089,24931.218,24020.491,25584.781,30184.445,29657.412,26603.585,27249.493,27105.607,24498.114,24430.662,26315.717,32114.633,36608.939,38190.312,40387.725,46630.129,51575.468,47816.021,46662.235,51126.851,48302.044,50321.474,51342.747,43986.748,45032.903,47055.738,50963.207,50010.449,48764.175,53827.338,52748.753,56763.597,58373.328,63161.353,67761.236,69865.26,71805.443,73928.604,75932.416,77918.133
"azerbaijan, republic of","aze",NA,NA,NA,NA,NA,NA,NA,NA,NA,NA,NA,NA,159.971,174.875,297.162,316.227,411.14,553.468,543.344,576.005,656.386,674.783,760.812,879.863,1039.818,1567.194,2453.261,3813.751,5564.444,4964.696,5880.509,7238.602,7545.553,7926.6,7938.578,5524.527,3897.788,4217.653,4759.796,4841.145,4280.429,5468.269,7831.176,7151.946,7262.047,7321.685,7466.825,7819.567,8202.732,8614.95,9047.118,9507.401
"burundi","bdi",275.808,278.846,286.136,294.34,259.925,293.924,300.784,275.275,250.649,253.013,245.818,246.484,222.235,192.953,186.903,198.418,169.235,186.404,167.996,157.578,152.88,148.152,132.872,119.817,130.188,147.235,161.893,166.163,189.502,198.432,216.728,230.071,231.685,235.232,250.543,281.005,263.329,275.639,256.051,245.544,244.862,258.815,294.422,313.424,344.419,478.15,545.963,590.647,588.049,581.522,563.676,567.563
"belgium","bel",12529.407,10366.157,9128.627,8626.201,8244.885,8568.693,11873.863,14740.526,16008.714,16098.234,20120.031,20563.827,22823.138,21723.728,23624.579,28458.604,27535.287,24878.749,25399.222,25309.265,23136.511,23067.163,25044.331,30707.665,35497.552,36945.499,38841.785,44496.791,48493.275,45055.745,44460.655,47915.958,45028.566,47055.739,48129.389,41032.322,41918.104,44110.725,47627.406,46858.358,45933.801,51833.16,50918.392,55482.368,56796.37,61002.007,65111.565,66590.096,68049.946,69840.033,71561.752,73356.536
"benin","ben",596.826,390.177,374.765,321.312,332.274,349.096,435.905,504.489,513.111,462.972,547.118,542.331,584.502,544.807,365.287,480.716,508.653,474.548,495.132,525.652,487.639,492.405,546.078,675.834,758.351,779.869,809.19,912.446,1060.486,1022.991,974.039,1059.227,1072.204,1168.944,1204.71,1002.52,1010.255,1060.339,1158.452,1154.817,1199.234,1319.528,1267.424,1394.58,1481.855,1633.921,1809.313,1909.026,2010.076,2117.63,2222.625,2335.392
"burkina faso","bfa",337.782,287.062,260.938,232.535,202.593,218.262,278.32,315.155,338.675,329.745,380.82,375.312,392.061,364.528,213.778,257.658,273,251.766,280.646,292.729,248.289,259.487,285.452,362.283,403.63,441.408,455.538,514.745,619.37,600.916,625.468,724.897,731.933,759.773,765.059,630.189,663.531,708.45,778.742,767.675,830.473,896.006,829.108,873.612,981.971,1126.369,1319.086,1429.631,1493.276,1561.093,1631.859,1704.538
"bangladesh","bgd",311.093,322.318,294.02,277.489,303.3,317.511,318.062,339.17,355.592,378.07,398.05,402.354,400.912,395.867,411.91,450.133,471.268,479.354,488.077,491.461,483.217,480.724,490.919,532.343,563.21,572.014,610.469,668.54,760.65,841.252,935.755,1032.313,1057.884,1176.16,1340.289,1495.538,1679.021,1839.755,1991.739,2154.227,2270.348,2497.741,2730.846,2651.738,2618.677,2635.632,2911.273,3048.179,3214.217,3450.736,3724.575,4038.693
"bulgaria","bgr",4286.208,4609.425,4793.654,4913.837,5210.541,4458.09,3946.884,4581.215,7506.637,7678.815,3407.069,336.65,1380.594,758.059,1348.67,2284.823,1494.786,1386.465,1854.468,1693.32,1630.461,1798.199,2097.856,2715.498,3374.803,3876.778,4481.825,5823.997,7200.886,6892.389,6769.258,7878.437,7457.235,7708.802,7938.159,7103.603,7596.346,8409.665,9451.816,9855.906,10206.626,12346.576,14069.465,15861.735,17610.302,20920.692,23848.457,25714.813,27865.323,29637.35,31638.977,33624.856
"bahrain, kingdom of","bhr",10622.619,11531.448,11698.565,11590.104,11637.826,10615.067,8022.838,8391.422,10010.86,10078.887,10612.215,10688.039,10984.585,11770.05,12277.54,12659.112,12821.281,12949.994,12057.467,12729.094,14818.628,14484.805,14075.299,15101.705,16642.427,18729.72,20086.363,21796.88,24289.611,20292.469,21819.329,25032.809,26438.651,26989.76,26451.797,23734.075,23800.001,24784.752,26324.407,27259.726,24342.844,27147.808,30470.504,29290.112,29716.447,29343.67,29569.16,30269.134,30868.936,31644.581,32555.368,33518.663
"bahamas, the","bhs",12291.741,12496.221,13749.496,14961.6,15630.102,16801.08,17854.136,19329.928,19687.5,21818.62,20460.303,19767.715,19417.216,18979.006,19660.918,20271.249,20974.532,21951.756,23300.816,25780.485,26601.368,26971.273,28357.927,27896.338,28056.572,30030.89,30594.671,31498.523,30787.585,28793.341,28725.135,28365.859,29895.418,28918.977,30441.264,32022.083,31811.467,32984.165,33618.059,34455.207,26612.553,30522.745,34801.709,37827.627,38791.831,40005.147,40892.445,41824.66,42829.284,43901.881,44992.684,46472.181
"bosnia and herzegovina","bih",NA,NA,NA,NA,NA,NA,NA,NA,NA,NA,NA,NA,NA,NA,NA,NA,952.331,1225.456,1415.096,1540.514,1484.344,1544.771,1789.896,2260.344,2702.663,2982.853,3417.44,4200.269,5111.345,4728.472,4645.534,5099.813,4781.303,5149.949,5271.744,4665.307,4877.176,5240.469,5864.899,5867.852,5811.393,6804.832,7077.519,7969.183,8606.971,9567.697,10701.066,11357.691,11961.255,12639.152,13343.202,14083.821
"belarus, republic of","blr",NA,NA,NA,NA,NA,NA,NA,NA,NA,NA,NA,NA,1252.792,1114.104,1533.721,1034.931,1429.059,1396.112,1514.669,1210.965,1079.61,1286.951,1529.813,1880.217,2459.175,3232.491,3979.115,4896.501,6590.856,5350.621,6033.415,6485.981,6951.407,7994.708,8333.161,5953.752,5037.653,5785.291,6357.962,6838.218,6536.527,7332.084,7990.348,7821.879,8633.538,10208.724,11285.878,11940.195,12657.96,13533.075,14343.074,15137.967
"belize","blz",1523.579,1584.006,1553.693,1593.323,1730.803,1670.287,1768.405,2015.273,2334.537,2623.361,2892.862,3075.681,3496.187,3669.537,3658,3781.017,3830.356,3795.287,3895.375,4113.114,4556.836,4576.71,4736.493,4856.653,5066.202,5198.495,5464.195,5710.295,5666.241,5357.376,5424.01,5577.698,5737.057,5956.861,6123.803,6148.204,6150.767,6102.103,6035.101,6166.947,5209.415,6081.048,7161.557,7551.652,7796.261,7968.27,8134.145,8305.472,8449.054,8597.658,8748.876,8902.755
"bolivia","bol",690.164,610.906,663.387,615.109,626.278,663.756,635.99,678.346,706.647,710,717.845,777.092,810.416,811.704,832.161,921.301,1001.753,1065.393,1135.446,1088.254,1088.828,1039.657,999.447,1000.635,1063.6,1148.455,1354.51,1539.362,1936.722,2003.849,2229.172,2697.365,2990.119,3366.734,3623.13,3634.553,3721.437,4077.908,4237.518,4233.79,3607.068,4039.994,4250.215,4305.865,4453.39,5106.53,6333.163,NA,NA,NA,NA,NA
"brazil","bra",1229.883,1382.548,1446.228,1134.932,1105.852,1719.515,1955.069,2087.445,2289.424,3087.928,3106.116,2677.837,2523.736,2787.164,3495.239,4851.99,5204.574,5321.137,5123.549,3501.438,3751.971,3163.671,2844.405,3077.735,3647.959,4806.171,5906.244,7374.237,8863.269,8640.934,11341.268,13326.088,12465.45,12406.559,12230.669,8893.346,8812.503,10055.567,9281.668,9010.512,7057.072,7951.553,9256.482,10350.437,10282.171,10685.689,12312.57,12882.254,13368.879,14063.335,14796.844,15571.673
"barbados","brb",4391.482,4816.374,5017.248,5312.183,5775.129,6026.71,6595.949,7238.85,7672.165,8460.603,8455.664,8461.856,8121.33,8580.35,8915.001,9365.028,9992.634,10556.581,12054.544,12614.719,12967.252,12907.053,13091.772,13502.635,14523.605,16245.14,18066.097,20177.703,20581.197,19213.979,19418.044,19825.881,19484.349,20034.971,20060.698,20053.759,19926.699,20465.498,20950.36,21474.039,18767.854,20610.862,23799.442,24876.733,26076.09,27494.481,29019.595,30556.187,31908.568,33308.647,34771.96,36313.656
"brunei darussalam","brn",NA,NA,NA,NA,NA,21770.731,14544.374,16561.019,15281.058,16683.224,19428.846,20171.327,20679.723,20430.168,21350.36,24895.613,24460.83,23344.446,17294.914,18237.075,20473.284,18646.04,19037.814,20975.54,24759.511,29459.699,34869.24,36678.272,42529.703,31287.341,35446.131,47089.041,47782.13,44865.208,41935.024,31361.248,27328.859,28447.792,31068.297,29871.887,27178.738,31784.621,37458.529,33513.557,33665.186,34678.414,36287.89,37438.08,38595.987,39642.459,40848.881,42176.288
"bhutan","btn",310.544,326.458,334.785,352.981,356.618,359.018,393.189,460.073,510.763,497.468,529.34,459.033,455.499,484.302,498.276,586.027,611.202,673.644,721.863,736.65,779.99,789.785,836.678,976.218,1086.49,1245.919,1314.207,1587.186,1991.169,1843.961,2190.676,2665.242,2756.105,2766.066,2691.273,2929.383,3025.294,3278.29,3501.413,3434.538,3369.893,3391.978,3682.802,3726.454,3989.302,4394.15,4867.007,5349.409,5814.377,6397.483,6993.599,7584.262
"botswana","bwa",1255.634,1088.326,1107.255,1179.876,1130.005,1014.53,1326.751,2005.2,2511.518,2705.793,2880.204,2799.353,2810.474,2753.483,2885.351,3176.023,3179.172,3162.475,2971.612,3282.832,3387.648,3189.015,3092.301,4206.176,4879.969,5344.148,5291.584,5528.578,5503.074,5082.934,6215.732,7287.383,6595.538,6666.912,7122.364,6141.204,6749.06,7104.964,7407.959,7159.257,6310.519,7807.888,8328.709,7826.354,7677.609,7662.303,8489.604,9035.165,9571.162,10428.702,11353.902,12170.275
"central african republic","caf",323.953,327.185,308.837,289.167,274.407,351.719,445.911,487.031,513.278,500.756,567.589,523.912,507.462,428.336,271.164,342.376,300.356,280.52,287.713,282.394,229.526,231.619,249.617,293.325,316.29,333.617,354.697,397.941,452.67,448.085,481.952,537.296,546.817,365.48,440.374,406.443,427.282,461.931,493.485,495.904,504.657,532.278,499.815,537.508,537.996,578.96,612.826,628.003,644.767,667.451,691.132,716.031
"canada","can",11281.422,12396.666,12543.938,13493.198,13947.358,14185.922,14539.75,16408.139,19041.182,20842.455,21572.137,21885.57,20984.778,20210.452,20024.581,20706.725,21325.69,21930.485,21046.556,22340.553,24296.721,23859.77,24279.8,28340.085,32178.496,36440.967,40559.017,44717.074,46773.744,40989.278,47625.742,52285.815,52745.057,52711.32,51025.428,43628.425,42382.499,45192.368,46617.97,46430.975,43573.195,52907.542,56608.779,55002.356,55209.059,55764.707,60304.564,63468.177,66123.089,68607.165,71028.366,73536.111
"switzerland","che",19719.765,17988.992,18320.902,18150.818,17272.919,17459.127,24912.878,31009.68,33287.007,31918.129,40436.747,40413.194,41493.629,39998.566,43896.033,51041.121,48922.368,42208.934,43233.679,42350.274,39416.937,40334.67,43290.345,50122.321,55501.929,57238.65,60128.668,66499.503,75664.809,73143.933,78278.897,92386.106,87772.787,89462.195,91054.666,85683.483,83889.957,83954.213,87366.692,86231.738,87797.149,96895.469,98220.06,105353.239,108255.92,115620.125,126176.833,130035.195,134679.474,138845.592,144018.423,148483.234
"chile","chl",2598.159,3025.972,2219.964,1774.676,1698.949,1434.434,1515.068,1756.21,2035.335,2305.635,2521.569,2849.743,3383.78,3563.323,4048.671,5142.153,5376.778,5788.713,5465.792,4978.07,5092.521,4601.085,4472.867,4817.24,6176.397,7551.076,9405.301,10447.793,10769.752,10192.185,12748.117,14602.219,15371.433,15787.358,14614.282,13506.926,13704.911,14970.174,15752.408,14602.92,13207.85,16265.341,15385.381,16988.274,16589.838,17734.761,20239.757,21431.649,22368.322,23290.432,24244.375,25263.894
"china, people's republic of","chn",307.533,289.007,280.5,297.077,301.687,293.534,280.42,300.37,368.709,407.249,347.545,359.122,422.899,524.75,472.576,609.22,709.842,782.918,829.999,875.39,962.851,1058.863,1157.332,1300.759,1522.439,1779.327,2129.192,2734.911,3505.657,3878.98,4578.143,5654.172,6387.88,7158.485,7775.35,8173.185,8225.121,8939.406,10038.3,10349.377,10700.359,12872.366,12989.394,13029.245,13452.66,13968.065,14873.569,15677.967,16671.437,17725.491,18775.478,19883.249
"côte d'ivoire","civ",1764.741,1429.982,1235.211,1060.684,1028.742,1010.216,1301.055,1377.855,1379.623,1268.839,1348.805,1260.371,1288.913,1161.76,848.957,1091.591,1171.414,1092.136,1134.494,1082.768,913.448,925.966,996.887,1198.538,1259.645,1262.108,1279.071,1421.758,1650.425,1607.992,1597.512,1602.649,1623.908,1843.024,2026.153,1846.22,1896.474,2000.09,2167.041,2173.778,2209.109,2478.224,2351.187,2598.335,2724.327,3005.85,3313.286,3484.558,3673.546,3895.789,4125.942,4357.416
"cameroon","cmr",1045.363,1150.798,1073.469,1053.149,1083.946,1102.672,1398.748,1575.275,1554.138,1344.964,1305.732,1412.421,1256.23,1272.297,840.622,775.613,840.8,826.993,803.446,796.413,687.01,715.217,786.533,986.635,1131.972,1144.049,1191.518,1325.829,1491.979,1459.803,1399.729,1513.694,1450.016,1575.952,1649.868,1415.143,1441.322,1495.562,1612.164,1555.419,1557.854,1673.205,1608.326,1720.729,1830.405,1984.036,2125.437,2183.179,2293.645,2406.684,2537.891,2666.978
"congo, democratic republic of the","cod",2730.694,2301.277,2422.242,1891.283,1221.72,1080.898,1174.016,1075.998,1206.847,1188.851,1192.38,1120.914,973.197,1222.443,639.608,601.803,750.736,642.729,461.123,410.453,397.025,146.542,171.076,171.505,189.173,226.776,265.901,310.819,366.699,291.745,338.802,387.825,427.848,481.137,512.244,519.68,477.259,454.993,548.17,532.857,514.152,630.058,727.498,698.801,743.542,871.246,1121.671,1166.804,1213.426,1259.388,1308.05,1357.992
"congo, republic of","cog",1268.332,1008.636,853.044,752.384,671.076,667.569,885.759,1043.902,1077.321,1071.039,1219.584,1237.554,1301.275,1157.837,774.866,896.009,1008.344,893.112,762.522,877.222,1156.361,933.558,999.604,1128.049,1439.638,1811.59,2116.981,2220.174,2848.341,2281.47,2965.182,3414.461,3756.238,3719.705,3623.464,2348.056,2106.937,2226.946,2716.492,2509.047,2014.193,2293.987,2339.437,2308.52,2341.632,2403.901,2553.869,2619.859,2713.273,2816.987,2916.942,3032.507
"colombia","col",1682.422,1792.979,1878.855,1827.9,1767.888,1623.653,1592.843,1624.05,1714.905,1694.086,1691.101,1712.342,1986.537,2209.196,2726.809,3035.304,3137.059,3399.32,3090.894,2673.657,2535.469,2461.321,2424.342,2313.528,2827.165,3493.965,3836.683,4834.374,5622.1,5330.75,6498.64,7518.387,8237.227,8409.677,8312.058,6337.016,6037.155,6577.315,6923.711,6540.105,5363.203,6231.291,6687.547,7026.609,7979.809,8622.574,10103.714,10321.373,10707.822,11137.187,11594.972,12076.063
"comoros, union of the","com",722.292,616.729,571.463,541.823,517.146,510.964,668.645,789.369,824.423,783.311,931.447,905.748,963.711,923.237,664.841,811.987,793.967,718.393,705.347,707.442,632.79,680.521,763.902,958.891,1070.966,1106.386,1138.719,1289.946,1454.493,1407.577,1385.195,1526.567,1484.891,1596.013,1609.102,1323.072,1356.892,1414.088,1518.8,1501.981,1510.592,1549.471,1438.545,1527.009,1620.834,1769.382,1950.98,2032.124,2110.354,2192.277,2288.324,2382.352
"cabo verde","cpv",569.223,668.809,522.032,494.441,493.568,542.224,685.354,836.444,997.269,1006.712,1224.464,1284.552,1356.281,1190.076,1247.034,1540.817,1611.23,1568.812,1631.763,1709.177,1689.524,1875.159,2015.386,2524.325,2839.287,3090.988,3174.469,3565.274,4189.744,3918.604,3818.598,4259.084,3958.495,4174.748,4178.127,3560.703,3748.574,4029.572,4431.844,4504.665,3646.827,4072.362,4445.47,4912.817,5328.899,5994.792,6670.317,7114.392,7580.302,8090.393,8635.949,9217.477
"costa rica","cri",2108.75,1111.35,1071.935,1257.355,1421.164,1478.366,1611.323,1612.564,1598.038,1763.481,1880.75,2305.412,2684.089,2926.912,3110.155,3336.709,3277.614,3450.907,3653.154,3715.408,3941.14,4041.943,4122.829,4227.819,4483.59,4756.337,5309.271,6194.045,6993.896,6879.266,8268.859,9270.571,10107.452,10764.529,10853.638,11635.197,11986.918,12185.259,12458.314,12757.29,12244.047,12660.545,13575.942,16582.493,18164.96,19161.968,20299.194,21277.684,22287.974,23321.504,24413.027,25604.072
"cyprus","cyp",4549.59,4352.502,4452.666,4399.223,4575.652,4824.674,6057.903,7188.216,8204.3,8635.765,10359.998,10413.726,12158.597,11342.407,12525.318,15396.919,15260.553,14323.919,15181.97,15379.835,14464.816,14905.024,16188.394,20389.337,23969.818,25527.08,27448.397,31774.426,36009.371,32650.09,31522.055,32910.616,29075.418,27768.464,27012.831,23129.577,24359.103,26369.719,29325.824,29431.466,28295.9,33234.868,33602.955,36967.748,38932.645,41730.246,45408.768,47090.759,49394.867,51895.649,54475.199,57180.286
"czech republic","cze",NA,NA,NA,NA,NA,NA,NA,NA,NA,NA,NA,NA,NA,NA,NA,5861.187,6569.378,6065.51,6521.063,6374.041,6048.872,6659.088,8096.686,9857.191,11784.605,13458.775,15281.951,18513.803,22895.716,19863.767,20184.18,22068.782,20024.209,20256.925,20063.059,17944.844,18731.83,20882.415,23661.699,24013.061,23464.296,27667.664,27876.28,31800.883,31739.612,35678.377,39795.187,41625.666,43470.104,45305.454,47195.685,49158.33
"germany","deu",11150.445,9363.773,9048.007,9058.272,8569.045,8710.65,12432.393,15467.993,16575.159,16291.592,20323.326,23538.989,26660.209,25697.119,27359.629,31918.986,30778.888,27254.29,27635.979,27216.943,24158.215,24122.365,25752.683,31074.429,35000.452,35592.346,37530.238,43021.701,47146.711,43173.674,43220.097,47621.991,44768.64,47282.485,49108.051,42109.327,43189.577,45881.456,49384.527,48177.607,47953.683,53151.541,50943.628,54793.074,56086.903,60438.79,65302.893,67613.107,69804.854,72087.756,74263.697,76425.902
"djibouti","dji",NA,NA,NA,NA,NA,NA,NA,NA,NA,NA,1076.215,1070.407,1091.835,1058.462,1109.77,1109.097,1078.124,1068.48,1061.623,1084.925,1088.219,1106.677,1121.167,1160.467,1212.849,1271.217,1359.487,1478.419,1692.43,1722.341,1837.212,2038.56,2190.283,2314.559,2470.925,2652.513,2803.689,2926.153,3038.268,3172.748,3182.318,3385.359,3506.369,3785.999,3980.903,4145.347,4420.745,4683.075,4932.045,5196.052,5480.96,5780.971
"dominica","dma",NA,1112.642,1217.573,1346.688,1495.272,1642.752,1864.889,2102.964,2377.904,2582.185,2819.552,3087.299,3287.848,3448.673,3713.105,3855.291,4104.42,4254.367,4526.684,4657.561,4681.178,4775.344,4680.264,4825.77,5165.218,5127.438,5497.251,5939.91,6463.44,6903.996,6980.957,7160.275,6994.866,7153.468,7388.583,7596.222,8089.25,7507.368,7981.044,8466.407,6872.22,7530.367,8193.119,8852.547,9203.616,9894.53,10458.773,10948.359,11437.788,11913.344,12361.037,12821.468
"denmark","dnk",13824.64,11994.613,11737.06,11791.596,11515.53,12218.954,17150.903,21304.876,22525.652,21894.222,26914.854,27044.086,29632.327,27624.212,30023.075,35440.899,35703.887,32841.426,33405.3,33477.76,30777.178,30823.475,33304.059,40572.443,46684.835,48998.314,52213.64,58786.14,64826.681,58536.553,58240.45,61920.301,58559.563,61512.411,62700.908,53316.984,54699.182,57683.746,61456.783,59489.614,61075.932,69538.862,68122.941,68207.562,71214.061,77046.358,83445.326,86325.177,88992.742,91890.978,94769.821,97740.518
"dominican republic","dom",1534.317,1677.447,1545.099,1562.13,2397.598,1022.611,1212.354,1245.272,1113.835,1230.744,1123.244,1365.232,1573.686,1741.669,1916.439,2141.061,2309.916,2495.032,2658.543,2674.828,2894.303,3007.381,3158.393,2460.554,2540.849,4008.356,4188.715,4803.473,5191.435,5147.191,5682.505,6054.833,6262.467,6400.965,6788.883,7119.639,7506.192,7783.612,8286.301,8614.967,7524.961,9023.429,10714.918,11279.604,11541.579,11749.205,12405.587,13036.367,13841.763,14714.726,15647.938,16661.25
"algeria","dza",2462.085,2502.13,2446.588,2514.256,2640.191,2988.545,2929.092,2935.816,2326.571,2309.34,2684.465,1975.201,2033.196,2056.556,1674.567,1626.997,1783.41,1800.196,1772.368,1769.091,1947.755,1919.41,1958.238,2304.603,2839.82,3258.153,3690.572,4208.244,5214.762,4262.144,4941.494,5946.345,6057.974,5997.896,6108.878,4691.686,4426.58,4554.15,4568.244,4452.856,3757.585,4169.218,4983.549,5396.323,5772.289,6046.876,6628.405,6590.837,6519.196,6512.023,6483.772,6450.797
"ecuador","ecu",2015.082,2005.704,1947.085,1664.708,1724.507,1964.321,1404.716,1280.021,1186.36,1136.258,1127.222,1236.273,1321.881,1511.298,1785.609,1902.883,1957.419,2165.066,2169.513,1536.21,1404.638,1823.704,2097.116,2358.041,2633.053,2960.733,3298.408,3533.67,4257.891,4111.478,4578.936,5209.999,5682.119,6144.123,6422.124,5975.078,5907.928,6220.968,6293.459,6199.031,5469.758,6084.743,6555.526,6772.859,6890.706,7198.575,7574.859,7839.381,8102.71,8389.936,8706.527,9035.88
"egypt, arab republic of","egy",580.042,617.659,711.351,846.388,925.97,1049.33,1132.456,1585.217,1858.029,2266.442,1870.847,923.843,825.448,897.202,968.914,1098.086,1209.49,1327.405,1454.957,1518.197,1636.752,1566.199,1355.278,1252.404,1195.597,1331.362,1563.739,1862.164,2271.232,2578.884,2922.796,3077.343,3569.482,3583.854,3705.465,3933.927,3862.011,2592.707,2710.158,3214.301,3802.438,4145.939,4587.172,3743.608,3593.858,3379.429,3903.808,4071.603,4440.616,4795.446,5078.892,5320.067
"eritrea, the state of","eri",NA,NA,NA,NA,NA,NA,NA,NA,NA,NA,NA,NA,268.192,167.084,195.44,219.091,263.808,270.574,283.919,274.584,238.508,245.162,227.498,258.933,315.55,300.697,321.219,340.334,301.238,415.601,501.424,642.502,693.804,596.754,786.54,603.193,655.424,557.857,580.845,566.731,NA,NA,NA,NA,NA,NA,NA,NA,NA,NA,NA,NA
"spain","esp",6118.91,5373.904,5163.843,4495.142,4465.003,4687.776,6467.667,8175.112,9584.39,10550.417,13673.271,14675.641,15989.337,13389.752,13399.66,15452.589,16113.303,14770.651,15442.962,15747.58,14714.351,15299.106,16936.981,21334.669,24698.252,26251.002,28177.362,32339.713,35379.801,32158.985,30624.424,31767.697,28511.285,29297.451,29737.831,25986.986,26725.642,28326.416,30526.94,29664.183,27188.392,30792.106,30154.509,33312.918,35151.242,38290.386,41563.182,43007.744,44542.406,45968.345,47538.508,49205.447
"estonia, republic of","est",NA,NA,NA,NA,NA,NA,NA,NA,NA,NA,NA,NA,NA,1194.185,1711.265,2720.996,3379.95,3686.89,4096.119,4151.424,4084.932,4513.019,5359.979,7218.163,8925.153,10428.693,12659.144,16765.784,18274.232,14757.1,14697.472,17552.466,17579.346,19310.675,20574.581,17723.954,18661.231,20844.174,23628.862,24023.899,23914.829,27969.745,28362.68,30272.75,31418.897,34325.319,37717.964,39643.958,41798.781,43876.044,45879.828,47876.615
"ethiopia, the federal democratic republic of","eth",227.616,228.061,233.306,251.399,229.991,260.757,262.316,271.537,272.448,277.391,284.636,304.279,310.307,186.665,160.749,151.063,163.498,155.766,137.366,128.578,136.056,131.565,123.874,132.704,152.16,181.49,218.637,266.894,350.57,373.199,341.103,377.694,510.537,548.869,622.592,707.975,790.789,822.704,839.861,948.851,969.014,974.103,1142.927,1511.357,1310.632,986.516,1081.49,1234.259,1387.202,1569.646,1767.115,1993.832
"finland","fin",11257.795,10990.447,11036.936,10545.058,10889.934,11488.754,14998.341,18632.076,22122.56,24040.639,28491.135,25650.711,22497.298,17641.392,20406.2,26322.115,25806.206,24750.37,26064.759,26236.007,24369.776,24998.587,26999.895,32954.317,37812.031,39142.224,41300.022,48586.821,53894.581,47538.607,46647.994,51174.768,47693.7,49804.351,50180.785,42625.16,43502.557,46109.916,49698.347,48395.834,48827.138,53203.799,50551.801,53069.46,53291.833,56464.358,60129.688,62379.309,64448.57,66835.03,69359.211,71893.748
"fiji, republic of","fji",2056.073,2062.163,1941.771,1781.084,1828.856,1744.388,1954.085,1776.896,1672.492,1747.117,1959.194,2012.454,2208.958,2339.817,2590.933,2779.973,2975.914,2900.261,2270.075,2638.512,2274.643,2234.467,2463.316,3072.964,3596.695,3940.024,4050.9,4405.164,4553.695,3682.455,4010.982,4802.511,5022.15,5277.41,5622.351,5397.131,5658.236,6049.889,6269.882,5968.379,4692.746,4588.805,5459.654,5970.919,6467.915,6508.02,6801.602,7093.061,7420.537,7775.563,8159.643,8789.746
"france","fra",12623.85,11057.517,10433.377,9921.765,9357.211,9753.414,13487.79,16241.482,17650.437,17639.404,21735.528,21675.374,23775.543,22357.695,23505.585,26927.038,26883.799,24309.419,25024.875,24755.925,22502.094,22486.945,24295.367,29675.139,33876.29,34964.765,36685.03,41762.59,45753.56,41943.313,40988.558,44197.638,41150.451,42951.716,43277.417,36775.676,37081.496,38756.651,41539.756,40487.302,39230.928,43848.345,41095.77,44749.675,46053.562,48929.949,52083.326,53035.067,54379.394,55849.105,57347.075,58797.018
"micronesia, federated states of","fsm",NA,NA,NA,NA,NA,NA,NA,NA,NA,NA,NA,NA,NA,NA,NA,2097.493,2082.72,1949.608,2060.275,2064.784,2175.957,2250.77,2255.933,2288.972,2233.5,2340.705,2376.421,2421.552,2511.4,2678.277,2835.375,2975.425,3117.644,3022.055,3055.618,3036.299,3208.161,3563.883,3960.729,4011.106,3837.824,4080.611,4381.579,4680.232,5089.046,5307.749,5513.822,5798.677,5980.525,6163.905,6328.793,6498.103
"gabon","gab",6093.615,5376.616,4930.527,4619.015,4346.388,4478.468,5735.355,4245.955,4581.144,4899.234,6815.634,5993.32,6015.511,5677.618,4293.942,4956.842,5552.917,5068.093,4161.617,4222.734,4477.321,4065.933,4210.284,5015.596,5837.617,6942.698,7271.093,8652.145,10418.276,7856.853,8933.306,10893.464,9903.41,9760.747,9746.786,7453.114,7082.218,7370.349,8198.56,8111.318,7289.453,9113.808,9478.244,9079.289,9257.95,9376.425,9917.568,10050.034,10261.804,10516.435,10771.177,11026.784
"united kingdom","gbr",10734.318,10452.675,9950.478,9478.005,8967.693,9517.785,11580.773,14367.286,17438.761,17710.161,20981.005,21805.656,22466.408,20081.187,21532.357,23254.79,24529.701,26917.142,28404.949,28864.384,28440.794,28024.249,30208.587,34594.377,40548.325,42279.458,44772.7,50651.344,48143.081,39158.587,39821.429,42292.912,42695.921,43636.03,47771.842,45266.037,41411.645,40952.186,43760.389,43185.922,40844.287,47707.119,47206.385,49938.295,53338.651,57608.214,61056.098,63704.119,66419.058,69288.3,72501.327,75760.754
"georgia","geo",NA,NA,NA,NA,NA,NA,NA,NA,NA,NA,NA,NA,NA,NA,172.501,413.486,688.363,818.054,869.519,690.373,763.707,820.006,875.188,1034.533,1338.086,1682.527,2052.257,2700.417,3419.915,2890.71,3269.917,4100.982,4518.061,4710.606,4833.664,4090.214,4142.174,4420.41,4800.794,4738.796,4308.286,5055.161,6773.539,8237.416,9254.313,10346.094,11574.009,12664.162,13879.583,15229.21,16720.72,18353.275
"ghana","gha",3239.454,5006.386,5611.733,3786.463,1346.079,1169.016,1080.271,888.229,926.87,914.435,1031.664,1127.156,1091.486,875.974,790.464,901.888,933.683,933.36,991.413,1000.783,628.881,650.209,734.677,882.299,994.77,1176.627,1343.837,1545.724,1704.06,1493.287,1783.977,2055,2087.204,2294.796,1949.906,1722.771,1912.48,2012.288,2195.321,2186.659,2195.455,2445.187,2229.891,2383.904,2419.252,3271.351,3313.769,3329.692,3390.061,3543.421,3716.812,3900.486
"guinea","gin",NA,NA,NA,NA,NA,NA,NA,NA,NA,NA,616.321,660.444,678.626,639.332,626.432,655.749,656.708,628.192,591.511,557.831,461.784,427.879,444.663,517.03,534.339,470.57,426.419,628.711,675.387,637.478,630.549,607.035,645.096,713.128,728.729,712.025,679.964,796.038,891.887,986.528,1008.687,1139.967,1334.939,1468.578,1571.777,1722.17,1847.784,1981.446,2129.625,2298.996,2454.048,2593.737
"gambia, the","gmb",903.644,814.787,740.81,717.082,495.919,579.155,434.219,559.161,623.489,629.262,709.101,718.743,744.755,753.565,721.213,731.036,740.812,734.197,733.11,731.812,693.859,670.537,577.515,534.269,593.285,616.484,614.544,724.726,859.128,774.888,801.033,710.608,692.579,653.863,568.005,609.023,643.675,639.592,692.721,733.858,717.141,790.625,805.196,857.528,861.943,904.255,953.092,1005.934,1062.827,1113.765,1171.976,1237.217
"guinea-bissau","gnb",370.185,463.692,516.549,570.682,388.702,559.368,534.912,444.504,406.033,478.384,571.817,787.213,843.597,636.881,344.118,725.815,676.103,628.438,517.661,496.411,327.943,338.362,374.5,435.072,447.804,482.181,467.998,543.408,672.251,613.569,644.344,775.206,688.497,711.927,712.826,707.897,748.089,864.141,894.667,836.954,838.847,928.35,907.623,1035.294,1105.343,1311.463,1448.524,1528.687,1605.602,1690.714,1780.963,1862.108
"equatorial guinea, republic of","gnq",123.403,109.806,121.292,126.408,130.117,205.657,241.443,284.263,296.908,253.241,312.102,299.071,351.662,343.493,245.881,333.846,527.121,965.017,777.254,1251.452,1885.985,2616.505,3105.658,5373.616,8187.817,10816.42,12744.023,15784.548,22831.933,16578.72,17167.174,21476.215,21570.068,20253.043,19276.253,11219.121,9200,9621.136,10129.619,8355.696,7045.629,8415.533,9155.152,7990.773,8029.117,7627.642,8151.575,7804.857,7665.829,7779.183,8006.614,8200.798
"greece","grc",5865.653,5347.26,5545.699,4980.328,4827.409,4765.272,5592.106,6486.385,7526.494,7769.62,9544.71,10139.849,11077.903,10306.392,10968.169,12816.689,13459.426,13070.508,13075.654,13369.562,11826.517,12186.368,13789.85,18036.4,21468.468,22101.329,24452.035,28476.246,31740.794,29426.018,26679.741,25457.905,21557.251,21498.365,21412.642,17921.051,17901.38,18602.048,19867.086,19332.053,17839.122,20456.642,20853.518,23335.57,24688.425,27040.815,29695.96,30965.9,32180.208,33413.247,34703.84,36102.352
"grenada","grd",1245.62,1276.37,1346.874,1372.669,1477.916,1678.085,1872.462,2162.546,2408.732,2757.871,2887.011,3117.904,3192.22,3153.808,3272.547,3411.983,3632.676,3861.381,4370.62,4705.807,5056.978,5045.854,5192.154,5641.159,5721.585,6658.021,6672.843,7226.881,7844.193,7333.246,7340.342,7299.874,7433.912,7760.348,8333.757,9055.801,9572.093,10098.821,10419.126,10779.062,9222.709,9863.609,10697.777,11619.383,11685.377,12210.274,12688.511,13225.441,13815.624,14399.51,15008.049,15642.199
"guatemala","gtm",1098.634,1170.417,1156.016,1170.152,1193.866,1374.177,724.449,818.067,864.066,971.834,834.889,989.323,1064.714,1129.395,1242.727,1362.351,1416.516,1564.034,1657.335,1525.164,1549.337,1648.803,1790.191,1843.551,1950.202,2153.123,2342.123,2565.803,2887.775,2672.89,2861.546,3205.721,3307.017,3443.66,3688.038,3893.117,4058.954,4323.226,4353.115,4511.059,4477.542,4911.934,5358.743,5757.518,6149.479,6489.088,6810.252,7267.284,7716.161,8207.195,8747.037,9329.947
"guyana","guy",1101.855,1055.839,904.864,921.541,861.055,924.305,1053.703,982.258,1125.871,1146.242,950.968,1036.884,1145.783,1392.984,1626.898,1832.399,2048.527,2161.647,2035.856,2010.769,2017.2,2023.617,2092.961,2144.109,2232.996,2305.907,2551.768,2982.217,3329.637,3457.367,3837.303,4444.931,5440.447,5616.931,5603.604,5794.593,6005.967,6254.725,6053.036,6174.276,6363.155,9201.445,16425.048,18428.076,25792.414,26993.648,33167.166,37486.075,41194.665,45050.132,46400.615,48428.001
"hong kong special administrative region, people's republic of china","hkg",5703.963,5995.182,6139.013,5590.161,6170.503,6490.372,7380.118,9015.195,10527.458,12012.634,13374.312,15297.577,17710.506,20065.68,22194.005,23070.541,24698.956,27214.595,25649.085,24969.005,25574.491,25166.902,24731.081,23856.482,24873.898,26551.769,28028.157,30494.551,31487.94,30593.991,32421.361,34955.147,36623.745,38233.352,40185.303,42325.352,43488.204,46025.665,48310.038,48277.982,46446.056,49848.567,47998.494,50580.146,54444.8,56892.781,59640.137,61867.561,64263.094,66824.772,69488.675,72380.245
"honduras","hnd",1074.967,1061.507,1086.267,1105.505,1177.315,1226.193,1280.633,1355.593,1461.975,1627.429,988.463,907.277,937.826,914.695,832.067,943.377,883.622,944.691,1021.095,1002.546,1079.974,1132.322,1132.334,1155.853,1214.637,1304.45,1425.769,1577.738,1732.759,1780.958,1893.015,2073.679,2125.422,2080.498,2179.513,2270.96,2306.779,2413.151,2464.563,2502.384,2307.432,2735.306,3003.169,3227.455,3427.028,3606.62,3710.883,3862.27,4025.249,4196.661,4377.107,4567.117
"croatia, republic of","hrv",NA,NA,NA,NA,NA,NA,NA,NA,NA,NA,NA,NA,120.042,1591.119,3684.259,4639.057,4918.625,4834.056,5325.804,5180.756,5054.8,5364.649,6215.467,8189.727,9713.63,10448.914,11501.673,13757.596,15884.125,14460.212,13743.418,14686.916,13517.836,14134.594,14189.085,12284.449,12816.271,13898.475,15465.998,15566.921,14796.716,17801.412,18479.472,22188.372,24044.333,27376.486,30030.057,31520.808,32889.357,34357.157,35923.409,37558.268
"haiti","hti",447.907,484.33,494.856,521.763,567.915,619.461,676.077,327.179,212.61,192.614,240.23,211.528,124.533,147.025,397.214,618.383,626.299,706.797,773.837,847.945,794.059,720.822,684.333,540.556,660.218,773.35,794.79,991.684,1074.359,1168.747,1175.199,1269.346,1316.496,1408.807,1408.669,1359.209,1263.434,1337.16,1441.864,1277.213,1235.476,1765.242,1643.221,1603.278,2040.6,2556.526,3078.902,3497.108,3635.805,3653.65,3642.171,3719.4
"hungary","hun",2158.509,2214.35,2257.348,2053.096,1996.416,2029.581,2346.453,2591.3,2847.851,2919.225,3323.178,3361.207,3745.666,3883.74,4184.221,4505.914,4537.717,4601.357,4745.566,4794.713,4624.923,5274.516,6647.318,8399.771,10281.244,11200.063,11472.076,13920.455,15751.94,13040.321,13171.433,14191.149,12934.984,13708.545,14327.786,12759.182,13188.503,14716.129,16593.03,17002.758,16355.505,18991.056,18499.915,22220.348,23252.805,25825.579,28430.47,29902.499,31432.052,33114.452,34905.071,36767.203
"indonesia","idn",673.239,736.992,741.946,659.474,672.201,658.217,610.234,562.902,621.934,696.874,770.757,847.573,907.767,1013.057,1115.613,1254.023,1394.497,1308.114,572.09,829.574,870.154,834.139,1002.907,1186.465,1279.721,1404.348,1765.794,2064.003,2416.785,2469.384,3177.453,3690.097,3739.917,3667.435,3532.669,3373.489,3604.99,3885.967,3945.583,4192.768,3919.465,4351.304,4784.207,4919.934,4958.391,5082.438,5361.7,5724.751,6120.262,6542.837,6999.65,7491.532
"india","ind",270.85,274.483,277.705,295.94,280.633,302.233,314.154,344.731,355.933,349.917,371.086,305.574,319.184,302.884,347.734,375.175,401.052,416.255,413.657,441.928,442.751,450.357,469.149,544.143,624.258,710.489,801.669,1021.887,992.519,1094.95,1347.519,1445.461,1425.587,1425.357,1541.704,1567.444,1685.202,1919.534,1930.293,1998.758,1862.198,2181.098,2279.982,2434.448,2591.992,2675.322,2812.623,3074.934,3369.284,3699.844,4047.753,4420.601
"ireland","irl",6254.151,5888.199,6080.034,5841.648,5593.549,5936.393,7995.636,9422.435,10368.508,10757.96,13649.034,13752.472,15336.662,14267.233,15460.16,19092.733,20787.855,22475.598,24210.028,26236.98,26187.495,28120.751,32482.159,40939.423,47387.991,50475.16,53737.841,60769.642,60989.707,51943.659,48580.832,52552.841,49310.534,52462.533,57111.364,64093.56,63870.733,71831.436,80475.227,81525.558,86216.914,103624.405,104719.832,106501.452,112355.758,130652.363,140185.681,144104.282,148083.823,151488.956,155252.978,159213.304
"iran, islamic republic of","irn",2977.17,3033.663,3619.353,4345.159,4309.63,4630.286,5156.976,6673.417,7333.955,8706.499,13011.849,6646.072,1087.232,1368.224,1670.031,2370.109,3211.578,3684.502,4045.69,5370.756,7050.388,6254.541,2466.34,2872.169,3374.32,3983.041,4630.754,6017.799,6901.037,6955.196,8071.567,9609.214,6406.143,6421.321,6823.854,5971.81,5975.217,6263.722,4187.328,3035.117,2493.037,3656.385,4760.965,4940.258,4834.448,4263.822,3414.979,3527.646,3601.618,3701.954,3818.318,3936.147
"iraq","irq",NA,NA,NA,NA,NA,NA,NA,NA,NA,NA,NA,NA,NA,NA,NA,NA,NA,NA,NA,NA,NA,NA,NA,608.655,1373.738,1828.738,2321.258,3090.851,4472.118,3701.862,4473.71,5848.537,6692.576,7021.406,6704.313,5044.624,4656.709,5117.127,6037.885,6048.921,4547.33,5116.534,6818.152,6250.549,6451.08,5803.262,5677.195,6128.681,6246.271,6420.398,6635.697,6861.232
"iceland","isl",15545.445,15882.184,14416.112,12210.069,12461.981,12866.981,17062.096,23480.106,25630.641,23343.345,26434.111,28039.735,28272.603,24540.21,24941.828,27615.174,28685.712,28594.02,31711.944,33033.225,32754.708,29373.803,32857.732,40089.583,48057.098,58405.183,58926.891,71375.076,57845.632,41370.919,43833.126,49364.915,47715.893,51437.01,56462.813,54796.212,64666.825,75367.097,77963.129,71496.364,62237.431,73220.805,79953.047,84489.56,86485.227,99070.813,110048.2,113118.698,115893.361,118925.676,122073.902,125283.005
"israel","isr",6389.194,6721.629,7076.771,7728.28,7223.064,6596.109,7996.029,9397.154,11450.097,11452.909,13102.701,13995.633,15098.393,14783.921,16451.789,19025.207,20249.419,20501.524,20188.27,19833.438,21700.839,20957.718,19068.604,19631.733,20558.752,21271.627,22506.243,25702.988,30240.201,28482.937,31410.39,34488.9,33282.519,36996.131,38282.313,36152.474,37582.521,41030.159,42285.344,44106.474,44594.51,52280.982,54983.858,52146.476,54294.192,60334.813,69803.854,72459.479,74719.522,76885.671,79014.913,81204.244
"italy","ita",8511.792,7706.659,7610.37,7892.058,7797.171,8048.61,11397.445,14305.851,15845.543,16468.564,20536.935,21674.463,22988.054,18469.667,19043.086,20723,23135.785,21913.178,22395.147,22074.674,20205.515,20576.476,22473.536,27673.263,31451.559,32148.046,33602.692,37989.414,40969.031,37143.445,35963.743,38475.847,34926.415,35722.52,36022.586,30609.504,31357.601,32797.28,35042.793,33766.987,31956.874,36812.907,35672.007,39282.374,40404.749,43270.357,46505.094,47715.179,49175.415,50593.05,52068.428,53588.949
"jamaica","jam",1245.894,1344.512,1517.904,1322.687,972.602,901.153,1061.625,1188.663,1408.358,1629.782,2022.863,1846.479,1851.237,2307.693,2292.798,2729.187,3052.342,3434.235,3557.53,3563.575,3601.679,3621.311,3805.839,3679.513,3955.733,4351.469,4611.271,4954.622,5267.486,4624.153,5021.383,5470.905,5589.85,5374.083,5238.005,5488.985,5486.103,5769.269,6139.4,6218.412,5508.814,5832.058,6819.746,7754.694,7964.675,8105.53,8355.758,8673.737,8991.859,9299.579,9600.684,9911.54
"jordan","jor",1959.368,2114.737,2163.592,2175.484,2101.412,2020.415,2471.901,2489.16,2226.612,1427.647,1328.734,1317.331,1543.414,1521.648,1631.968,1674.68,1690.737,1724.24,1861.268,1877.35,1906.045,1982.783,2087.947,2164.756,2350.133,2554.78,2871.716,3064.004,3865.529,4050.211,4357.475,4590.764,4839.702,4928.884,4688.418,4471.545,4390.538,4463.85,4541.446,4552.801,4417.718,4588.189,4761.13,4913.167,5081.083,5354.927,5600.661,5792.176,5994.125,6206.982,6433.561,6669.799
"japan","jpn",9892.85,10828.422,10005.863,10898.703,11466.663,12082.944,17855.936,21631.572,26088.886,25851.796,26399.375,30109.47,32739.035,37193.336,40794.532,44960.297,39944.293,36344.336,32848.466,37041.579,39756.595,34914.729,33327.592,35832.143,38685.774,38164.951,36385.087,36198.824,40411.185,41840.391,45547.297,49122.91,49656.729,41405.718,39221.081,35710.561,40251.686,39750.616,40746.901,41560.163,41233.597,41643.614,35565.979,35224.682,33820.26,35973.152,35703.432,37390.799,39104.224,40397.949,41720.207,43038.105
"kazakhstan, republic of","kaz",NA,NA,NA,NA,NA,NA,NA,NA,NA,NA,NA,NA,168.645,304.85,751.981,1061.476,1358.805,1459.417,1480.092,1132.127,1229.001,1490.927,1658.031,2068.124,2874.288,3771.35,5291.55,6771.417,8513.567,7165.251,9070.576,11634.176,12386.972,13891.075,12807.805,10511.371,7715.442,9248.382,9813.28,9813.064,9121.988,10373.954,11484.417,13157.579,14459.336,14854.776,17502.645,18546.596,19543.095,20685.947,21865.959,23166.485
"kenya","ken",855.46,776.768,721.646,644.496,646.56,622.796,716.676,758.158,759.491,728.324,737.207,674.68,644.596,434.811,505.902,623.706,686.838,677.763,742.079,647.881,617.139,617.047,611.893,668.475,692.709,778.323,854.981,1028.226,1118.755,1123.268,1176.311,1178.599,1396.22,1490.422,1613.101,1625.176,1688.852,1805.398,1987.302,2107.735,2068.176,2208.691,2265.658,2099.499,2274.946,2557.539,2713.604,2803.882,2886.836,3007.089,3167.319,3327.701
"kyrgyz republic","kgz",NA,NA,NA,NA,NA,NA,NA,NA,NA,NA,NA,NA,207.976,148.155,245.851,329.934,396.495,379.056,344.404,258.467,280.635,309.913,323.343,382.888,436.496,478.77,546.621,725.487,971.678,876.933,884.846,1131.471,1189.517,1295.225,1292.621,1132.843,1131.841,1254.51,1321.954,1466.956,1270.961,1390.9,1805.648,2191.134,2568.059,2984.349,3202.251,3375.942,3542.495,3711.204,3854.056,3974.581
"cambodia","khm",NA,NA,NA,NA,NA,NA,29.021,19.322,36.812,44.823,112.703,243.475,285.042,273.739,299.227,343.481,324.658,297.595,259.582,286.39,303.754,326.931,351.308,388.687,451.344,531.678,613.994,724.463,874.67,896.435,946.169,1090.534,1188.171,1297.221,1440.324,1541.288,1671.77,1811.746,2017.8,2183.046,2062.561,2130.859,2294.004,2433.687,2613.455,2761.569,2901.687,3074.764,3273.771,3495.683,3737.58,4001.091
"kiribati","kir",567.517,591.496,527.416,510.503,555.734,410.217,398.258,440.578,558.144,534.576,505.422,562.267,827.265,781.484,876.462,883.582,1031.874,1001.068,918.686,930.929,890.425,755.273,853.916,1082.547,1147.277,1231.148,1188.669,1432.089,1518.603,1410.095,1609.343,1877.755,1956.664,1886.873,1845.476,1742.421,1845.78,1959.95,2022.227,1987.127,1855.475,2354.259,2202.1,2325.642,2695.117,2701.347,3051.063,3125.763,3183.768,3250.817,3321.838,3385.535
"st. kitts and nevis","kna",1333.377,1617.403,1853.275,1834.017,2148.255,2406.875,2847.705,3278.202,3911.612,4386.006,4998.399,5004.43,5507.856,5929.359,6541.204,6956.827,7324.702,8140.022,8375.993,8775.967,9734.766,10516.39,10869.981,10484.293,11398.82,12376.133,14426.985,15376.338,16627.203,16509.714,16591.513,17715.762,17856.625,18709.718,20171.084,19673.7,20535.826,21395.269,21322.656,21683.638,17155.438,16561.586,18759.78,20153.605,20427.2,21002.096,22145.979,23173.5,24236.482,25404.782,26595.66,27807.36
"korea, republic of","kor",1744.756,1918.418,2032.027,2245.56,2468.702,2542.884,2910.824,3657.733,4888.718,5989.211,6812.886,7872.91,8386.948,9181.481,10729.637,13002.046,13864.865,12840.576,8572.751,11056.713,12716.99,11983.382,13637.337,15211.145,17107.739,20162.881,22596.681,25075.287,22291.166,19933.009,24069.073,26177.945,26600.549,28449.357,30667.091,30171.791,30825.524,33296.984,35363.952,33826.944,33653.202,37518.465,34822.406,35674.095,36238.64,36226.965,37412.075,39011.816,40694.633,42453.457,44177.222,46019.171
"kosovo, republic of","kos",NA,NA,NA,NA,NA,NA,NA,NA,NA,NA,NA,NA,NA,NA,NA,NA,NA,NA,NA,NA,1506.094,1704.288,1807.197,2205.535,2274.678,2318.3,2400.14,2865.639,3025.013,2878.492,3013.162,3518.244,3413.274,3710.816,3920.087,3553.02,3727.021,3991.249,4389.631,4432.996,4297.834,5309.211,5319.98,6530.915,7063.426,7901.548,8957.717,9749.854,10367.855,11032.74,11739.166,12483.437
"kuwait","kwt",NA,NA,NA,NA,NA,NA,NA,NA,NA,NA,NA,NA,NA,15825.24,14766.792,15088.376,16623.468,15330.442,12796.952,14296.611,17639.079,15992.659,16856.637,20584.985,24863.764,35990.561,43618.251,47539.015,53059.162,38156.094,39342.103,47440.107,50783.678,48543.741,43458.841,29195.283,26795.706,28552.15,31369.182,31549.877,25610.725,33824.862,38288.598,33679.025,32106.276,30876.881,33164.454,32857.593,33197.424,33731.373,34269.351,34788.587
"lao people's democratic republic","lao",584.594,335.22,327.897,584.805,815.211,997.615,678.461,464.657,294.242,353.313,406.199,464.923,517.905,567.21,641.635,727.106,739.317,682.509,254.24,264.926,316.667,318.271,328.928,397.312,459.603,525.985,661.572,787.382,969.073,1032.328,1187.022,1397.003,1566.197,1813.802,1982.523,2124.256,2307.838,2437.127,2551.83,2602.623,2528.997,2495.962,2022.383,1977.495,2054.806,2288.444,2403.286,2514.601,2626.539,2727.897,2829.068,2930.821
"lebanon","lbn",1356.473,1269.352,853.614,1162.314,1349.451,1105.075,840.304,959.706,945.712,760.699,779.344,1197.909,1461.022,1946.912,2311.748,2770.619,3178.874,3782.132,4082.32,4040.828,3938.847,3955.314,4236.269,4325.581,4625.239,4629.975,4665.929,5162,5957.729,7149.809,7695.22,7914.089,8499.753,8253.134,7660.987,7797,8087.764,8655.768,9291.052,8817.679,4172.101,3669.513,4676.775,4574.386,5479.848,6443.215,NA,NA,NA,NA,NA,NA
"liberia","lbr",NA,NA,NA,NA,NA,NA,NA,NA,NA,NA,NA,NA,NA,NA,NA,NA,NA,NA,NA,NA,303.139,305.905,311.765,231.88,286.096,293.48,333.148,388.146,464.439,470.219,505.372,582.626,646.671,716.567,708.828,691.379,709.827,706.226,677.356,623.887,589.81,667.17,739.665,799.279,851.188,910.094,963.723,1011.053,1057.192,1107.839,1164.896,1229.634
"libya","lby",12889.183,10644.756,10134.943,9268.43,8319.408,8228.6,6453.355,5751.953,5732.365,5817.147,7114.795,7700.607,7641.507,6742.398,6163.116,6875.824,7383.953,7444.158,6014.848,7115.493,7445.315,6515.168,3835.521,4809.392,5936.162,8338.253,10048.85,11174.167,13921.085,9544.486,11600.901,7593.955,14976.125,11952.313,8928.256,7458.606,7525.934,9965.184,11195.934,9960.728,6655.841,4935.573,5991.494,6016.949,6685.901,5998.587,6962.074,6579.566,6471.987,6414.904,6339.399,6238.035
"st. lucia","lca",1411.274,1589.058,1479.312,1571.303,1976.229,2200.781,2589.062,2816.381,3180.56,3563.604,4200.978,4394.216,4755.802,4760.861,4888.36,5143.208,5239.997,5279.522,5667.451,5879.228,5875.92,5565.558,5563.749,6054.506,6490.831,6859.33,7605.737,7931.492,8450.258,8239.063,8676.827,9131.237,9259.731,9577.216,10044.83,10334.98,10638.133,11333.12,11642.689,11794.236,8479.012,10470.677,13052.868,13367.086,14269.792,14602.77,15135.335,15723.518,16328.168,16939.75,17527.416,18209.219
"liechtenstein, principality of","lie",NA,NA,NA,NA,NA,NA,NA,NA,NA,NA,NA,NA,NA,NA,NA,NA,NA,NA,NA,NA,82744.002,81267.915,86422.28,97243.459,108640.079,114293.013,124150.055,142492.527,155978.329,136253.237,153152.221,171011.833,160395.488,168956.728,174842.086,163585.076,161806.823,167258.499,174385.361,166126.24,163997.557,201297.542,187182.546,205907.27,207033.982,217927.883,226809.136,230699.758,236883.869,244327.248,252007.222,259928.886
"sri lanka","lka",333.918,342.812,365.498,389.999,452.288,443.046,470.142,484.746,501.62,498.479,564.868,611.088,651.332,689.023,787.255,829.22,903.331,1003.944,1026.15,1025.7,1065.469,1017.154,1061.683,1162.71,1259.771,1477.595,1698.156,1928.714,2410.801,2472.242,2894.26,3320.074,3446.355,3737.366,3969.713,4057.742,4150.367,4401.055,4360.149,4082.694,3846.175,3999.337,3362.507,3799.198,4515.598,NA,NA,NA,NA,NA,NA,NA
"lesotho, kingdom of","lso",302.575,299.298,242.848,261.385,228.269,177.343,198.863,254.557,284.896,292.125,351.015,403.188,460.487,454.975,474.42,528.732,495.329,516.555,474.728,467.52,459.874,386.835,429.257,632.792,810.571,885.633,884.317,900.314,840.048,977.722,1180.293,1276.47,1211.567,1140.176,1190.678,1046.358,1035.572,1123.793,1132.268,1051.587,935.912,1080.365,995.01,963.377,1075.413,1206.282,1241.393,1277.606,1321.047,1367.22,1415.865,1472.003
"lithuania, republic of","ltu",NA,NA,NA,NA,NA,NA,NA,NA,NA,NA,NA,NA,NA,NA,NA,1857.7,2343.379,2841.519,3179.097,3126.07,3297.833,3532.166,4148.234,5505.057,6724.743,7860.969,9216.84,12306.172,15009.647,11884.94,11846.807,14266.787,14297.004,15642.218,16473.748,14272.196,14927.805,16795.91,19258.849,19612.26,20407.379,23893.846,24963.397,27995.627,29598.462,32839.049,36544.685,38088.27,40256.04,42299.154,44689.305,46955.206
"luxembourg","lux",17666.822,15190.151,12464.077,12234.721,11984.326,12393.837,17950.08,22149.615,24875.596,26227.017,33067.032,35346.644,39061.19,39483.229,43307.076,50705.305,49719.082,44202.752,45636.752,49341.44,48984.386,48719.11,53227.765,66160.728,77030.646,81728.362,91478.072,108344.137,121615.841,110249.419,112049.15,120526.518,113953.492,121423.168,125200.378,106710.076,107948.007,111211.579,118135.266,113830.259,117570.398,136190.678,125295.365,134402.55,138757.218,148246.975,158733.346,161340.18,164639.743,168140.316,171698.231,175281.024
"latvia, republic of","lva",NA,NA,NA,NA,NA,NA,NA,NA,NA,NA,NA,NA,613.21,990.424,1671.292,2096.127,2348.382,2597.492,2882.142,3053.207,3260.181,3480.782,3987.891,4892.173,6075.411,7259.743,9180.485,13338.82,15647.205,11909.596,11086.477,12933.575,13270.873,14407,15131.397,13265.841,13768.519,15066.124,17195.706,17241.515,17483.696,20181.834,20276.131,22725.284,23499.359,26116.424,28912.654,30618.88,32334.816,34016.679,35760.719,37605.314
"macao special administrative region, people's republic of china","mac",NA,NA,NA,NA,NA,NA,NA,NA,NA,NA,NA,NA,NA,NA,NA,NA,NA,NA,NA,NA,NA,15723.751,16733.977,18461.835,23005.586,25109.973,28970.428,34268.703,38286.226,39825.584,51139.231,66116.861,74215.592,84870.985,86341.583,69481.454,69723.747,77012.751,82523.949,80966.993,37007.848,44838.869,37053.475,66734.813,71868.75,74465.49,76445.765,79276.583,82458.567,85903.622,89457.105,92161.207
"morocco","mar",1225.165,969.43,953.628,842.002,752.278,741.673,956.733,1030.894,1193.499,1200.487,1351.48,1418.361,1453.799,1340.916,1482.245,1600.892,1738.76,1552.887,1633.979,1604.279,1477.317,1481.074,1566.25,1908.69,2158.703,2232.944,2427.109,2759.516,3189.2,3162.86,3134.698,3367.347,3224.712,3463.601,3519.583,3235.57,3235.218,3401.256,3615.592,3622.679,3375.438,3911.053,3579.092,3945.134,4297.716,4841.625,5107.302,5545.383,5887.434,6278.609,6692.909,7152.089
"moldova, republic of","mda",NA,NA,NA,NA,NA,NA,NA,NA,NA,NA,NA,NA,290.058,373.927,389.592,485.354,572.302,653.525,575.974,398.41,448.062,505.784,569.109,680.272,894.061,1031.422,1179.323,1526.379,2102.942,1890.647,2428.106,2930.062,3031.129,3307.351,3276.874,2734.165,2825.817,3422.643,4121.047,4371.701,4361.472,5213.541,5662.201,6704.941,7513.614,8542.376,9354.073,10316.736,11383.017,12553.975,13838.89,15333.74
"madagascar, republic of","mdg",599.371,534.073,522.936,498.801,404.876,383.873,427.478,307.636,297.42,288.402,347.714,280.355,311.649,331.998,279.38,295.539,368.663,309.351,310.104,292.558,307.335,350.5,334.838,387.055,298.635,335.388,355.397,459.855,561.654,488.901,492.67,553.45,538.541,560.939,548.905,481.807,489.439,528.379,535.948,531.75,477.375,509.43,529.747,538.751,575.042,621.923,655.51,690.201,739.772,794.001,852.558,907.458
"maldives","mdv",412.508,464.914,534.906,560.243,646.388,737.78,835.636,769.824,897.934,987.814,1091.55,1184.664,1343.012,1479.446,1591.14,1903.164,2107.646,2553.999,2658.855,2842.658,2967.253,2780.451,2952.215,3690.798,4238.046,3960.437,5268.793,6128.48,7337.951,7450.805,8086.697,8078.305,8719.582,9766.235,10787.471,11838.621,12435.588,13373.779,14762.266,15374.179,9803.066,13632.494,15782.069,16637.107,17454.01,18658.31,19463.844,20421.09,21336.284,22263.967,23224.482,24304.118
"mexico","mex",3557.305,4461.156,3162.5,2519.488,2904.686,3015.01,2043.27,2194.692,2631.484,3144.69,3640.26,4281.697,4873.452,5933.292,6086.828,4109.778,4597.153,5484.708,5759.186,6435.62,7467.739,7902.129,7934.694,7390.343,7806.561,8626.151,9456.912,10063.621,10438.499,8346.772,9632.818,10554.35,10631.077,11099.184,11272.395,9915.089,8999.57,9542.783,9970.967,10251.145,8744.029,10207.315,11287.534,13683.652,13838.574,13741.296,15779.319,16411.669,17070.678,17753.135,18463.785,19212.67
"marshall islands, republic of the","mhl",NA,NA,NA,NA,NA,NA,NA,NA,NA,NA,NA,NA,NA,NA,NA,NA,NA,2229.856,2241.09,2230.968,2246.583,2426.822,2657.16,2625.136,2634.183,2695.09,2780.785,2904.991,2793.934,2892.871,3043.357,3241.393,3437.541,3595.842,3651.958,3680.813,4143.728,4547.783,4850.533,5274.862,5502.426,6158.837,6247.248,6527.13,7434.007,8451.101,9677.222,10664.22,11355.243,12013.74,12623.76,13264.756
"north macedonia, republic of","mkd",NA,NA,NA,NA,NA,NA,NA,NA,NA,NA,NA,NA,1263.863,1383.543,1824.418,2387.158,2348.109,1980.429,1888.755,1931.989,1878.237,1839.616,1974.061,2440.813,2810.198,3120.189,3439.886,4204.25,5027.419,4798.698,4837.184,5419.281,5052.953,5629.487,5933.37,5264.132,5605.436,5970.578,6719.639,6720.332,6672.521,7625.26,7619.429,8679.093,9292.857,10545.559,11966.551,12874.958,13768.266,14621.055,15479.128,16354.448
"mali","mli",359.12,290.48,213.778,186.279,169.07,190.379,249.174,282.067,307.026,367.737,353.906,383.297,386.122,372.801,271.679,327.784,357.679,317.782,354.23,362.426,301.231,340.387,376.862,435.324,489.09,544.845,577.981,668.768,767.958,771.537,780.056,938.813,873.734,902.271,948.905,838.616,873.579,925.33,998.811,974.017,956.837,1030.01,981.994,1044.072,1093.078,1190.23,1300.833,1357.816,1414.055,1472.243,1533.411,1597.123
"malta","mlt",NA,NA,NA,NA,NA,NA,NA,NA,NA,NA,NA,NA,NA,NA,NA,8906.769,9034.511,9074.529,9544.694,9903.714,10397.838,10403.09,11307.263,13654.823,15276.944,15873.473,16748.278,19655.101,22487.727,21318.804,21989.786,23585.252,23028.989,25617.752,27772.945,25847.297,26738.152,30816.538,34035.11,33145.433,31837.431,38253.047,36437.565,41752.063,45295.23,49297.136,53560.411,55581.798,57779.045,60243.259,62901.359,65745.45
"myanmar","mmr",NA,NA,NA,NA,NA,NA,NA,NA,NA,NA,NA,NA,NA,NA,NA,NA,NA,NA,115.684,142.49,168.91,153.872,147.86,188.165,226.293,253.576,282.385,368.827,522.76,629.299,771.128,1076.919,1171.374,1246.954,1290.483,1161.308,1220.277,1273.4,1291.151,1430.11,1452.87,1035.087,1254.474,1234.362,1408.411,1502.265,1519.109,1565.426,1686.061,1843.887,1909.589,1978.24
"montenegro","mne",NA,NA,NA,NA,NA,NA,NA,NA,NA,NA,NA,NA,NA,NA,NA,NA,NA,NA,NA,NA,1594.297,1890.828,2077.739,2741.669,3374.686,3674.385,4422.786,5980.872,7389.204,6719.371,6684.094,7264.239,6556.63,7102.88,7344.064,6421.649,6966.089,7671.578,8677.527,8750.222,7549.44,9322.057,10046.083,12261.695,13259.471,14784.152,16377.088,17299.13,18208.25,19178.355,20168.618,21214.006
"mongolia","mng",NA,NA,NA,NA,NA,NA,NA,NA,NA,NA,1288.653,1324.852,722.215,352.304,419.198,647.441,592.439,511.954,480.917,445.544,473.198,521.317,566.403,639.373,789.958,989.177,1321.606,1616.138,2109.269,1687.55,2602.373,3702.359,4281.33,4293.834,4081.015,3800.11,3575.095,3612.716,4078.182,4309.049,3965.097,4482.853,4959.141,5796.476,6712.455,7079.319,7853.048,8356.086,8866.04,9405.042,9974.597,10580.122
"mozambique, republic of","moz",396.816,300.914,300.392,263.659,270.38,353.788,413.827,187.301,164.966,171.727,271.733,289.247,202.714,200.623,197.895,197.737,252.506,297.228,330.149,364.482,334.841,310.076,317.135,340.566,398.646,432.738,451.128,498.838,579.997,535.666,484.961,604.414,671.212,672.832,683.942,599.4,433.672,463.005,510.38,512.216,456.582,504.038,572.757,617.189,652.507,623.378,632.042,651.572,661.395,678.096,755.168,847.447
"mauritania, islamic republic of","mrt",NA,NA,NA,NA,NA,NA,NA,NA,NA,NA,898.741,1002.023,1026.904,852.513,872.712,912.587,904.326,854.319,812.206,773.412,673.361,641.849,634.588,711.709,796.923,963.498,1357.425,1425.466,1647.288,1475.591,1715.923,2012.828,1946.079,2072.492,1826.78,1668.065,1690.813,1758.542,1882.203,1945.05,2040.677,2152.336,2206.776,2420.63,2429.744,2654.683,3033.225,3120.78,3229.262,3340.434,3363.855,3227.314
"mauritius","mus",1285.181,1202.559,1139.539,1195.617,1094.957,1099.752,1473.694,1852.036,2132.884,2174.94,2590.272,2819.084,3133.035,3191.192,3492.709,3954.762,4047.248,3753.498,3751.708,3911.109,4157.831,4081.162,4252.93,5072.811,5701.753,5590.468,5772.667,6663.186,8138.17,7416.659,8108.095,9320.873,9448.535,9805.293,10416.588,9558.918,10024.48,10911.308,11724.356,11488.519,9083.22,9146.437,10316.847,11295.989,12032.291,12977.165,13811.856,14756.856,15753.902,16795.994,17889.059,19056.344
"malawi","mwi",460.392,447.79,416.18,419.657,400.328,358.713,354.471,327.758,354.718,384.328,420.593,523.591,422.469,483.263,278.145,319.894,512.064,583.417,373.078,368.272,352.65,338.478,384.137,345.163,365.696,377.042,400.898,432.115,504.65,571.113,623.414,695.331,506.3,446.999,484.322,497.737,415.016,466.559,501.113,543.685,567.59,580.923,567.203,591.286,504.22,625.486,733.416,824.082,923.563,1022.891,1133.44,1169.394
"malaysia","mys",1926.963,1920.127,2006.482,2189.553,2419.501,2154.458,1864.031,2070.009,2213.866,2380.512,2586.278,2885.568,3378.909,3716.921,4029.272,4671.084,5175.901,5012.378,3521.119,3762.769,4347.73,4189.053,4441.824,4740.324,5244.873,5678.332,6351.128,7480.905,8766.178,7543.886,9046.985,10397.921,10806.841,10851.667,11165.257,9663.126,9523.322,9965.122,11079.615,11228.292,10400.227,11474.232,12490.212,12097.99,12618.72,13948.737,15085.379,15975.676,16903.562,17852.216,18859.216,19909.09
"namibia","nam",NA,NA,NA,NA,NA,NA,NA,NA,NA,1765.605,1908.834,2025.611,2264.913,2099.215,2283.063,2499.33,2433.842,2464.783,2239.46,2179.338,2191.84,1945.166,1811.321,2610.82,3457.577,3747.882,3896.549,4354.324,4180.522,4323.868,5389.682,5841.94,6009.224,5472.955,5449.076,4888.059,4454.9,5210.902,5381.47,4798.261,3937.667,4476.585,4406.551,4235.653,4471.812,4862.292,5572.98,5798.815,5974.083,6195.465,6405.364,6613.695
"niger","ner",609.433,510.028,458.113,395.659,310.002,295.81,378.695,430.394,426.027,394.734,435.341,394.9,393.718,343.177,211.016,241.954,243.965,224.475,250.234,231.66,197.275,207.769,227.424,267.41,285.39,320.925,335.336,389.258,477.272,462.269,476.064,511.49,528.921,551.557,562.888,484.173,497.885,517.589,570.983,554.124,568.606,593.802,592.621,621.04,707.47,749.709,821.516,859.93,894.642,932.94,973.258,1015.414
"nigeria","nga",NA,NA,NA,NA,NA,NA,NA,NA,NA,NA,935.182,878.861,742.327,783.748,1074.083,1722.105,2185.066,2309.575,2504.445,667.014,764.707,801.08,1000.265,1064.41,1309.529,1655.912,2112.867,2454.019,3002.356,2630.671,3161.305,3450.625,3733.553,4059.055,4363.355,3650.711,2918.237,2642.355,2897.926,3189.809,2797.831,2789.005,2893.477,2138.585,1083.505,1222.723,1555.645,1565.084,1603.747,1683.89,1763.048,1843.523
"nicaragua","nic",NA,NA,NA,NA,NA,NA,NA,NA,NA,NA,NA,NA,NA,NA,898.199,935.34,947.14,940.143,973.071,999.413,1030.74,1054.66,1011.904,1010.231,1077.784,1152.801,1224.725,1326.668,1498.874,1444.943,1506.079,1629.973,1734.808,1790.422,1916.756,2036.932,2099.594,2156.154,2016.164,1947.608,1930.112,2131.973,2345.867,2672.8,2955.492,3336.71,3558.807,3808.686,4010.427,4222.975,4446.912,4693.119
"netherlands, the","nld",13769.867,11445.836,11029.128,10697.422,9918.904,10022.158,13894.771,16919.255,17981.469,17622.133,21612.043,22088.922,24226.072,23389.286,24970.81,29393.998,29141.033,26852.99,28057.363,28440.146,26338.584,27055.556,29505.471,35960.302,40652.199,42225.811,45158.785,52182.448,58383.013,53257.987,51472.808,54814.546,50580.212,52680.978,53584.489,45904.668,46936.707,49640.48,54138.331,53755.165,53529.218,60380.434,59540.881,63768.728,67690.232,73832.752,79917.5,82327.844,84750.287,87242.889,89683.819,92175.614
"norway","nor",15682.145,15435.005,15149.197,14855.521,14922.505,15678.892,18791.999,22369.593,24047.721,24149.373,28082.042,28345.343,30237.7,27710.102,29050.805,34573.453,36976.633,36257.088,34445.101,36059.297,37908.609,38410.377,42961.931,50119.478,57762.653,67234.767,74867.635,86372.215,98612.685,81703.288,89673.89,103130.128,104221.852,105985.344,100035.836,76971.21,72976.355,78572.838,85385.981,79197.652,70990.273,96320.63,112747.923,90754.513,89683.506,94468.188,105876.853,105903.222,105321.332,104884.222,104816.714,105024.933
"nepal","npl",145.012,165.722,163.64,174.918,180.8,183.55,195.369,198.419,229.091,226.508,227.511,242.594,214.298,223.947,228.134,241.801,243.799,259.567,253.054,255.484,266.299,269.35,269.116,280.975,318.913,354.645,388.315,439.625,530.191,539.619,667.564,789.577,788.203,803.27,821.107,875.544,877.256,1034.284,1179.198,1203.143,1154.217,1252.832,1385.911,1382.331,1447.31,1511.547,1547.582,1624.387,1788.935,1971.53,2171.539,2383.808
"nauru, republic of","nru",NA,NA,NA,NA,NA,NA,NA,NA,NA,NA,NA,NA,NA,NA,NA,NA,NA,NA,NA,NA,NA,NA,NA,NA,3165.018,3065.634,2929.979,2462.107,3553.349,4729.728,4937.48,6793.304,9873.289,8481.808,9050.306,6976.875,8926.437,9626.435,11426.971,10793.362,10721.849,12761.56,15301.34,13588.159,14025.738,14584.041,16052.803,17350.72,17907.334,18475.451,19023.46,19598.266
"new zealand","nzl",7255.078,7511.57,7378.887,7072.295,6968.541,6951.336,8382.974,11202.136,13659.06,13111.535,13425.022,12426.453,11750.76,12538.336,14612.26,16932.664,18506.076,18206.677,14889.47,15348.777,14021.862,13669.239,15706.932,20460.331,24848.791,27385.166,26220.849,31908.027,31819.378,28340.557,33480.853,38107.502,39747.749,42102.564,44300.304,38235.258,39431.448,42297.643,42744.098,42389.97,41600.502,49115.964,48165.092,48787.26,48929.398,48620.65,52023.009,53899.683,55689.744,57630.631,59607.203,61564.135
"oman","omn",5357.779,6019.899,6317.029,6148.449,6324.402,7025.7,5214.195,5145.493,5001.098,5278.566,7267.924,6806.242,7213.061,6995.28,7010.595,7284.846,7869.076,7983.97,6920.864,7554.515,9266.358,9088.213,9285.343,9792.637,11042.532,13563.457,15946.355,17716.421,25061.257,19235.875,21677.793,23518.573,24129.012,23328.489,23219.693,18924.97,17020.387,17731.849,19885.271,19069.329,17076.319,19458.594,22265.142,20552.608,20529.481,19996.059,21644.873,21456.26,21788.905,22343.268,22887.623,23310.436
"pakistan","pak",479.064,550.438,584.379,530.372,560.154,545.174,543.594,553.482,621.142,631.367,615.815,684.45,713.395,735.815,723.052,823.987,839.336,807.501,784.545,725.396,733.461,696.936,689.971,771.761,885.149,948.828,1032.277,1146.082,1228.232,1108.978,1137.985,1301.736,1377.776,1390.648,1423.889,1535.348,1566.625,1653.406,1698.034,1500.683,1376.512,1565.575,1651.323,1454.117,1577.637,1695.648,NA,NA,NA,NA,NA,NA
"panama","pan",1897.176,2096.259,2261.85,2269.166,2315.342,2395.273,2435.179,2393.728,2025.995,1989.408,2118.809,2280.697,2538.328,2714.548,2835.317,2839.675,3280.309,3514.993,3773.057,3912.873,3935.44,3949.661,4045.328,4216.119,4591.496,4960.869,5466.61,6248.289,7270.048,7719.782,8255.7,9583.634,10982.262,12192.347,13141.705,14028.211,14803.127,15696.82,16186.579,16539.978,13336.414,15538.41,17399.795,18822.252,19186.913,19814.145,20563.585,21664.159,22823.637,24094.392,25692.043,27395.631
"peru","per",1150.686,1356.398,1316.278,999.442,1006.416,851.139,1248.386,2015.875,1560.368,1885.285,1285.664,1511.937,1527.927,1456.493,1815.393,2118.751,2157.256,2230.091,2091.687,1862.854,1907.987,1911.026,1997.132,2149.254,2408.499,2671.322,3138.259,3638.948,4248.777,4297.95,5202.194,5907.881,6638.546,6869.825,6877.058,6452.556,6535.112,7105.65,7272.99,7353.109,6407.682,6923.086,7431.168,8086.186,8665.536,9910.942,10960.182,11007.658,11359.712,11699.452,12086.516,12550.42
"philippines","phl",774.484,829.816,843.471,735.714,678.342,645.597,615.047,666.915,744.307,816.961,828.821,830.407,946.762,949.733,1094.543,1237.311,1316.406,1279.835,988.487,1112.353,1087.287,1003.957,1050.297,1062.619,1137.068,1261.241,1470.825,1764.683,2011.634,1923.674,2237.157,2473.249,2721.252,2903.189,2995.504,3039.234,3107.646,3153.314,3279.519,3512.195,3312.739,3580.009,3644.792,3905.419,4089.27,4270.136,4442.551,4777.902,5142.79,5532.418,5948.806,6396.499
"palau, republic of","plw",NA,NA,NA,NA,NA,NA,NA,NA,NA,NA,NA,NA,NA,NA,NA,NA,NA,NA,NA,NA,7818.076,8269.125,8368.74,7889.259,8423.945,9326.276,9766.04,10224.94,10580.881,9969.974,10173.138,10978.351,12320.338,12916.689,13954.214,16036.733,17182.542,16434.026,16341.806,15993.168,14696.881,13394.785,14055.906,15692.226,18276.975,19684.686,21570.675,22802.575,24096.126,25317.911,26435.892,27623.962
"papua new guinea","png",1380.844,1319.408,1223.39,1194.658,1079.594,975.967,1039.809,1159.833,1565.167,1455.035,1265.882,1444.104,1546.581,1713.713,1834.984,1581.631,1639.773,1527.441,1138.365,1013.232,1007.517,862.099,814.701,995.275,1111.943,1269.526,1411.902,1576.159,1883.527,1833.09,2114.866,2479.19,2796.515,2659.914,2766.349,2466.511,2245.439,2343.574,2366.847,2314.745,2124.796,2216.458,2631.413,2502.025,2452.733,2537.791,2631.889,2620.812,2689.999,2756.422,2837.933,2950.058
"poland, republic of","pol",1600.046,1502.536,1809.116,2063.405,2048.441,1905.772,1971.702,1696.43,1825.095,1777.645,1634.153,2112.085,2322.905,2359.113,2701.144,3623.586,4078.924,4088.752,4473.073,4361.775,4499.122,5003.492,5221.833,5718.727,6715.106,8046.3,9065.1,11271.071,14052.295,11562.706,12574.314,13867.857,13087.206,13613.905,14263.456,12622.572,12455.033,13917.705,15658.061,15869.042,15963.102,18591.612,18859.803,22119.079,25057.309,28374.167,31335.951,32792.819,34626.13,36625.548,38653.649,40777.702
"puerto rico","pri",4507.15,4940.784,5146.929,5257.186,5777.438,6058.641,6495.499,6987.398,7579.339,8094.29,8675.576,9093.48,9687.443,10255.532,10942.949,11667.589,12305.024,12968.394,14430.159,15293.182,16192.127,18243.709,18972.77,19820.208,20988.989,21959.317,22935.951,23664.874,24898.335,25768.726,26435.742,27278.853,27944.742,28513.15,28981.343,29755.35,30585.55,31347.273,31549.375,32851.875,32643.179,33258.313,35576.156,36926.516,39612.165,39846.727,40650.056,42056.348,43338.485,44652.962,45965.528,47316.999
"portugal","prt",3338.767,3296.657,3095.098,2838.658,2596.078,2716.647,3774.586,4724.455,5532.625,5977.583,7957.251,9026.309,10863.496,9547.652,9977.624,11787.326,12187.521,11594.778,12216.689,12487.675,11531.467,11734.855,12927.547,15793.822,18055.962,18790.508,19840.493,22813.754,24946.304,23126.079,22570.36,23205.117,20574.028,21642.244,22086.991,19173.726,19914.852,21352.268,23436.023,23192.2,22093.25,24618.881,24558.61,27642.598,29319.477,32165.93,35433.543,36989.745,38593.125,40209.052,41790.718,43407.931
"paraguay","pry",1344.294,1663.701,1692.729,1823.538,1438.652,1193.781,1385.714,1128.532,1453.187,1023.865,1207.498,1674.226,1671.171,1649.603,1746.948,1963.033,2070.88,2060.552,1872.811,1749.343,1717.87,1622.09,1356.206,1433.709,1776.397,1964.045,2436.85,3216.725,4404.652,3972.803,4786.362,5907.468,5784.25,6658.276,6894.004,6124.978,6045.66,6469.242,6608.542,6171.908,5712.584,6392.109,6658.35,6818.66,7020.472,7691.636,9371.612,9847.744,10339.647,10860.745,11410.389,11988.974
"qatar","qat",27242.483,27819.566,22657.373,18003.756,17496.536,15495.701,11644.458,11773.23,10853.896,11039.938,13150.172,11500.519,13038.976,11797.162,12009.396,13689.653,15143.479,18841.6,15421.783,19689.651,30461.311,28600.029,30701.131,35919.758,42548.115,54357.783,60591.776,65934.266,72484.634,53822.909,69796.138,96827.857,101933.117,99180.39,93054.141,66346.911,57965.377,59127.513,66421.617,63007.696,50962.499,65400.854,80385.391,70946.184,69719.505,69680.131,68138.302,73914.615,77881.789,83811.857,88747.444,93232.36
"romania","rou",2052.081,2450.352,2441.211,2125.157,1710.302,2101.997,2264.368,2517.949,2593.057,2314.744,1641.855,1241.063,847.68,1147.325,1317.048,1563.117,1565.472,1571.689,1885.349,1600.881,1667.613,1800.966,2108.445,2672.061,3487.699,4608.801,5744.634,8273.885,10446.423,8540.592,8392.775,9547.264,8918.587,9482.448,10025.886,8951.798,9379.115,10717.275,12387.589,12879.871,12983.757,14856.806,15537.961,18253.716,20199.153,22724.529,25692.974,27497.765,29620.386,31580.954,33690.847,35827.896
"russian federation","rus",NA,NA,NA,NA,NA,NA,NA,NA,NA,NA,NA,NA,480.829,1324.643,1982.233,2264.307,2786.823,2933.328,1948.527,1423.895,1896.592,2248.025,2535.724,3165.547,4362.128,5655.11,7362.107,9685.931,12371.087,9091.086,11346.212,14208.329,15187.957,15825.474,14137.163,9336.767,8784.877,10774.842,11288.694,11572.297,10166.732,12540.967,15774.227,13989.783,15093.504,17972.117,18525.487,17710.859,17884.541,18053.484,18264.263,18483.966
"rwanda","rwa",288.627,316.009,324.963,334.481,312.857,359.437,393.617,422.336,436.527,440.797,411.789,294.714,312.544,321.233,220.28,241.795,265.113,340.757,333.505,280.133,262.279,245.457,238.899,254.042,273.694,329.863,363.477,436.571,539.026,577.784,605.193,666.98,720.843,718.441,739.269,750.291,745.424,776.106,798.238,850.059,828.244,868.329,1037.565,1096.761,1090.477,1127.888,1198.009,1246.346,1297.459,1364.651,1450.696,1549.336
"saudi arabia","sau",19543.4,20846.201,16507.688,13252.641,11688.011,9666.717,7698.924,7221.944,7083.177,7287.351,8562.256,9143.234,9242.65,8740.725,8663.672,8957.496,9666.949,9858.984,8512.519,9144.592,10448.562,9898.29,9937.43,11027.928,12891.345,15943.431,17827.397,19196.07,23403.651,18836.967,22028.379,27126.75,28733.427,27865.456,27805.466,23256.173,22267.722,23929.282,29360.031,29566.714,24318.285,31920.765,38510.236,36156.848,35527.794,35464.445,37811.372,38235.767,39204.951,40337.404,41493.011,42666.35
"sudan","sdn",486.908,339.389,239.807,318.513,375.019,253.184,328.588,516.781,404.705,696.391,87.197,95.292,113.476,186.506,205.922,239.507,292.909,350.723,366.582,352.442,422.316,492.676,554.652,635.575,772.939,996.677,1249.767,1599.596,1700.513,1401.244,1637.419,2034.461,1396.292,1462.582,1628.497,1679.025,1638.638,1199.177,800.064,728.42,794.108,772.131,716.816,771.412,593.32,787.779,863.889,897.279,981.251,1044.032,1084.107,1150.145
"senegal","sen",767.972,677.895,645.372,559.501,529.936,563.251,773.09,902.228,865.668,828.149,936.148,894.485,930.568,852.61,560.956,693.418,706.864,642.569,686.369,689.683,614.004,648.446,680.83,831.623,931.745,993.237,1027.786,1197.551,1403.795,1307.516,1272.622,1366.534,1318.614,1372.686,1397.017,1219.373,1269.553,1361.221,1458.73,1436.209,1467.158,1600.534,1575.162,1690.414,1759.285,1935.868,2054.311,2083.201,2124.665,2169.271,2246.106,2332.256
"singapore","sgp",5004.992,5672.105,6000.032,6717.837,7160.262,6788.387,6870.769,7794.688,9328.951,10725.743,12763.342,14501.96,16136.244,18290.132,21552.408,24914.851,26232.869,26375.868,21829.278,21796.642,23852.834,21699.748,22159.833,23730.379,27608.075,29961.308,33768.446,39432.895,40008.577,38926.813,47236.672,53891.462,55547.546,56967.426,57564.802,55645.607,57204.019,61436.133,67032.839,66068.684,61772.519,80884.836,91227.719,86382.611,94896.538,99365.285,107758.033,112064.81,116099.159,120382.957,124762.535,129244.321
"solomon islands","slb",939.656,962.784,927.342,843.414,818.906,724.219,627.24,640.677,708.889,675.387,811.156,830.954,951.467,1031.065,1340.053,1516.582,1603.26,1608.314,1360.538,1413.539,1175.121,1108.87,908.42,896.213,974.425,1117.989,1213.211,1329.357,1444.946,1460.6,1582.755,1823.718,1977.706,2090.188,2116.161,2021.331,2080.752,2164.971,2325.032,2278.122,2118.579,2107.057,1944.919,1959.339,2022.135,2134.936,2257.984,2353.145,2461.701,2577.309,2700.512,2821.486
"sierra leone","sle",763.514,798.764,879.697,747.232,859.633,717.241,525.42,447.921,718.879,645.144,349.367,416.697,363.339,412.618,491.526,470.764,507.277,455.422,356.506,348.493,326.755,363.023,400.25,428.381,436.745,497.589,558.944,600.193,666.026,626.712,670.772,751.3,877.148,1003.213,948.288,959.187,837.993,789.13,845.885,843.132,844.456,885.318,860.397,756.516,806.512,874.098,918.717,941.584,964.057,991.24,1019.228,1045.612
"el salvador","slv",802.09,699.251,685.083,652.135,473.971,457.213,455.695,457.838,526.999,592.939,886.427,953.384,1040.783,1180.26,1343.936,1548.385,1651.306,1748.915,1859.725,1908.08,1982.86,2058.031,2115.423,2207.831,2285.678,2447.383,2665.626,2830.668,2983.246,2910.176,3040.098,3330.616,3497.899,3582.29,3665.986,3790.326,3901.34,4020.148,4183.552,4320.129,3997.175,4642.594,5074.616,5365.465,5579.655,5839.018,6195.805,6508.159,6838.589,7171.279,7496.919,7846.655
"san marino, republic of","smr",NA,NA,NA,NA,NA,NA,NA,NA,NA,NA,NA,NA,NA,NA,NA,NA,NA,NA,NA,NA,NA,NA,NA,NA,59313.405,61150.61,64498.508,72991.531,79110.201,67011.543,60426.235,57512.891,50336.185,51986.532,51234.869,43068.693,44308.666,45887.687,49477.281,48043.86,45640.984,54733.239,53875.751,59415.472,60946.226,65542.605,70187.122,72002.332,74224.464,76383.629,78612.123,80909.003
"somalia","som",NA,NA,NA,NA,NA,NA,NA,NA,NA,NA,NA,NA,NA,NA,NA,NA,NA,NA,NA,NA,NA,NA,NA,NA,NA,NA,NA,NA,NA,NA,NA,NA,437.51,481.924,514.688,531.556,558.643,606.778,563.115,602.186,583.956,624.408,653.449,683.343,737.011,763.802,812.86,866.857,915.739,968.171,1019.356,1098.478
"serbia, republic of","srb",NA,NA,NA,NA,NA,NA,NA,NA,NA,NA,NA,NA,NA,NA,NA,NA,NA,NA,NA,1709.912,1387.8,1819.149,2399.616,3158.41,3579.921,3782.247,4509.332,6112.693,7362.621,6413.124,5906.586,7085.467,6264.073,7040.423,6886.678,5820.322,5982.37,6548.037,7559.862,7755.633,8098.71,9632.308,10024.819,12281.708,13677.78,15283.926,17252.23,18954.83,20359.631,21878.636,23521.424,25290.897
"south sudan, republic of","ssd",NA,NA,NA,NA,NA,NA,NA,NA,NA,NA,NA,NA,NA,NA,NA,NA,NA,NA,NA,NA,NA,NA,NA,NA,NA,NA,NA,NA,NA,NA,NA,1685.476,1047.467,1338.575,1300.193,1357.832,260.845,266.701,252.819,387.936,506.925,546.712,683.461,644.485,388.237,470.312,487.982,538.009,553.319,567.333,582.645,593.365
"são tomé and príncipe, democratic republic of","stp",750.984,901.336,848.202,774.936,787.072,810.903,1106.398,1076.237,893.508,863.94,1016.776,891.416,763.368,1000.093,1025.178,794.437,1016.625,678.626,524.02,550.378,532.969,489.364,532.701,621.166,662.541,774.232,804.917,852.193,1081.868,1128.277,1049.472,1228.799,1219.874,1393.305,1499.963,1307.112,1443.396,1571.473,1840.572,1949.978,2187.545,2381.406,2412.104,3013.902,3516.866,4085.176,4739.257,5179.608,5544.06,5925.036,6345.186,6751.242
"suriname","sur",NA,NA,NA,NA,NA,NA,NA,NA,NA,NA,1412.471,1537.047,1405.473,1093.836,1212.382,2272.326,2787.957,2947.257,3492.771,2839.043,2902.478,2466.333,3078.446,3549.926,4034.358,4773.442,5545.702,6123.002,7266.624,7864.591,8734.16,8756.276,9767.349,9936.505,9966.713,9036.203,5762.414,6158.572,6772.07,6715.747,4782.092,4987.986,6056.88,5432.447,6852.344,7098.916,8856.142,9989.809,13043.128,18748.407,19189.917,19568.816
"slovak republic","svk",NA,NA,NA,NA,NA,NA,NA,NA,NA,NA,NA,NA,NA,2605.672,2989.669,3760.767,4043.913,4096.899,4253.652,3873.194,3836.286,3975.697,4619.742,6300.484,8009.003,9103.847,10698.006,14378.782,18065.683,16581.061,16916.464,18486.511,17538.624,18321.684,18785.127,16451.177,16645.425,17651.93,19595.372,19421.451,19723.139,22087.226,21322.934,24612.667,25972.304,28497.802,31241.763,32823.146,34652.185,36423.558,38081.354,39648.99
"slovenia, republic of","svn",NA,NA,NA,NA,NA,NA,NA,NA,NA,NA,NA,NA,9646.199,8363.873,8474.256,10756.095,10792.457,10452.336,11123.988,11457.877,10193.539,10397.982,11666.411,14736.002,17125.36,18022.563,19613.615,23819.294,27609.823,24563.148,23367.305,24968.443,22474.535,23250.102,24029.664,20705.968,21450.814,23300.425,25987.659,25909.753,25451.13,29199.811,28448.549,32723.735,34346.378,37357.421,40630.055,42191.927,43989.277,45901.597,47882.019,49917.628
"sweden","swe",16849.254,15371.213,13558.96,12445.914,12942.914,13511.656,17810.915,21607.827,24337.456,25394.876,30183.887,31434.248,32494.308,24315.749,25940.344,30218.021,33009.39,30318.851,30593.917,30956.351,29596.808,27218.933,29904.665,37219.759,42673.334,43291.313,46363.839,53365.334,55595.816,46496.672,52333.624,60165.275,57528.865,60563.358,59270.209,50918.839,51330.711,52881.379,53728.192,51405.427,52437.634,60435.671,54656.482,54871.777,57125.421,62661.794,70675.657,73307.345,76448.379,79297.059,82351.18,85389.185
"eswatini, kingdom of","swz",1329.023,1359.876,1176.655,1171.633,969.481,739.063,908.888,1143.304,1296.335,1262.306,1489.979,1486.736,1587.974,1620.007,1754.873,2092.87,1942.957,2043.739,1852.167,1798.53,1755.501,1543.679,1424.273,2165.512,2717.243,3094.722,3192.333,3339.232,3156.82,3420.2,4196.647,4537.894,4570.37,4278.784,4086.13,3700.974,3505.268,4175.6,4301.54,4236.947,3754.809,4316.987,4216.471,4060.426,4220.422,4442.323,4927.036,5016.044,5152.862,5332.68,5518.761,5709.568
"seychelles","syc",2329.353,2403.455,2293.938,2280.452,2338.076,2588.553,3165.945,3638.988,4128.118,4407.201,5302.844,5314.655,6128.346,6559.088,6555.429,6748.825,6583.091,7280.929,7715.784,7747.491,7578.829,7663.083,8431.923,8524.935,10176.659,11093.314,12014.418,11929.905,11387.589,9555.075,10782.206,11081.263,11237.79,13730.707,13998.231,14099.381,15076.866,15732.489,16302.516,16754.104,12144.9,12788.605,16819.662,17916.827,18040.084,18479.161,17674.649,18944.894,19307.024,19685.051,20067.471,20558.896
"syrian arab republic","syr",1421.836,1763.344,1784.577,1849.427,1839.915,1965.139,2284.039,2823.157,1389.823,800.859,967.145,972.175,983.575,995.061,1060.707,1133.162,1186.162,1080.812,1028.169,1043.174,1202.891,1236.897,1305.087,1208.885,1361.499,1510.392,1726.028,2016.052,2557.211,2557.267,2806.685,NA,NA,NA,NA,NA,NA,NA,NA,NA,NA,NA,NA,NA,NA,NA,NA,NA,NA,NA,NA,NA
"chad","tcd",212.171,245.633,232.063,226.707,237.375,250.312,299.296,328.89,372.315,340.416,397.24,381.19,384.851,325.735,255.43,302.801,325.43,302.218,329.659,280.127,244.063,289.42,324.655,429.337,666.642,857.713,928.578,1004.499,1196.721,1064.381,1177.208,1349.601,1398.36,1351.028,1330.91,1032.256,897.884,882.852,980.058,929.239,901.743,1003.519,1036.609,1039.994,1120.359,1165.144,1314.875,1360.801,1410.55,1474.743,1545.126,1621.127
"togo","tgo",660.569,537.709,448.227,412.813,366.586,372.264,505.866,576.189,622.18,592.666,693.269,665.696,678.675,520.255,401.833,507.942,534.847,527.736,485.697,473.995,391.851,378.933,425.081,514.012,535.077,526.925,527.824,607.66,718.87,719.911,705.563,783.851,762.874,826.555,855.805,751.128,772.368,792.486,851.507,826.29,864.718,962.252,952.38,1043.377,1114.735,1216.537,1341.02,1406.894,1473.876,1547.413,1625.48,1707.485
"thailand","tha",705.484,744.913,767.41,824.445,845.08,772.393,840.315,967.712,1160.538,1338.257,1564.175,1769.043,1999.204,2209.362,2491.433,2846.59,3043.982,2468.182,1845.829,2033.26,2005.977,1889.934,2089.752,2347.54,2641.563,2867.704,3331.32,3918.528,4309.135,4135.44,4973.863,5373.623,5725.528,6018.083,5801.198,5688.853,5833.577,6413.092,7099.777,7605.697,6983.034,7055.188,6910.01,7210.541,7386.636,8056.566,8105.068,8169.811,8392.11,8730.33,9092.478,9498.049
"tajikistan, republic of","tjk",NA,NA,NA,NA,NA,NA,NA,NA,NA,NA,NA,NA,52.622,121.645,147.923,100.448,183.374,192.58,222.282,177.712,159.417,167.035,187.958,236.394,308.844,337.129,401.586,519.025,702.445,666.024,738.287,834.52,949.648,1040.15,1105.197,919.073,800.645,844.595,852.341,893.318,858.445,925.135,1089.473,1222.636,1415.972,1693.155,1938.922,2000.604,2086.643,2179.687,2292.395,2434.724
"turkmenistan","tkm",NA,NA,NA,NA,NA,NA,NA,NA,NA,NA,NA,NA,215.402,1203.008,993.041,1255.964,499.244,553.722,583.075,776.281,999.073,1364.051,1693.579,2200.988,2706.586,3239.137,3989.788,4785.367,3918.172,3635.649,4047.233,5181.397,6441.899,7049.798,7685.51,6208.282,6165.055,6354.528,6720.789,7302.894,7272.268,7801.683,8813.475,9639.771,10408.348,11586.537,12300.465,12877.806,13608.423,14401.949,15250.276,16155.991
"timor-leste, democratic republic of","tls",NA,NA,NA,NA,NA,NA,NA,NA,NA,NA,NA,NA,NA,NA,NA,NA,NA,NA,NA,NA,513.918,615.254,553.345,539.045,477.056,494.833,471.535,547.838,636.412,694.999,822.84,949.657,1033.53,1216.642,1236.825,1332.516,1348.157,1278.331,1231.39,1577.681,1646.363,2708.207,2356.243,1510.529,1340.501,1463.949,1519.886,1600.648,1681.516,1762.045,1844.55,1928.835
"tonga","ton",770.303,850.554,843.209,818.461,854.275,802.926,959.286,1037.126,1213.22,1461.359,1498.504,1750.858,1832.835,1884.492,1948.137,2123.283,2228.293,2263.661,2153.245,1994.282,2045.81,1818.184,1828.634,2015.247,2288.897,2581.93,2865.259,2919.693,3360.507,3040.244,3561.484,4014.77,4153.205,4420.13,4336.628,4324.605,4181.064,4574.034,4829.618,5035.061,5108.106,5197.13,5535.241,5979.342,6497.536,6857.74,7238.004,7624.944,7824.494,8118.516,8418.607,8735.18
"trinidad and tobago","tto",5847.707,6454.418,7393.152,6939.437,6831.216,6411.214,4121.173,4085.591,3798.754,3625.717,4221.813,4392.869,4474.142,3743.583,4027.423,4322.255,4658.874,4632.813,4872.619,5479.934,6545.953,7046.379,7162.514,8931.032,10442.168,12471.953,14280.042,16765.857,21448.701,14777.395,16957.433,19300.833,20186.696,21098.003,21635.015,19587.329,17149.36,17218.004,17184.022,16830.3,14925.795,17218.066,20041.8,17616.478,17948.642,18071.997,18616.13,19438.933,20195.528,20777.22,21350.381,21871.903
"tunisia","tun",1466.487,1375.096,1295.468,1308.266,1272.426,1257.832,1297.769,1367.178,1395.956,1370.745,1697.81,1752.229,2051.104,1887.988,1983.304,2250.294,2401.919,2309.847,2396.825,2492.326,2306.643,2345.121,2434.327,2859.24,3217.508,3300.799,3485.142,3909.273,4461.741,4280.732,4292.208,4420.524,4297.272,4369.404,4459.112,4014.896,3847.805,3619.357,3628.103,3528.85,3548.828,3885.381,3679.741,3978.521,4181.062,4663.596,4892.839,4733.943,4756.734,4818.579,4874.283,4946.299
"türkiye, republic of","tur",2149.702,2128.93,1890.724,1766.494,1680.988,1848.957,1997.936,2277.63,2350.74,2728.223,3766.222,3719.08,3847.435,4293.634,3049.437,3909.992,4129.999,4253.615,4445.653,4013.312,4256.64,3115.14,3616.114,4750.989,6040.164,7405.476,8007.819,9790.887,11089.025,9108.034,10705.548,11361.902,11738.279,12639.299,12222.238,11099.8,10978.312,10756.742,9917.054,9387.652,8758.704,9836.039,10881.992,13516.335,15882.632,18611.136,19018.179,18805.324,20007.395,21078.126,22025.143,22954.739
"tuvalu","tuv",NA,NA,NA,NA,NA,NA,NA,NA,NA,NA,NA,NA,NA,NA,NA,NA,NA,NA,NA,NA,NA,NA,1742.203,2076.475,2386.392,2349.511,2465.078,2866.924,3187.958,2760.059,3134.201,3778.686,3610.431,3616.592,3605.169,3437.386,3867.747,4312.308,4561.426,5237.962,5158.717,5983.042,5123.115,5008.786,5729.351,5822.521,6581.187,6901.924,7211.013,7496.273,7770.391,8040.37
"taiwan province of china","twn",2366.797,2691.494,2675.311,2881.66,3202.615,3293.869,4008.134,5325.173,6338.1,7575.906,8167.2,9081.901,10715.536,11256.711,12099.746,13066.128,13588.306,13948.722,12767.078,13752.716,14844.238,13357.195,13651.355,14040.597,15290.307,16427.459,16892.883,17723.704,18053.591,16904.543,19181.358,20838.589,21256.361,21945.46,22844.316,22752.991,23070.733,25102.094,25888.836,25992.849,28727.743,33238.717,32909.322,32338.714,34251.621,39488.575,42102.703,44892.174,47576.053,50369.776,53250.31,56100.689
"tanzania, united republic of","tza",591.499,686.172,764.184,759.071,667.177,584.034,713.079,340.456,314.541,264.026,206.354,234.08,211.935,191.279,195.167,218.638,263.86,308.475,369.165,369.268,377.005,373.536,378.92,398.261,426.566,457.568,489.108,549.439,680.987,699.652,743.403,780.005,874.796,978.63,1038.24,955.347,968.685,1016.144,997.096,1038.694,1086.841,1131.561,1198.876,1229.705,1207.029,1291.703,1362.315,1446.294,1541.59,1642.588,1749.461,1881.316
"uganda","uga",664.574,1044.13,703.042,779.82,581.032,514.181,494.509,768.935,767.651,599.952,472.193,238.48,216.036,247.107,346.255,401.893,401.413,423.918,402.455,370.515,355.466,347.812,361.953,361.772,430.758,483.032,527.739,634.361,784.496,815.808,808.713,872.039,950.574,964.833,1008.018,848.69,826.904,838.495,879.037,951.578,919.141,1008.125,1079.304,1150.731,1223.871,1374.676,1476.078,1543.828,1623.391,1724.72,1813.25,1893.536
"ukraine","ukr",NA,NA,NA,NA,NA,NA,NA,NA,NA,NA,NA,9969.739,413.736,632.564,716.461,727.454,884.104,1003.562,845.347,642.994,665.283,814.851,919.141,1096.291,1427.178,1909.798,2407.9,3219.884,4095.441,2654.986,3096.779,3723.14,4024.265,4210.3,3120.566,2136.162,2201.007,2655.116,3117.672,3687.341,3781.329,4872.611,4693.891,5326.012,5723.396,6499.262,6980.118,7298.79,7533.496,7774.404,8196.742,8756.715
"uruguay","ury",4157.553,4608.557,3743.307,2041.642,1929.09,1873.063,2312.365,2876.92,2958.929,3101.177,3588.34,4299.367,4911.064,5683.683,6557.811,7207.021,7612.913,7959.731,8364.609,7847.88,7432.339,6803.597,4441.095,3941.678,4476.943,5663.5,6377.451,7622.824,9857.305,10232.122,12943.943,15341.308,16320.248,18261.568,18090.949,16765.142,16516.668,18608.285,18656.026,17740.46,15256.948,17313.507,20347.456,22655.825,23576.271,24548.8,27608.009,29017.378,30219.694,31598.953,33253.952,34985.437
"united states","usa",12552.943,13948.701,14404.994,15513.679,17086.441,18199.32,19034.766,20000.968,21375.999,22814.077,23847.977,24302.776,25392.931,26364.192,27674.021,28671.48,29946.973,31440.087,32833.666,34496.241,36312.782,37101.453,37945.761,39405.354,41641.617,44034.256,46216.853,47943.353,48470.553,47102.428,48586.288,50008.108,51736.738,53363.904,55263.817,57006.926,58179.697,60292.978,63165.278,65561.32,64517.998,71365.73,77948.992,82536.095,86173.365,89991.152,94429.753,98277.579,101714.787,105171.151,108659.462,112241.909
"uzbekistan, republic of","uzb",NA,NA,NA,NA,NA,NA,NA,NA,NA,NA,NA,NA,232.739,350.502,407.429,623.85,837.936,857.7,858.807,965.052,779.833,652.592,535.277,554.526,649.914,765.598,900.825,1164.643,1470.959,1691.82,1983.88,2315.772,2548.498,2756.85,2994.374,3125.473,3082.325,2170.054,1877.665,2069.613,2029.206,2301.306,2618.093,2921.705,3232.332,3846.28,4660.696,5120.335,5566.311,6034.287,6525.849,7057.352
"st. vincent and the grenadines","vct",903.445,1110.425,1227.421,1309.102,1435.282,1537.223,1686.1,1828.411,2077.695,2211.424,2456.285,2584.104,2815.081,2896.038,2924.036,3188.478,3340.515,3500.225,3755.704,3922.719,3973.449,4284.994,4518.089,4710.272,5082.069,5353.688,5933.621,6572.506,6740.48,6564.113,6613.132,6544.688,6686.015,6988.344,7028.297,7154.784,7390.469,7643.104,8001.555,8231.638,7802.906,8017.609,8748.042,9432.762,10138.09,10572.654,11098.155,11612.929,12150.469,12712.891,13301.347,13917.041
"venezuela, república bolivariana de","ven",4671.078,5085.58,5041.589,4883.234,3447.45,3472.186,3488.564,2619.24,3292.792,2378.158,2492.939,2685.293,2968.496,2876.077,2741.979,3559.77,3174.631,3778.537,3970.433,4133.37,4820.646,4963.916,3778.255,3266.095,4311.999,5421.656,6646.803,8538.102,11079.069,9557.55,11158.18,10934.275,12688.107,8692.995,7107.442,4096.978,3676.38,3806.619,3529.708,2624.783,1532.617,2052.288,3306.913,3828.58,4539.177,3736.309,4139.656,4350.5,NA,NA,NA,NA
"vietnam","vnm",652.593,318.521,414.347,612.565,1044.409,318.956,705.99,856.91,464.581,123.364,121.715,141.111,178.973,234.983,285.953,358.661,419.063,449.338,448.119,465.248,498.579,513.197,546.555,610.357,756.981,873.136,996.255,1152.267,1446.562,1481.442,1628.863,1950.452,2197.592,2370.073,2566.886,2582.38,2720.088,2957.955,3216.297,3439.028,3548.611,3756.77,4132.552,4316.469,4535.521,4829.379,5115.236,5372.28,5698.382,6010.054,6322.787,6651.955
"vanuatu","vut",1165.746,1057.66,1029.732,1030.615,1229.411,1080.458,1016.219,1094.151,1208.002,1166.913,1262.199,1474.963,1501.856,1412.603,1573.927,1636.664,1672.217,1700.883,1594.128,1588.103,1573.239,1456.939,1452.926,1705.794,1928.388,2018.23,2196.071,2553.676,2810.487,2787.157,3007.983,3326.906,3246.474,3347.478,3355.877,3243.754,3309.733,3584.154,3505.714,3612.878,3778.938,3472.533,3617.711,3750.656,3871.275,3935.802,4082.105,4222.502,4338.577,4447.103,4557.586,4667.44
"west bank and gaza","wbg",NA,NA,NA,NA,NA,NA,NA,NA,NA,NA,NA,NA,NA,NA,1227.237,1322.057,1296.081,1350.947,1416.578,1441.889,1412.75,1275.685,1102.5,1197.161,1350.906,1461.093,1480.704,1563.701,1913.316,2061.558,2406.261,2711.917,2888.598,3122.985,3158.599,3084.132,3325.846,3407.307,3353.225,3442.754,3044.744,3464.383,3579.222,3398.426,2853.301,NA,NA,NA,NA,NA,NA,NA
"samoa","wsm",NA,NA,NA,NA,NA,NA,NA,NA,NA,NA,NA,NA,NA,NA,NA,NA,NA,NA,1655.952,1509.117,1550.556,1548.425,1630.963,1921.086,2338.71,2705.415,2860.24,3128.062,3738.018,3350.024,3659.285,3974.053,4093.499,4187.539,4146.496,4253.328,4319.557,4490.921,4421.837,4558.071,4303.008,4204.425,4302.853,5008.482,5580.949,6075.431,6454.699,6777.11,7054.914,7390.559,7675.661,7966.009
"yemen, republic of","yem",NA,NA,NA,NA,NA,NA,NA,NA,NA,NA,NA,NA,NA,NA,NA,NA,NA,NA,NA,NA,NA,NA,NA,NA,NA,NA,NA,NA,NA,NA,NA,NA,NA,NA,1045.545,732.099,688.224,701.329,749.368,813.198,663.16,610.487,646.716,528.25,441.25,419.803,383.749,356.904,340.787,328.834,320.038,313.754
"south africa","zaf",3074.684,3122.686,2806.158,3062.892,2633.905,1955.165,2176.064,2801.31,2954.825,3004.44,3425.585,3587.879,3802.578,3716.193,3786.21,4145.21,3869.7,3937.658,3508.14,3423.595,3382.066,2964.029,2778.115,4191.4,5392.861,6007.979,6250.883,6737.429,6321.162,6521.544,8101.967,8773.175,8176.848,7429.047,6951.426,6227.172,5732.033,6665.131,6979.677,6609.723,5660.106,6970.691,6693.779,6192.66,6434.85,6769.156,7502.97,7623.795,7803.973,8001.807,8217.982,8437.791
"zambia","zmb",755.817,755.763,706.625,591.41,471.635,434.116,290.374,349.382,571.3,590.77,536.007,469.79,446.837,426.478,426.432,432.422,399.654,465.841,373.139,349.577,359.429,374.814,393.865,446.29,548.686,710.743,1052.136,1118.965,1375.759,1136.489,1450.986,1624.546,1709.984,1821.059,1707.711,1295.508,1239.482,1483.464,1463.899,1258.991,951.644,1127.161,1447.123,1330.728,1187.109,1317.878,1831.232,1869.704,1940.059,2119.845,2235.027,2357.172
"zimbabwe","zwe",NA,NA,NA,NA,NA,NA,NA,NA,NA,NA,1531.501,1383.349,1106.147,1037.869,1054.997,1059.518,1255.711,1302.026,1520.668,1483.187,1432.936,1424.45,1363.572,1215.221,1192.209,1129.761,1001.585,955.303,817.625,1167.762,1399.072,1615.963,1850.752,1992.307,2050.283,1998.001,2035.744,2114.667,3602.04,2605.119,2564.733,3295.669,2992.861,2669.219,2892.742,3080.36,3198.994,3170.869,3235.956,3302.196,3370.324,3440.037
