"ccode","year","ideology"
"aus",1901,6.21526551020408
"aus",1902,6.21526551020408
"aus",1903,5.74723764458465
"aus",1904,5.74723764458465
"aus",1905,5.74723764458465
"aus",1906,5.51382278738555
"aus",1907,5.51382278738555
"aus",1908,5.51382278738555
"aus",1909,5.51382278738555
"aus",1910,5.55105152471083
"aus",1911,5.55105152471083
"aus",1912,5.55105152471083
"aus",1913,5.64887114989733
"aus",1914,5.57533098878695
"aus",1915,5.57533098878695
"aus",1916,5.57533098878695
"aus",1917,6.59976422018349
"aus",1918,6.59976422018349
"aus",1919,6.36627780149413
"aus",1920,6.36627780149413
"aus",1921,6.36627780149413
"aus",1922,6.40678597046414
"aus",1923,6.40678597046414
"aus",1924,6.40678597046414
"aus",1925,6.44038737270876
"aus",1926,6.44038737270876
"aus",1927,6.44038737270876
"aus",1928,6.3778582898853
"aus",1929,6.12546489361702
"aus",1930,6.12546489361702
"aus",1931,5.86065653594771
"aus",1932,5.86065653594771
"aus",1933,5.86065653594771
"aus",1934,5.51710130434783
"aus",1935,5.51710130434783
"aus",1936,5.51710130434783
"aus",1937,5.79971127835951
"aus",1938,5.79971127835951
"aus",1939,5.79971127835951
"aus",1940,5.45256077348066
"aus",1941,5.45256077348066
"aus",1942,5.45256077348066
"aus",1943,5.01551698337292
"aus",1944,5.01551698337292
"aus",1945,5.01551698337292
"aus",1946,5.28300652849741
"aus",1947,5.28300652849741
"aus",1948,5.28300652849741
"aus",1949,5.76014932362123
"aus",1950,5.76014932362123
"aus",1951,5.72437078651685
"aus",1952,5.72437078651685
"aus",1953,5.72437078651685
"aus",1954,5.61862595262616
"aus",1955,5.64706334702259
"aus",1956,5.64706334702259
"aus",1957,5.64706334702259
"aus",1958,5.59966707193516
"aus",1959,5.59966707193516
"aus",1960,5.59966707193516
"aus",1961,5.43781600810537
"aus",1962,5.43781600810537
"aus",1963,5.57453427704752
"aus",1964,5.57453427704752
"aus",1965,5.57453427704752
"aus",1966,5.74853395061728
"aus",1967,5.74853395061728
"aus",1968,5.74853395061728
"aus",1969,5.51834709543569
"aus",1970,5.51834709543569
"aus",1971,5.51834709543569
"aus",1972,5.46345638945233
"aus",1973,5.46345638945233
"aus",1974,5.60771327254306
"aus",1975,5.84738094747683
"aus",1976,5.84738094747683
"aus",1977,5.62257675126904
"aus",1978,5.62257675126904
"aus",1979,5.62257675126904
"aus",1980,5.5670843877551
"aus",1981,5.5670843877551
"aus",1982,5.5670843877551
"aus",1983,5.46835005107252
"aus",1984,5.52771664964249
"aus",1985,5.52771664964249
"aus",1986,5.52771664964249
"aus",1987,5.56864887295082
"aus",1988,5.56864887295082
"aus",1989,5.56864887295082
"aus",1990,5.46279252336449
"aus",1991,5.46279252336449
"aus",1992,5.46279252336449
"aus",1993,5.49300190274841
"aus",1994,5.49300190274841
"aus",1995,5.49300190274841
"aus",1996,5.56219958246347
"aus",1997,5.56219958246347
"aus",1998,5.65117085953878
"aus",1999,5.65117085953878
"aus",2000,5.65117085953878
"aus",2001,5.54297193717278
"aus",2002,5.54297193717278
"aus",2003,5.54297193717278
"aus",2004,5.56221324296142
"aus",2005,5.56221324296142
"aus",2006,5.56221324296142
"aus",2007,5.33334347368421
"aus",2008,5.33334347368421
"aus",2009,5.33334347368421
"aus",2010,5.15789766785191
"aus",2011,5.15789766785191
"aus",2012,5.15789766785191
"aus",2013,5.3959373220268
"aus",2014,5.3959373220268
"aus",2015,5.3959373220268
"aus",2016,5.27965508365508
"aus",2017,5.27965508365508
"aus",2018,5.27965508365508
"aus",2019,5.30118964657415
"aus",2020,5.30118964657415
"aut",1919,5.40032420651714
"aut",1920,5.60230152583395
"aut",1921,5.60230152583395
"aut",1922,5.60230152583395
"aut",1923,5.59023330511165
"aut",1924,5.59023330511165
"aut",1925,5.59023330511165
"aut",1926,5.59023330511165
"aut",1927,5.43502448896157
"aut",1928,5.43502448896157
"aut",1929,5.43502448896157
"aut",1930,5.84873516550258
"aut",1931,5.84873516550258
"aut",1932,5.84873516550258
"aut",1933,5.84873516550258
"aut",1934,5.84873516550258
"aut",1935,5.84873516550258
"aut",1936,5.84873516550258
"aut",1937,5.84873516550258
"aut",1938,5.84873516550258
"aut",1939,5.84873516550258
"aut",1940,5.84873516550258
"aut",1941,5.84873516550258
"aut",1942,5.84873516550258
"aut",1943,5.84873516550258
"aut",1944,5.84873516550258
"aut",1945,4.92381883767535
"aut",1946,4.92381883767535
"aut",1947,4.92381883767535
"aut",1948,4.92381883767535
"aut",1949,5.32047326633166
"aut",1950,5.32047326633166
"aut",1951,5.32047326633166
"aut",1952,5.32047326633166
"aut",1953,5.20089638554217
"aut",1954,5.20089638554217
"aut",1955,5.20089638554217
"aut",1956,5.15117917917918
"aut",1957,5.15117917917918
"aut",1958,5.15117917917918
"aut",1959,5.1913288
"aut",1960,5.1913288
"aut",1961,5.1913288
"aut",1962,5.21049114688129
"aut",1963,5.21049114688129
"aut",1964,5.21049114688129
"aut",1965,5.21049114688129
"aut",1966,5.4775603074141
"aut",1967,5.4775603074141
"aut",1968,5.4775603074141
"aut",1969,5.4775603074141
"aut",1970,5.18349728915663
"aut",1971,5.1208593
"aut",1972,5.1208593
"aut",1973,5.1208593
"aut",1974,5.1208593
"aut",1975,5.1185990990991
"aut",1976,5.1185990990991
"aut",1977,5.1185990990991
"aut",1978,5.1185990990991
"aut",1979,5.1285691
"aut",1980,5.1285691
"aut",1981,5.1285691
"aut",1982,5.1285691
"aut",1983,5.11500241935484
"aut",1984,5.11500241935484
"aut",1985,5.11500241935484
"aut",1986,5.23322510040161
"aut",1987,5.23322510040161
"aut",1988,5.23322510040161
"aut",1989,5.23322510040161
"aut",1990,5.31858524923703
"aut",1991,5.31858524923703
"aut",1992,5.31858524923703
"aut",1993,5.31858524923703
"aut",1994,5.53423780487805
"aut",1995,5.54549492900609
"aut",1996,5.54549492900609
"aut",1997,5.54549492900609
"aut",1998,5.54549492900609
"aut",1999,5.69631569826707
"aut",2000,5.69631569826707
"aut",2001,5.69631569826707
"aut",2002,5.25473761458648
"aut",2003,5.25473761458648
"aut",2004,5.25473761458648
"aut",2005,5.25473761458648
"aut",2006,5.23388875502008
"aut",2007,5.23388875502008
"aut",2008,5.72724584697218
"aut",2009,5.72724584697218
"aut",2010,5.72724584697218
"aut",2011,5.72724584697218
"aut",2012,5.72724584697218
"aut",2013,5.58727098078868
"aut",2014,5.58727098078868
"aut",2015,5.58727098078868
"aut",2016,5.58727098078868
"aut",2017,5.85762042900919
"aut",2018,5.85762042900919
"aut",2019,5.51234564777328
"aut",2020,5.51234564777328
"bel",1900,5.47453222453222
"bel",1901,5.47453222453222
"bel",1902,5.7079107505071
"bel",1903,5.7079107505071
"bel",1904,5.36816301199834
"bel",1905,5.36816301199834
"bel",1906,5.4175991861648
"bel",1907,5.4175991861648
"bel",1908,5.38801611278953
"bel",1909,5.38801611278953
"bel",1910,5.41144578313253
"bel",1911,5.41144578313253
"bel",1912,5.11350806451613
"bel",1913,5.11350806451613
"bel",1914,5.26576032225579
"bel",1915,5.26576032225579
"bel",1916,5.26576032225579
"bel",1917,5.26576032225579
"bel",1918,5.26576032225579
"bel",1919,4.91033369214209
"bel",1920,4.91033369214209
"bel",1921,5.06936936936937
"bel",1922,5.06936936936937
"bel",1923,5.06936936936937
"bel",1924,5.06936936936937
"bel",1925,4.77562761506276
"bel",1926,4.77562761506276
"bel",1927,4.77562761506276
"bel",1928,4.77562761506276
"bel",1929,4.81907216494845
"bel",1930,4.81907216494845
"bel",1931,4.81907216494845
"bel",1932,4.77446592065107
"bel",1933,4.77446592065107
"bel",1934,4.77446592065107
"bel",1935,4.77446592065107
"bel",1936,5.01909239574816
"bel",1937,5.01909239574816
"bel",1938,5.01909239574816
"bel",1939,4.92367179487179
"bel",1940,4.92367179487179
"bel",1941,4.92367179487179
"bel",1942,4.92367179487179
"bel",1943,4.92367179487179
"bel",1944,4.92367179487179
"bel",1945,4.92367179487179
"bel",1946,4.30693516901264
"bel",1947,4.30693516901264
"bel",1948,4.30693516901264
"bel",1949,4.68697665647299
"bel",1950,4.62249249249249
"bel",1951,4.62249249249249
"bel",1952,4.62249249249249
"bel",1953,4.62249249249249
"bel",1954,4.55615544354839
"bel",1955,4.55615544354839
"bel",1956,4.55615544354839
"bel",1957,4.55615544354839
"bel",1958,4.69873440643863
"bel",1959,4.69873440643863
"bel",1960,4.69873440643863
"bel",1961,4.64896190767974
"bel",1962,4.64896190767974
"bel",1963,4.64896190767974
"bel",1964,4.64896190767974
"bel",1965,4.87009945321366
"bel",1966,4.87009945321366
"bel",1967,4.87009945321366
"bel",1968,4.69721797188755
"bel",1969,4.69721797188755
"bel",1970,4.69721797188755
"bel",1971,4.77728384103288
"bel",1972,4.77728384103288
"bel",1973,4.77728384103288
"bel",1974,4.79521547017189
"bel",1975,4.79521547017189
"bel",1976,4.79521547017189
"bel",1977,4.89187347083207
"bel",1978,5.12226404151404
"bel",1979,5.12226404151404
"bel",1980,5.12226404151404
"bel",1981,5.20398336207771
"bel",1982,5.20398336207771
"bel",1983,5.20398336207771
"bel",1984,5.20398336207771
"bel",1985,5.12669432202521
"bel",1986,5.12669432202521
"bel",1987,5.03675719530852
"bel",1988,5.03675719530852
"bel",1989,5.03675719530852
"bel",1990,5.03675719530852
"bel",1991,5.30821884806154
"bel",1992,5.30821884806154
"bel",1993,5.30821884806154
"bel",1994,5.30821884806154
"bel",1995,5.49288234502743
"bel",1996,5.49288234502743
"bel",1997,5.49288234502743
"bel",1998,5.49288234502743
"bel",1999,5.5407059657049
"bel",2000,5.5407059657049
"bel",2001,5.5407059657049
"bel",2002,5.5407059657049
"bel",2003,5.67708363503191
"bel",2004,5.67708363503191
"bel",2005,5.67708363503191
"bel",2006,5.67708363503191
"bel",2007,5.75706701020408
"bel",2008,5.75706701020408
"bel",2009,5.75706701020408
"bel",2010,5.41433623862696
"bel",2011,5.41433623862696
"bel",2012,5.41433623862696
"bel",2013,5.41433623862696
"bel",2014,5.31233249793729
"bel",2015,5.31233249793729
"bel",2016,5.31233249793729
"bel",2017,5.31233249793729
"bel",2018,5.31233249793729
"bel",2019,5.32440493661754
"bel",2020,5.32440493661754
"bgr",1991,4.69515350732298
"bgr",1992,4.69515350732298
"bgr",1993,4.69515350732298
"bgr",1994,4.30988247867861
"bgr",1995,4.30988247867861
"bgr",1996,4.30988247867861
"bgr",1997,5.43149064929377
"bgr",1998,5.43149064929377
"bgr",1999,5.43149064929377
"bgr",2000,5.43149064929377
"bgr",2001,5.43217302084458
"bgr",2002,5.43217302084458
"bgr",2003,5.43217302084458
"bgr",2004,5.43217302084458
"bgr",2005,4.75220056639396
"bgr",2006,4.75220056639396
"bgr",2007,4.75220056639396
"bgr",2008,4.75220056639396
"bgr",2009,6.51904912601626
"bgr",2010,6.51904912601626
"bgr",2011,6.51904912601626
"bgr",2012,6.51904912601626
"bgr",2013,6.1150160988075
"bgr",2014,6.4925946528585
"bgr",2015,6.4925946528585
"bgr",2016,6.4925946528585
"bgr",2017,6.40675525568182
"bgr",2018,6.40675525568182
"bgr",2019,6.40675525568182
"bgr",2020,6.40675525568182
"can",1900,5.85105362392296
"can",1901,5.85105362392296
"can",1902,5.85105362392296
"can",1903,5.85105362392296
"can",1904,5.83619563318777
"can",1905,5.83619563318777
"can",1906,5.83619563318777
"can",1907,5.83619563318777
"can",1908,5.8354641509434
"can",1909,5.8354641509434
"can",1910,5.8354641509434
"can",1911,5.91048378789415
"can",1912,5.91048378789415
"can",1913,5.91048378789415
"can",1914,5.91048378789415
"can",1915,5.91048378789415
"can",1916,5.91048378789415
"can",1917,6.02971992566591
"can",1918,6.02971992566591
"can",1919,6.02971992566591
"can",1920,6.02971992566591
"can",1921,5.59306303421025
"can",1922,5.59306303421025
"can",1923,5.59306303421025
"can",1924,5.59306303421025
"can",1925,5.83896970945807
"can",1926,5.80613811805485
"can",1927,5.80613811805485
"can",1928,5.80613811805485
"can",1929,5.80613811805485
"can",1930,5.86458480677067
"can",1931,5.86458480677067
"can",1932,5.86458480677067
"can",1933,5.86458480677067
"can",1934,5.86458480677067
"can",1935,5.65851367895066
"can",1936,5.65851367895066
"can",1937,5.65851367895066
"can",1938,5.65851367895066
"can",1939,5.65851367895066
"can",1940,5.44050865467009
"can",1941,5.44050865467009
"can",1942,5.44050865467009
"can",1943,5.44050865467009
"can",1944,5.44050865467009
"can",1945,5.15096207199298
"can",1946,5.15096207199298
"can",1947,5.15096207199298
"can",1948,5.15096207199298
"can",1949,5.27924858333333
"can",1950,5.27924858333333
"can",1951,5.27924858333333
"can",1952,5.27924858333333
"can",1953,5.39072528538236
"can",1954,5.39072528538236
"can",1955,5.39072528538236
"can",1956,5.39072528538236
"can",1957,5.61259856115108
"can",1958,5.77355313033866
"can",1959,5.77355313033866
"can",1960,5.77355313033866
"can",1961,5.77355313033866
"can",1962,5.64104247274182
"can",1963,5.58464573091201
"can",1964,5.58464573091201
"can",1965,5.23575172999363
"can",1966,5.23575172999363
"can",1967,5.23575172999363
"can",1968,5.16339311510032
"can",1969,5.16339311510032
"can",1970,5.16339311510032
"can",1971,5.16339311510032
"can",1972,5.38817670749429
"can",1973,5.38817670749429
"can",1974,5.38322663975782
"can",1975,5.38322663975782
"can",1976,5.38322663975782
"can",1977,5.38322663975782
"can",1978,5.38322663975782
"can",1979,5.31598984668494
"can",1980,5.12687571748423
"can",1981,5.12687571748423
"can",1982,5.12687571748423
"can",1983,5.12687571748423
"can",1984,5.40657278546356
"can",1985,5.40657278546356
"can",1986,5.40657278546356
"can",1987,5.40657278546356
"can",1988,5.32347428334886
"can",1989,5.32347428334886
"can",1990,5.32347428334886
"can",1991,5.32347428334886
"can",1992,5.32347428334886
"can",1993,5.5505521067703
"can",1994,5.5505521067703
"can",1995,5.5505521067703
"can",1996,5.5505521067703
"can",1997,5.57585586032389
"can",1998,5.57585586032389
"can",1999,5.57585586032389
"can",2000,5.75073184538906
"can",2001,5.75073184538906
"can",2002,5.75073184538906
"can",2003,5.75073184538906
"can",2004,5.33291032212318
"can",2005,5.33291032212318
"can",2006,5.55952033144705
"can",2007,5.55952033144705
"can",2008,5.52912282828283
"can",2009,5.52912282828283
"can",2010,5.52912282828283
"can",2011,5.4453595358224
"can",2012,5.4453595358224
"can",2013,5.4453595358224
"can",2014,5.4453595358224
"can",2015,5.49354361766485
"can",2016,5.49354361766485
"can",2017,5.49354361766485
"can",2018,5.49354361766485
"can",2019,5.58159745062475
"can",2020,5.58159745062475
"che",1902,5.34558947742985
"che",1903,5.34558947742985
"che",1904,5.34558947742985
"che",1905,5.21212119565217
"che",1906,5.21212119565217
"che",1907,5.21212119565217
"che",1908,5.13851775568182
"che",1909,5.13851775568182
"che",1910,5.13851775568182
"che",1911,5.07340325954508
"che",1912,5.07340325954508
"che",1913,5.07340325954508
"che",1914,5.50628274763666
"che",1915,5.50628274763666
"che",1916,5.50628274763666
"che",1917,4.5617942013925
"che",1918,4.5617942013925
"che",1919,4.99313382352941
"che",1920,4.99313382352941
"che",1921,4.99313382352941
"che",1922,4.93285082135524
"che",1923,4.93285082135524
"che",1924,4.93285082135524
"che",1925,4.79193186925434
"che",1926,4.79193186925434
"che",1927,4.79193186925434
"che",1928,4.76647318548387
"che",1929,4.76647318548387
"che",1930,4.76647318548387
"che",1931,4.72251761133603
"che",1932,4.72251761133603
"che",1933,4.72251761133603
"che",1934,4.72251761133603
"che",1935,4.54207188026981
"che",1936,4.54207188026981
"che",1937,4.54207188026981
"che",1938,4.54207188026981
"che",1939,4.47434142994962
"che",1940,4.47434142994962
"che",1941,4.47434142994962
"che",1942,4.47434142994962
"che",1943,4.51141739583333
"che",1944,4.51141739583333
"che",1945,4.51141739583333
"che",1946,4.51141739583333
"che",1947,4.41715919191919
"che",1948,4.41715919191919
"che",1949,4.41715919191919
"che",1950,4.41715919191919
"che",1951,4.55053923440169
"che",1952,4.55053923440169
"che",1953,4.55053923440169
"che",1954,4.55053923440169
"che",1955,4.47928136614766
"che",1956,4.47928136614766
"che",1957,4.47928136614766
"che",1958,4.47928136614766
"che",1959,4.48332078708375
"che",1960,4.48332078708375
"che",1961,4.48332078708375
"che",1962,4.48332078708375
"che",1963,4.50511753312946
"che",1964,4.50511753312946
"che",1965,4.50511753312946
"che",1966,4.50511753312946
"che",1967,4.5286002860938
"che",1968,4.5286002860938
"che",1969,4.5286002860938
"che",1970,4.5286002860938
"che",1971,4.88005223577236
"che",1972,4.88005223577236
"che",1973,4.88005223577236
"che",1974,4.88005223577236
"che",1975,4.69375388548057
"che",1976,4.69375388548057
"che",1977,4.69375388548057
"che",1978,4.69375388548057
"che",1979,4.72342161766245
"che",1980,4.72342161766245
"che",1981,4.72342161766245
"che",1982,4.72342161766245
"che",1983,4.69542978900322
"che",1984,4.69542978900322
"che",1985,4.69542978900322
"che",1986,4.69542978900322
"che",1987,4.80437306379899
"che",1988,4.80437306379899
"che",1989,4.80437306379899
"che",1990,4.80437306379899
"che",1991,5.04587330595483
"che",1992,5.04587330595483
"che",1993,5.04587330595483
"che",1994,5.04587330595483
"che",1995,4.9893637295082
"che",1996,4.9893637295082
"che",1997,4.9893637295082
"che",1998,4.9893637295082
"che",1999,5.03437675371224
"che",2000,5.03437675371224
"che",2001,5.03437675371224
"che",2002,5.03437675371224
"che",2003,4.93993519269777
"che",2004,4.93993519269777
"che",2005,4.93993519269777
"che",2006,4.93993519269777
"che",2007,4.98813866666667
"che",2008,4.98813866666667
"che",2009,4.98813866666667
"che",2010,4.98813866666667
"che",2011,5.00859395353661
"che",2012,5.00859395353661
"che",2013,5.00859395353661
"che",2014,5.00859395353661
"che",2015,5.08631244617593
"che",2016,5.08631244617593
"che",2017,5.08631244617593
"che",2018,5.08631244617593
"che",2019,4.68558046246307
"che",2020,4.68558046246307
"cyp",1976,6.12402672064777
"cyp",1977,6.12402672064777
"cyp",1978,6.12402672064777
"cyp",1979,6.12402672064777
"cyp",1980,6.12402672064777
"cyp",1981,4.89959923359902
"cyp",1982,4.89959923359902
"cyp",1983,4.89959923359902
"cyp",1984,4.89959923359902
"cyp",1985,5.00068272991676
"cyp",1986,5.00068272991676
"cyp",1987,5.00068272991676
"cyp",1988,5.00068272991676
"cyp",1989,5.00068272991676
"cyp",1990,5.00068272991676
"cyp",1991,4.86061258811682
"cyp",1992,4.86061258811682
"cyp",1993,4.86061258811682
"cyp",1994,4.86061258811682
"cyp",1995,4.86061258811682
"cyp",1996,4.95916402805611
"cyp",1997,4.95916402805611
"cyp",1998,4.95916402805611
"cyp",1999,4.95916402805611
"cyp",2000,4.95916402805611
"cyp",2001,5.05286142284569
"cyp",2002,5.05286142284569
"cyp",2003,5.05286142284569
"cyp",2004,5.05286142284569
"cyp",2005,5.05286142284569
"cyp",2006,4.86252127921279
"cyp",2007,4.86252127921279
"cyp",2008,4.86252127921279
"cyp",2009,4.86252127921279
"cyp",2010,4.86252127921279
"cyp",2011,4.93786928448538
"cyp",2012,4.93786928448538
"cyp",2013,4.93786928448538
"cyp",2014,4.93786928448538
"cyp",2015,4.93786928448538
"cyp",2016,5.31678542355372
"cyp",2017,5.31678542355372
"cyp",2018,5.31678542355372
"cyp",2019,5.31678542355372
"cyp",2020,5.31678542355372
"cze",1990,5.16322846938775
"cze",1991,5.16322846938775
"cze",1992,5.27119718715393
"cze",1993,5.27119718715393
"cze",1994,5.27119718715393
"cze",1995,5.27119718715393
"cze",1996,5.33459122020778
"cze",1997,5.33459122020778
"cze",1998,4.9577334792791
"cze",1999,4.9577334792791
"cze",2000,4.9577334792791
"cze",2001,4.9577334792791
"cze",2002,4.27305985527595
"cze",2003,4.27305985527595
"cze",2004,4.27305985527595
"cze",2005,4.27305985527595
"cze",2006,4.67370905306972
"cze",2007,4.67370905306972
"cze",2008,4.67370905306972
"cze",2009,4.67370905306972
"cze",2010,5.20643683072488
"cze",2011,5.20643683072488
"cze",2012,5.20643683072488
"cze",2013,4.87663009308229
"cze",2014,4.87663009308229
"cze",2015,4.87663009308229
"cze",2016,4.87663009308229
"cze",2017,5.8949631487084
"cze",2018,5.8949631487084
"cze",2019,5.8949631487084
"cze",2020,5.8949631487084
"deu",1919,5.1465943852953
"deu",1920,5.11270514817437
"deu",1921,5.11270514817437
"deu",1922,5.11270514817437
"deu",1923,5.11270514817437
"deu",1924,5.81129273521851
"deu",1925,5.81129273521851
"deu",1926,5.81129273521851
"deu",1927,5.81129273521851
"deu",1928,5.42885034526052
"deu",1929,5.42885034526052
"deu",1930,5.63752129091465
"deu",1931,5.63752129091465
"deu",1932,5.96044365884431
"deu",1933,6.44620632137848
"deu",1934,6.44620632137848
"deu",1935,6.44620632137848
"deu",1936,6.44620632137848
"deu",1937,6.44620632137848
"deu",1938,6.44620632137848
"deu",1939,6.44620632137848
"deu",1940,6.44620632137848
"deu",1941,6.44620632137848
"deu",1942,6.44620632137848
"deu",1943,6.44620632137848
"deu",1944,6.44620632137848
"deu",1945,6.44620632137848
"deu",1946,6.44620632137848
"deu",1947,6.44620632137848
"deu",1948,6.44620632137848
"deu",1949,5.36686385927505
"deu",1950,5.36686385927505
"deu",1951,5.36686385927505
"deu",1952,5.36686385927505
"deu",1953,5.67696118355065
"deu",1954,5.67696118355065
"deu",1955,5.67696118355065
"deu",1956,5.67696118355065
"deu",1957,5.67999037487335
"deu",1958,5.67999037487335
"deu",1959,5.67999037487335
"deu",1960,5.67999037487335
"deu",1961,5.29442744702321
"deu",1962,5.29442744702321
"deu",1963,5.29442744702321
"deu",1964,5.29442744702321
"deu",1965,5.30110710710711
"deu",1966,5.30110710710711
"deu",1967,5.30110710710711
"deu",1968,5.30110710710711
"deu",1969,5.36132578361982
"deu",1970,5.36132578361982
"deu",1971,5.36132578361982
"deu",1972,5.14835997993982
"deu",1973,5.14835997993982
"deu",1974,5.14835997993982
"deu",1975,5.14835997993982
"deu",1976,5.23017487437186
"deu",1977,5.23017487437186
"deu",1978,5.23017487437186
"deu",1979,5.23017487437186
"deu",1980,5.14950110552764
"deu",1981,5.14950110552764
"deu",1982,5.14950110552764
"deu",1983,5.16120280561122
"deu",1984,5.16120280561122
"deu",1985,5.16120280561122
"deu",1986,5.16120280561122
"deu",1987,5.09315658291457
"deu",1988,5.09315658291457
"deu",1989,5.09315658291457
"deu",1990,5.16358876404494
"deu",1991,5.16358876404494
"deu",1992,5.16358876404494
"deu",1993,5.16358876404494
"deu",1994,4.92757215447154
"deu",1995,4.92757215447154
"deu",1996,4.92757215447154
"deu",1997,4.92757215447154
"deu",1998,4.80764020618557
"deu",1999,4.80764020618557
"deu",2000,4.80764020618557
"deu",2001,4.80764020618557
"deu",2002,4.81318975409836
"deu",2003,4.81318975409836
"deu",2004,4.81318975409836
"deu",2005,4.71746639344262
"deu",2006,4.71746639344262
"deu",2007,4.71746639344262
"deu",2008,4.71746639344262
"deu",2009,4.70025298429319
"deu",2010,4.70025298429319
"deu",2011,4.70025298429319
"deu",2012,4.70025298429319
"deu",2013,5.03549578947368
"deu",2014,5.03549578947368
"deu",2015,5.03549578947368
"deu",2016,5.03549578947368
"deu",2017,5.27983190823775
"deu",2018,5.27983190823775
"deu",2019,5.27983190823775
"deu",2020,5.27983190823775
"dnk",1901,6.49459945475517
"dnk",1902,6.49459945475517
"dnk",1903,6.43622187271397
"dnk",1904,6.43622187271397
"dnk",1905,6.43622187271397
"dnk",1906,5.95728144329897
"dnk",1907,5.95728144329897
"dnk",1908,5.95728144329897
"dnk",1909,5.72916560170394
"dnk",1910,5.83477158634538
"dnk",1911,5.83477158634538
"dnk",1912,5.83477158634538
"dnk",1913,5.77942316213494
"dnk",1914,5.77942316213494
"dnk",1915,5.77942316213494
"dnk",1916,5.77942316213494
"dnk",1917,5.77942316213494
"dnk",1918,5.73435233739837
"dnk",1919,5.73435233739837
"dnk",1920,5.87353006933875
"dnk",1921,5.87353006933875
"dnk",1922,5.87353006933875
"dnk",1923,5.87353006933875
"dnk",1924,5.63673006134969
"dnk",1925,5.63673006134969
"dnk",1926,5.64822764883956
"dnk",1927,5.64822764883956
"dnk",1928,5.64822764883956
"dnk",1929,5.51363544813696
"dnk",1930,5.51363544813696
"dnk",1931,5.51363544813696
"dnk",1932,5.44667032193159
"dnk",1933,5.44667032193159
"dnk",1934,5.44667032193159
"dnk",1935,5.23634683417085
"dnk",1936,5.23634683417085
"dnk",1937,5.23634683417085
"dnk",1938,5.23634683417085
"dnk",1939,5.33311675075681
"dnk",1940,5.33311675075681
"dnk",1941,5.33311675075681
"dnk",1942,5.33311675075681
"dnk",1943,5.5330027
"dnk",1944,5.5330027
"dnk",1945,5.17273875837249
"dnk",1946,5.17273875837249
"dnk",1947,5.23904045079493
"dnk",1948,5.23904045079493
"dnk",1949,5.23904045079493
"dnk",1950,5.29686820461384
"dnk",1951,5.29686820461384
"dnk",1952,5.29686820461384
"dnk",1953,5.28965128076344
"dnk",1954,5.28965128076344
"dnk",1955,5.28965128076344
"dnk",1956,5.28965128076344
"dnk",1957,5.41501385542169
"dnk",1958,5.41501385542169
"dnk",1959,5.41501385542169
"dnk",1960,5.20571285140562
"dnk",1961,5.20571285140562
"dnk",1962,5.20571285140562
"dnk",1963,5.20571285140562
"dnk",1964,5.24008988877654
"dnk",1965,5.24008988877654
"dnk",1966,5.11906753273115
"dnk",1967,5.11906753273115
"dnk",1968,5.16616419728029
"dnk",1969,5.16616419728029
"dnk",1970,5.16616419728029
"dnk",1971,4.90954363089268
"dnk",1972,4.90954363089268
"dnk",1973,5.5268303
"dnk",1974,5.5268303
"dnk",1975,5.5040153
"dnk",1976,5.5040153
"dnk",1977,5.32567981836529
"dnk",1978,5.32567981836529
"dnk",1979,5.20313152610442
"dnk",1980,5.20313152610442
"dnk",1981,5.13816248746239
"dnk",1982,5.13816248746239
"dnk",1983,5.13816248746239
"dnk",1984,5.17374566532258
"dnk",1985,5.17374566532258
"dnk",1986,5.17374566532258
"dnk",1987,4.97034384537131
"dnk",1988,5.24336944162437
"dnk",1989,5.24336944162437
"dnk",1990,5.19567853509664
"dnk",1991,5.19567853509664
"dnk",1992,5.19567853509664
"dnk",1993,5.19567853509664
"dnk",1994,5.39998270980789
"dnk",1995,5.39998270980789
"dnk",1996,5.39998270980789
"dnk",1997,5.39998270980789
"dnk",1998,5.36193393574297
"dnk",1999,5.36193393574297
"dnk",2000,5.36193393574297
"dnk",2001,5.7130658
"dnk",2002,5.7130658
"dnk",2003,5.7130658
"dnk",2004,5.7130658
"dnk",2005,5.70941795386158
"dnk",2006,5.70941795386158
"dnk",2007,5.5390128
"dnk",2008,5.5390128
"dnk",2009,5.5390128
"dnk",2010,5.5390128
"dnk",2011,5.32518788546256
"dnk",2012,5.32518788546256
"dnk",2013,5.32518788546256
"dnk",2014,5.32518788546256
"dnk",2015,5.4018798
"dnk",2016,5.4018798
"dnk",2017,5.4018798
"dnk",2018,5.4018798
"dnk",2019,5.26004494949495
"dnk",2020,5.26004494949495
"esp",1977,5.33531792030684
"esp",1978,5.33531792030684
"esp",1979,5.2443668158091
"esp",1980,5.2443668158091
"esp",1981,5.2443668158091
"esp",1982,5.139370052976
"esp",1983,5.139370052976
"esp",1984,5.139370052976
"esp",1985,5.139370052976
"esp",1986,5.08254778789162
"esp",1987,5.08254778789162
"esp",1988,5.08254778789162
"esp",1989,5.02268624225593
"esp",1990,5.02268624225593
"esp",1991,5.02268624225593
"esp",1992,5.02268624225593
"esp",1993,5.20577666423586
"esp",1994,5.20577666423586
"esp",1995,5.20577666423586
"esp",1996,5.2432293561184
"esp",1997,5.2432293561184
"esp",1998,5.2432293561184
"esp",1999,5.2432293561184
"esp",2000,5.60512695328648
"esp",2001,5.60512695328648
"esp",2002,5.60512695328648
"esp",2003,5.60512695328648
"esp",2004,5.29972026735218
"esp",2005,5.29972026735218
"esp",2006,5.29972026735218
"esp",2007,5.29972026735218
"esp",2008,5.41468777351447
"esp",2009,5.41468777351447
"esp",2010,5.41468777351447
"esp",2011,5.60688092324208
"esp",2012,5.60688092324208
"esp",2013,5.60688092324208
"esp",2014,5.60688092324208
"esp",2015,4.74780822824716
"esp",2016,4.9351957296115
"esp",2017,4.9351957296115
"esp",2018,4.9351957296115
"esp",2019,5.18689767944729
"esp",2020,5.18689767944729
"est",1992,6.21655831622177
"est",1993,6.21655831622177
"est",1994,6.21655831622177
"est",1995,6.31434450498612
"est",1996,6.31434450498612
"est",1997,6.31434450498612
"est",1998,6.31434450498612
"est",1999,5.61240011262414
"est",2000,5.61240011262414
"est",2001,5.61240011262414
"est",2002,5.61240011262414
"est",2003,6.17057405900305
"est",2004,6.17057405900305
"est",2005,6.17057405900305
"est",2006,6.17057405900305
"est",2007,5.88611651560926
"est",2008,5.88611651560926
"est",2009,5.88611651560926
"est",2010,5.88611651560926
"est",2011,6.11109088050314
"est",2012,6.11109088050314
"est",2013,6.11109088050314
"est",2014,6.11109088050314
"est",2015,6.06075297559008
"est",2016,6.06075297559008
"est",2017,6.06075297559008
"est",2018,6.06075297559008
"est",2019,5.84204186746988
"est",2020,5.84204186746988
"fin",1917,5.30391754509018
"fin",1918,5.30391754509018
"fin",1919,5.19811903807615
"fin",1920,5.19811903807615
"fin",1921,5.19811903807615
"fin",1922,5.031638
"fin",1923,5.031638
"fin",1924,5.031638
"fin",1925,5.031638
"fin",1926,5.031638
"fin",1927,5.04896740220662
"fin",1928,5.04896740220662
"fin",1929,4.96288264794383
"fin",1930,5.26095400323494
"fin",1931,5.26095400323494
"fin",1932,5.26095400323494
"fin",1933,5.23608212658228
"fin",1934,5.23608212658228
"fin",1935,5.23608212658228
"fin",1936,5.26570319543224
"fin",1937,5.26570319543224
"fin",1938,5.26570319543224
"fin",1939,5.2499518302494
"fin",1940,5.2499518302494
"fin",1941,5.2499518302494
"fin",1942,5.2499518302494
"fin",1943,5.2499518302494
"fin",1944,5.2499518302494
"fin",1945,4.61674709418838
"fin",1946,4.61674709418838
"fin",1947,4.61674709418838
"fin",1948,4.7618587736135
"fin",1949,4.7618587736135
"fin",1950,4.7618587736135
"fin",1951,4.6656247607535
"fin",1952,4.6656247607535
"fin",1953,4.6656247607535
"fin",1954,4.64834643931795
"fin",1955,4.64834643931795
"fin",1956,4.64834643931795
"fin",1957,4.64834643931795
"fin",1958,4.6465190716448
"fin",1959,4.6465190716448
"fin",1960,4.6465190716448
"fin",1961,4.6465190716448
"fin",1962,4.71373861386139
"fin",1963,4.71373861386139
"fin",1964,4.71373861386139
"fin",1965,4.71373861386139
"fin",1966,4.59767215253387
"fin",1967,4.59767215253387
"fin",1968,4.59767215253387
"fin",1969,4.59767215253387
"fin",1970,5.02480513595166
"fin",1971,5.02480513595166
"fin",1972,4.97143374110097
"fin",1973,4.97143374110097
"fin",1974,4.97143374110097
"fin",1975,4.96960292929293
"fin",1976,4.96960292929293
"fin",1977,4.96960292929293
"fin",1978,4.96960292929293
"fin",1979,5.0721580060423
"fin",1980,5.0721580060423
"fin",1981,5.0721580060423
"fin",1982,5.0721580060423
"fin",1983,5.15473415421881
"fin",1984,5.15473415421881
"fin",1985,5.15473415421881
"fin",1986,5.15473415421881
"fin",1987,5.08111629098361
"fin",1988,5.08111629098361
"fin",1989,5.08111629098361
"fin",1990,5.08111629098361
"fin",1991,5.17065313463515
"fin",1992,5.17065313463515
"fin",1993,5.17065313463515
"fin",1994,5.17065313463515
"fin",1995,4.93229002079002
"fin",1996,4.93229002079002
"fin",1997,4.93229002079002
"fin",1998,4.93229002079002
"fin",1999,5.12636625386997
"fin",2000,5.12636625386997
"fin",2001,5.12636625386997
"fin",2002,5.12636625386997
"fin",2003,5.05345010204082
"fin",2004,5.05345010204082
"fin",2005,5.05345010204082
"fin",2006,5.05345010204082
"fin",2007,5.23093617886179
"fin",2008,5.23093617886179
"fin",2009,5.23093617886179
"fin",2010,5.23093617886179
"fin",2011,5.45063017329256
"fin",2012,5.45063017329256
"fin",2013,5.45063017329256
"fin",2014,5.45063017329256
"fin",2015,5.46904980520812
"fin",2016,5.46904980520812
"fin",2017,5.46904980520812
"fin",2018,5.46904980520812
"fin",2019,5.35348160706946
"fin",2020,5.35348160706946
"fra",1902,5.84073466604499
"fra",1903,5.84073466604499
"fra",1904,5.84073466604499
"fra",1905,5.84073466604499
"fra",1906,5.75822227450195
"fra",1907,5.75822227450195
"fra",1908,5.75822227450195
"fra",1909,5.75822227450195
"fra",1910,5.81016393360161
"fra",1911,5.81016393360161
"fra",1912,5.81016393360161
"fra",1913,5.81016393360161
"fra",1914,6.0450121602577
"fra",1915,6.0450121602577
"fra",1916,6.0450121602577
"fra",1917,6.0450121602577
"fra",1918,6.0450121602577
"fra",1919,5.82583186879935
"fra",1920,5.82583186879935
"fra",1921,5.82583186879935
"fra",1922,5.82583186879935
"fra",1923,5.82583186879935
"fra",1924,5.67864708615291
"fra",1925,5.67864708615291
"fra",1926,5.67864708615291
"fra",1927,5.67864708615291
"fra",1928,5.1306813440321
"fra",1929,5.1306813440321
"fra",1930,5.1306813440321
"fra",1931,5.1306813440321
"fra",1932,5.07327113845538
"fra",1933,5.07327113845538
"fra",1934,5.07327113845538
"fra",1935,5.07327113845538
"fra",1936,4.72379915882235
"fra",1937,4.72379915882235
"fra",1938,4.72379915882235
"fra",1939,4.72379915882235
"fra",1940,4.72379915882235
"fra",1941,4.72379915882235
"fra",1942,4.72379915882235
"fra",1943,4.72379915882235
"fra",1944,4.72379915882235
"fra",1945,4.66035724228364
"fra",1946,5.17858498995984
"fra",1947,5.17858498995984
"fra",1948,5.17858498995984
"fra",1949,5.17858498995984
"fra",1950,5.17858498995984
"fra",1951,5.47692180904523
"fra",1952,5.47692180904523
"fra",1953,5.47692180904523
"fra",1954,5.47692180904523
"fra",1955,5.47692180904523
"fra",1956,4.97112939396995
"fra",1957,4.97112939396995
"fra",1958,5.53198554216867
"fra",1959,5.53198554216867
"fra",1960,5.53198554216867
"fra",1961,5.53198554216867
"fra",1962,5.53187195979899
"fra",1963,5.53187195979899
"fra",1964,5.53187195979899
"fra",1965,5.53187195979899
"fra",1966,5.53187195979899
"fra",1967,5.1539081
"fra",1968,5.3578404233871
"fra",1969,5.3578404233871
"fra",1970,5.3578404233871
"fra",1971,5.3578404233871
"fra",1972,5.3578404233871
"fra",1973,4.97574174265451
"fra",1974,4.97574174265451
"fra",1975,4.97574174265451
"fra",1976,4.97574174265451
"fra",1977,4.97574174265451
"fra",1978,4.45126601239669
"fra",1979,4.45126601239669
"fra",1980,4.45126601239669
"fra",1981,4.28986823406479
"fra",1982,4.28986823406479
"fra",1983,4.28986823406479
"fra",1984,4.28986823406479
"fra",1985,4.28986823406479
"fra",1986,5.48639548793284
"fra",1987,5.48639548793284
"fra",1988,5.13024137235116
"fra",1989,5.13024137235116
"fra",1990,5.13024137235116
"fra",1991,5.13024137235116
"fra",1992,5.13024137235116
"fra",1993,5.52560278417417
"fra",1994,5.52560278417417
"fra",1995,5.52560278417417
"fra",1996,5.52560278417417
"fra",1997,5.3213727715736
"fra",1998,5.3213727715736
"fra",1999,5.3213727715736
"fra",2000,5.3213727715736
"fra",2001,5.3213727715736
"fra",2002,5.74278524090262
"fra",2003,5.74278524090262
"fra",2004,5.74278524090262
"fra",2005,5.74278524090262
"fra",2006,5.74278524090262
"fra",2007,5.60132538876218
"fra",2008,5.60132538876218
"fra",2009,5.60132538876218
"fra",2010,5.60132538876218
"fra",2011,5.60132538876218
"fra",2012,5.52840702061856
"fra",2013,5.52840702061856
"fra",2014,5.52840702061856
"fra",2015,5.52840702061856
"fra",2016,5.52840702061856
"fra",2017,5.77345975848901
"fra",2018,5.77345975848901
"fra",2019,5.77345975848901
"fra",2020,5.77345975848901
"gbr",1918,5.7437826593267
"gbr",1919,5.7437826593267
"gbr",1920,5.7437826593267
"gbr",1921,5.7437826593267
"gbr",1922,5.7182186445907
"gbr",1923,5.50349383838384
"gbr",1924,5.81539501557632
"gbr",1925,5.81539501557632
"gbr",1926,5.81539501557632
"gbr",1927,5.81539501557632
"gbr",1928,5.81539501557632
"gbr",1929,5.51772303183426
"gbr",1930,5.51772303183426
"gbr",1931,6.09806305668016
"gbr",1932,6.09806305668016
"gbr",1933,6.09806305668016
"gbr",1934,6.09806305668016
"gbr",1935,5.85973226392252
"gbr",1936,5.85973226392252
"gbr",1937,5.85973226392252
"gbr",1938,5.85973226392252
"gbr",1939,5.85973226392252
"gbr",1940,5.85973226392252
"gbr",1941,5.85973226392252
"gbr",1942,5.85973226392252
"gbr",1943,5.85973226392252
"gbr",1944,5.85973226392252
"gbr",1945,5.518195781893
"gbr",1946,5.518195781893
"gbr",1947,5.518195781893
"gbr",1948,5.518195781893
"gbr",1949,5.518195781893
"gbr",1950,5.84669091826438
"gbr",1951,6.00450961923848
"gbr",1952,6.00450961923848
"gbr",1953,6.00450961923848
"gbr",1954,6.00450961923848
"gbr",1955,6.05188343373494
"gbr",1956,6.05188343373494
"gbr",1957,6.05188343373494
"gbr",1958,6.05188343373494
"gbr",1959,6.05989235412475
"gbr",1960,6.05989235412475
"gbr",1961,6.05989235412475
"gbr",1962,6.05989235412475
"gbr",1963,6.05989235412475
"gbr",1964,5.85714944388271
"gbr",1965,5.85714944388271
"gbr",1966,5.80387525252525
"gbr",1967,5.80387525252525
"gbr",1968,5.80387525252525
"gbr",1969,5.80387525252525
"gbr",1970,5.7780780141844
"gbr",1971,5.7780780141844
"gbr",1972,5.7780780141844
"gbr",1973,5.7780780141844
"gbr",1974,5.48321539641944
"gbr",1975,5.48321539641944
"gbr",1976,5.48321539641944
"gbr",1977,5.48321539641944
"gbr",1978,5.48321539641944
"gbr",1979,5.75784845413077
"gbr",1980,5.75784845413077
"gbr",1981,5.75784845413077
"gbr",1982,5.75784845413077
"gbr",1983,5.67485744594868
"gbr",1984,5.67485744594868
"gbr",1985,5.67485744594868
"gbr",1986,5.67485744594868
"gbr",1987,5.65271708345887
"gbr",1988,5.65271708345887
"gbr",1989,5.65271708345887
"gbr",1990,5.65271708345887
"gbr",1991,5.65271708345887
"gbr",1992,5.64754904137235
"gbr",1993,5.64754904137235
"gbr",1994,5.64754904137235
"gbr",1995,5.64754904137235
"gbr",1996,5.64754904137235
"gbr",1997,5.33453504192872
"gbr",1998,5.33453504192872
"gbr",1999,5.33453504192872
"gbr",2000,5.33453504192872
"gbr",2001,5.39774256410256
"gbr",2002,5.39774256410256
"gbr",2003,5.39774256410256
"gbr",2004,5.39774256410256
"gbr",2005,5.42694958932238
"gbr",2006,5.42694958932238
"gbr",2007,5.42694958932238
"gbr",2008,5.42694958932238
"gbr",2009,5.42694958932238
"gbr",2010,5.62384234693878
"gbr",2011,5.62384234693878
"gbr",2012,5.62384234693878
"gbr",2013,5.62384234693878
"gbr",2014,5.62384234693878
"gbr",2015,5.8437988090432
"gbr",2016,5.8437988090432
"gbr",2017,5.68678084197682
"gbr",2018,5.68678084197682
"gbr",2019,5.72175471430021
"gbr",2020,5.72175471430021
"grc",1974,5.77379373737374
"grc",1975,5.77379373737374
"grc",1976,5.77379373737374
"grc",1977,5.4440701010101
"grc",1978,5.4440701010101
"grc",1979,5.4440701010101
"grc",1980,5.4440701010101
"grc",1981,4.96490429009193
"grc",1982,4.96490429009193
"grc",1983,4.96490429009193
"grc",1984,4.96490429009193
"grc",1985,5.04117334689725
"grc",1986,5.04117334689725
"grc",1987,5.04117334689725
"grc",1988,5.04117334689725
"grc",1989,5.32711183673469
"grc",1990,5.39786043165468
"grc",1991,5.39786043165468
"grc",1992,5.39786043165468
"grc",1993,5.34255481256332
"grc",1994,5.34255481256332
"grc",1995,5.34255481256332
"grc",1996,5.08668052399959
"grc",1997,5.08668052399959
"grc",1998,5.08668052399959
"grc",1999,5.08668052399959
"grc",2000,5.17454566060854
"grc",2001,5.17454566060854
"grc",2002,5.17454566060854
"grc",2003,5.17454566060854
"grc",2004,5.3388208177688
"grc",2005,5.3388208177688
"grc",2006,5.3388208177688
"grc",2007,5.25849640743009
"grc",2008,5.25849640743009
"grc",2009,5.15249924250179
"grc",2010,5.15249924250179
"grc",2011,5.15249924250179
"grc",2012,5.26837391236307
"grc",2013,5.26837391236307
"grc",2014,5.26837391236307
"grc",2015,4.70220886186371
"grc",2016,4.70220886186371
"grc",2017,4.70220886186371
"grc",2018,4.70220886186371
"grc",2019,4.78124444900051
"grc",2020,4.78124444900051
"hrv",2000,5.29888033333333
"hrv",2001,5.29888033333333
"hrv",2002,5.29888033333333
"hrv",2003,5.60333470588235
"hrv",2004,5.60333470588235
"hrv",2005,5.60333470588235
"hrv",2006,5.60333470588235
"hrv",2007,5.26128147727273
"hrv",2008,5.26128147727273
"hrv",2009,5.26128147727273
"hrv",2010,5.26128147727273
"hrv",2011,4.92736972535122
"hrv",2012,4.92736972535122
"hrv",2013,4.92736972535122
"hrv",2014,4.92736972535122
"hrv",2015,5.59372395590418
"hrv",2016,5.6369347903459
"hrv",2017,5.6369347903459
"hrv",2018,5.6369347903459
"hrv",2019,5.6369347903459
"hrv",2020,5.9017979527888
"hun",1990,5.4266703626943
"hun",1991,5.4266703626943
"hun",1992,5.4266703626943
"hun",1993,5.4266703626943
"hun",1994,4.8354186906019
"hun",1995,4.8354186906019
"hun",1996,4.8354186906019
"hun",1997,4.8354186906019
"hun",1998,5.38799181166837
"hun",1999,5.38799181166837
"hun",2000,5.38799181166837
"hun",2001,5.38799181166837
"hun",2002,4.88184284705408
"hun",2003,4.88184284705408
"hun",2004,4.88184284705408
"hun",2005,4.88184284705408
"hun",2006,4.8362973710819
"hun",2007,4.8362973710819
"hun",2008,4.8362973710819
"hun",2009,4.8362973710819
"hun",2010,5.89696008540057
"hun",2011,5.89696008540057
"hun",2012,5.89696008540057
"hun",2013,5.89696008540057
"hun",2014,5.78633938483844
"hun",2015,5.78633938483844
"hun",2016,5.78633938483844
"hun",2017,5.78633938483844
"hun",2018,6.06434449170124
"hun",2019,6.06434449170124
"hun",2020,6.06434449170124
"irl",1922,5.99357797164667
"irl",1923,6.258369213732
"irl",1924,6.258369213732
"irl",1925,6.258369213732
"irl",1926,6.258369213732
"irl",1927,6.14076274421738
"irl",1928,6.14076274421738
"irl",1929,6.14076274421738
"irl",1930,6.14076274421738
"irl",1931,6.14076274421738
"irl",1932,6.35285655280197
"irl",1933,6.47936119873817
"irl",1934,6.47936119873817
"irl",1935,6.47936119873817
"irl",1936,6.47936119873817
"irl",1937,5.93329878183832
"irl",1938,5.94234485294118
"irl",1939,5.94234485294118
"irl",1940,5.94234485294118
"irl",1941,5.94234485294118
"irl",1942,5.94234485294118
"irl",1943,5.65682243093923
"irl",1944,5.74823591703057
"irl",1945,5.74823591703057
"irl",1946,5.74823591703057
"irl",1947,5.74823591703057
"irl",1948,5.98545262182492
"irl",1949,5.98545262182492
"irl",1950,5.98545262182492
"irl",1951,5.90200115018801
"irl",1952,5.90200115018801
"irl",1953,5.90200115018801
"irl",1954,5.90380199026043
"irl",1955,5.90380199026043
"irl",1956,5.90380199026043
"irl",1957,5.66840506098866
"irl",1958,5.66840506098866
"irl",1959,5.66840506098866
"irl",1960,5.66840506098866
"irl",1961,5.83951715320457
"irl",1962,5.83951715320457
"irl",1963,5.83951715320457
"irl",1964,5.83951715320457
"irl",1965,5.82452209848794
"irl",1966,5.82452209848794
"irl",1967,5.82452209848794
"irl",1968,5.82452209848794
"irl",1969,5.77004527794999
"irl",1970,5.77004527794999
"irl",1971,5.77004527794999
"irl",1972,5.77004527794999
"irl",1973,5.7994944369346
"irl",1974,5.7994944369346
"irl",1975,5.7994944369346
"irl",1976,5.7994944369346
"irl",1977,5.80234222339862
"irl",1978,5.80234222339862
"irl",1979,5.80234222339862
"irl",1980,5.80234222339862
"irl",1981,5.86710144648023
"irl",1982,5.82930814391011
"irl",1983,5.82930814391011
"irl",1984,5.82930814391011
"irl",1985,5.82930814391011
"irl",1986,5.82930814391011
"irl",1987,5.98551557857292
"irl",1988,5.98551557857292
"irl",1989,5.69280983657427
"irl",1990,5.69280983657427
"irl",1991,5.69280983657427
"irl",1992,5.52290197086547
"irl",1993,5.52290197086547
"irl",1994,5.52290197086547
"irl",1995,5.52290197086547
"irl",1996,5.52290197086547
"irl",1997,5.66949673735726
"irl",1998,5.66949673735726
"irl",1999,5.66949673735726
"irl",2000,5.66949673735726
"irl",2001,5.66949673735726
"irl",2002,5.51934093489149
"irl",2003,5.51934093489149
"irl",2004,5.51934093489149
"irl",2005,5.51934093489149
"irl",2006,5.51934093489149
"irl",2007,5.51451553026274
"irl",2008,5.51451553026274
"irl",2009,5.51451553026274
"irl",2010,5.51451553026274
"irl",2011,5.10455772105324
"irl",2012,5.10455772105324
"irl",2013,5.10455772105324
"irl",2014,5.10455772105324
"irl",2015,5.10455772105324
"irl",2016,4.95458099450155
"irl",2017,4.95458099450155
"irl",2018,4.95458099450155
"irl",2019,4.95458099450155
"irl",2020,4.58299087456847
"isl",1919,6.03448771228771
"isl",1920,6.03448771228771
"isl",1921,6.03448771228771
"isl",1922,6.03448771228771
"isl",1923,6.29862676348548
"isl",1924,6.29862676348548
"isl",1925,6.29862676348548
"isl",1926,6.29862676348548
"isl",1927,6.05005973223481
"isl",1928,6.05005973223481
"isl",1929,6.05005973223481
"isl",1930,6.05005973223481
"isl",1931,5.91220354251012
"isl",1932,5.91220354251012
"isl",1933,5.82914837728195
"isl",1934,5.74903334011391
"isl",1935,5.74903334011391
"isl",1936,5.74903334011391
"isl",1937,5.63941293881645
"isl",1938,5.63941293881645
"isl",1939,5.63941293881645
"isl",1940,5.63941293881645
"isl",1941,5.63941293881645
"isl",1942,5.29438668335419
"isl",1943,5.29438668335419
"isl",1944,5.29438668335419
"isl",1945,5.29438668335419
"isl",1946,5.16993763763764
"isl",1947,5.16993763763764
"isl",1948,5.16993763763764
"isl",1949,5.1775015
"isl",1950,5.1775015
"isl",1951,5.1775015
"isl",1952,5.1775015
"isl",1953,5.39099429429429
"isl",1954,5.39099429429429
"isl",1955,5.39099429429429
"isl",1956,5.4694912
"isl",1957,5.4694912
"isl",1958,5.4694912
"isl",1959,5.55064157078539
"isl",1960,5.55064157078539
"isl",1961,5.55064157078539
"isl",1962,5.55064157078539
"isl",1963,5.51693927855711
"isl",1964,5.51693927855711
"isl",1965,5.51693927855711
"isl",1966,5.51693927855711
"isl",1967,5.4652381
"isl",1968,5.4652381
"isl",1969,5.4652381
"isl",1970,5.4652381
"isl",1971,5.04725255102041
"isl",1972,5.04725255102041
"isl",1973,5.04725255102041
"isl",1974,5.34262781124498
"isl",1975,5.34262781124498
"isl",1976,5.34262781124498
"isl",1977,5.34262781124498
"isl",1978,4.93706145194274
"isl",1979,5.25155965092402
"isl",1980,5.25155965092402
"isl",1981,5.25155965092402
"isl",1982,5.25155965092402
"isl",1983,5.14707658291457
"isl",1984,5.14707658291457
"isl",1985,5.14707658291457
"isl",1986,5.14707658291457
"isl",1987,5.15512602602603
"isl",1988,5.15512602602603
"isl",1989,5.15512602602603
"isl",1990,5.15512602602603
"isl",1991,5.27050081053698
"isl",1992,5.27050081053698
"isl",1993,5.27050081053698
"isl",1994,5.27050081053698
"isl",1995,5.21538890020367
"isl",1996,5.21538890020367
"isl",1997,5.21538890020367
"isl",1998,5.21538890020367
"isl",1999,5.47925947580645
"isl",2000,5.47925947580645
"isl",2001,5.47925947580645
"isl",2002,5.47925947580645
"isl",2003,5.31744046653144
"isl",2004,5.31744046653144
"isl",2005,5.31744046653144
"isl",2006,5.31744046653144
"isl",2007,5.12798
"isl",2008,5.12798
"isl",2009,4.58829738430583
"isl",2010,4.58829738430583
"isl",2011,4.58829738430583
"isl",2012,4.58829738430583
"isl",2013,5.0113309865183
"isl",2014,5.0113309865183
"isl",2015,5.0113309865183
"isl",2016,5.02806039755352
"isl",2017,4.92002475780409
"isl",2018,4.92002475780409
"isl",2019,4.92002475780409
"isl",2020,4.92002475780409
"isr",1949,4.31803069053708
"isr",1950,4.31803069053708
"isr",1951,4.26593137254902
"isr",1952,4.26593137254902
"isr",1953,4.26593137254902
"isr",1954,4.26593137254902
"isr",1955,4.79807805151176
"isr",1956,4.79807805151176
"isr",1957,4.79807805151176
"isr",1958,4.79807805151176
"isr",1959,4.78851730769231
"isr",1960,4.78851730769231
"isr",1961,4.819322172949
"isr",1962,4.819322172949
"isr",1963,4.819322172949
"isr",1964,4.819322172949
"isr",1965,4.64056425389755
"isr",1966,4.64056425389755
"isr",1967,4.64056425389755
"isr",1968,4.64056425389755
"isr",1969,4.84457594235033
"isr",1970,4.84457594235033
"isr",1971,4.84457594235033
"isr",1972,4.84457594235033
"isr",1973,4.94962311161218
"isr",1974,4.94962311161218
"isr",1975,4.94962311161218
"isr",1976,4.94962311161218
"isr",1977,5.45435399780942
"isr",1978,5.45435399780942
"isr",1979,5.45435399780942
"isr",1980,5.45435399780942
"isr",1981,5.17784094401756
"isr",1982,5.17784094401756
"isr",1983,5.17784094401756
"isr",1984,5.13171599147122
"isr",1985,5.13171599147122
"isr",1986,5.13171599147122
"isr",1987,5.13171599147122
"isr",1988,5.1439574650913
"isr",1989,5.1439574650913
"isr",1990,5.1439574650913
"isr",1991,5.1439574650913
"isr",1992,5.04314678423236
"isr",1993,5.04314678423236
"isr",1994,5.04314678423236
"isr",1995,5.04314678423236
"isr",1996,5.25471417989418
"isr",1997,5.25471417989418
"isr",1998,5.25471417989418
"isr",1999,5.34526184210526
"isr",2000,5.34526184210526
"isr",2001,5.34526184210526
"isr",2002,5.34526184210526
"isr",2003,5.59154521232306
"isr",2004,5.59154521232306
"isr",2005,5.59154521232306
"isr",2006,5.81777006457565
"isr",2007,5.81777006457565
"isr",2008,5.81777006457565
"isr",2009,6.10160273247193
"isr",2010,6.10160273247193
"isr",2011,6.10160273247193
"isr",2012,6.10160273247193
"isr",2013,5.69256729344099
"isr",2014,5.69256729344099
"isr",2015,5.95383048218501
"isr",2016,5.95383048218501
"isr",2017,5.95383048218501
"isr",2018,5.95383048218501
"isr",2019,6.02543660621762
"isr",2020,5.87518671732523
"ita",1946,4.59974517330574
"ita",1947,4.59974517330574
"ita",1948,4.47915522478736
"ita",1949,4.47915522478736
"ita",1950,4.47915522478736
"ita",1951,4.47915522478736
"ita",1952,4.47915522478736
"ita",1953,4.87014263772271
"ita",1954,4.87014263772271
"ita",1955,4.87014263772271
"ita",1956,4.87014263772271
"ita",1957,4.87014263772271
"ita",1958,4.71213473599029
"ita",1959,4.71213473599029
"ita",1960,4.71213473599029
"ita",1961,4.71213473599029
"ita",1962,4.71213473599029
"ita",1963,4.55616172914148
"ita",1964,4.55616172914148
"ita",1965,4.55616172914148
"ita",1966,4.55616172914148
"ita",1967,4.55616172914148
"ita",1968,4.29752533306419
"ita",1969,4.29752533306419
"ita",1970,4.29752533306419
"ita",1971,4.29752533306419
"ita",1972,4.53740371724558
"ita",1973,4.53740371724558
"ita",1974,4.53740371724558
"ita",1975,4.53740371724558
"ita",1976,4.14887788480835
"ita",1977,4.14887788480835
"ita",1978,4.14887788480835
"ita",1979,4.23148051339513
"ita",1980,4.23148051339513
"ita",1981,4.23148051339513
"ita",1982,4.23148051339513
"ita",1983,4.26165131255127
"ita",1984,4.26165131255127
"ita",1985,4.26165131255127
"ita",1986,4.26165131255127
"ita",1987,4.20750880606185
"ita",1988,4.20750880606185
"ita",1989,4.20750880606185
"ita",1990,4.20750880606185
"ita",1991,4.20750880606185
"ita",1992,4.84891037587687
"ita",1993,4.84891037587687
"ita",1994,5.49577355967078
"ita",1995,5.49577355967078
"ita",1996,5.34244485579873
"ita",1997,5.34244485579873
"ita",1998,5.34244485579873
"ita",1999,5.34244485579873
"ita",2000,5.34244485579873
"ita",2001,5.28326544035674
"ita",2002,5.28326544035674
"ita",2003,5.28326544035674
"ita",2004,5.28326544035674
"ita",2005,5.28326544035674
"ita",2006,5.15252472871452
"ita",2007,5.15252472871452
"ita",2008,5.30623133217817
"ita",2009,5.30623133217817
"ita",2010,5.30623133217817
"ita",2011,5.30623133217817
"ita",2012,5.30623133217817
"ita",2013,4.93310935222115
"ita",2014,4.93310935222115
"ita",2015,4.93310935222115
"ita",2016,4.93310935222115
"ita",2017,4.93310935222115
"ita",2018,5.59598167392657
"ita",2019,5.59598167392657
"ita",2020,5.59598167392657
"jpn",1946,5.78768216216216
"jpn",1947,5.62706606741573
"jpn",1948,5.62706606741573
"jpn",1949,5.72036607142857
"jpn",1950,5.72036607142857
"jpn",1951,5.72036607142857
"jpn",1952,5.96553980370774
"jpn",1953,5.78865615141956
"jpn",1954,5.78865615141956
"jpn",1955,5.62477486910995
"jpn",1956,5.62477486910995
"jpn",1957,5.62477486910995
"jpn",1958,5.95724566596195
"jpn",1959,5.95724566596195
"jpn",1960,6.13112304526749
"jpn",1961,6.13112304526749
"jpn",1962,6.13112304526749
"jpn",1963,5.97460829875519
"jpn",1964,5.97460829875519
"jpn",1965,5.97460829875519
"jpn",1966,5.97460829875519
"jpn",1967,5.80564578059072
"jpn",1968,5.80564578059072
"jpn",1969,5.88416689939702
"jpn",1970,5.88416689939702
"jpn",1971,5.88416689939702
"jpn",1972,5.66957598225602
"jpn",1973,5.66957598225602
"jpn",1974,5.66957598225602
"jpn",1975,5.66957598225602
"jpn",1976,5.66069052218213
"jpn",1977,5.66069052218213
"jpn",1978,5.66069052218213
"jpn",1979,5.72411726679301
"jpn",1980,5.84446791277259
"jpn",1981,5.84446791277259
"jpn",1982,5.84446791277259
"jpn",1983,5.80233230186296
"jpn",1984,5.80233230186296
"jpn",1985,5.80233230186296
"jpn",1986,5.97694650989572
"jpn",1987,5.97694650989572
"jpn",1988,5.97694650989572
"jpn",1989,5.97694650989572
"jpn",1990,5.66188946283234
"jpn",1991,5.66188946283234
"jpn",1992,5.66188946283234
"jpn",1993,6.27480096857512
"jpn",1994,6.27480096857512
"jpn",1995,6.27480096857512
"jpn",1996,6.40229006051903
"jpn",1997,6.40229006051903
"jpn",1998,6.40229006051903
"jpn",1999,6.40229006051903
"jpn",2000,5.72726929798132
"jpn",2001,5.72726929798132
"jpn",2002,5.72726929798132
"jpn",2003,5.95227272727273
"jpn",2004,5.95227272727273
"jpn",2005,6.08673068306831
"jpn",2006,6.08673068306831
"jpn",2007,6.08673068306831
"jpn",2008,6.08673068306831
"jpn",2009,5.86226089059037
"jpn",2010,5.86226089059037
"jpn",2011,5.86226089059037
"jpn",2012,6.1751264160401
"jpn",2013,6.1751264160401
"jpn",2014,6.23768289685737
"jpn",2015,6.23768289685737
"jpn",2016,6.23768289685737
"jpn",2017,6.00047992137889
"jpn",2018,6.00047992137889
"jpn",2019,6.00047992137889
"jpn",2020,6.00047992137889
"ltu",1992,5.13808106155779
"ltu",1993,5.13808106155779
"ltu",1994,5.13808106155779
"ltu",1995,5.13808106155779
"ltu",1996,5.93462062581204
"ltu",1997,5.93462062581204
"ltu",1998,5.93462062581204
"ltu",1999,5.93462062581204
"ltu",2000,5.11064451991355
"ltu",2001,5.11064451991355
"ltu",2002,5.11064451991355
"ltu",2003,5.11064451991355
"ltu",2004,4.82946526347977
"ltu",2005,4.82946526347977
"ltu",2006,4.82946526347977
"ltu",2007,4.82946526347977
"ltu",2008,5.49494361734851
"ltu",2009,5.49494361734851
"ltu",2010,5.49494361734851
"ltu",2011,5.49494361734851
"ltu",2012,4.97229160888471
"ltu",2013,4.97229160888471
"ltu",2014,4.97229160888471
"ltu",2015,4.97229160888471
"ltu",2016,5.26106926272066
"ltu",2017,5.26106926272066
"ltu",2018,5.26106926272066
"ltu",2019,5.26106926272066
"ltu",2020,5.28261340776183
"lux",1919,6.56184080717489
"lux",1920,6.56184080717489
"lux",1921,6.56184080717489
"lux",1922,6.7857765
"lux",1923,6.7857765
"lux",1924,6.7857765
"lux",1925,6.58110043196544
"lux",1926,6.58110043196544
"lux",1927,6.58110043196544
"lux",1928,5.928377
"lux",1929,5.928377
"lux",1930,5.928377
"lux",1931,6.17415815815816
"lux",1932,6.17415815815816
"lux",1933,6.17415815815816
"lux",1934,5.54317853107345
"lux",1935,5.54317853107345
"lux",1936,5.54317853107345
"lux",1937,5.94854540709812
"lux",1938,5.94854540709812
"lux",1939,5.94854540709812
"lux",1940,5.94854540709812
"lux",1941,5.94854540709812
"lux",1942,5.94854540709812
"lux",1943,5.94854540709812
"lux",1944,5.94854540709812
"lux",1945,4.93653558780712
"lux",1946,4.93653558780712
"lux",1947,4.93653558780712
"lux",1948,4.28130272
"lux",1949,4.28130272
"lux",1950,4.28130272
"lux",1951,5.17898873
"lux",1952,5.17898873
"lux",1953,5.17898873
"lux",1954,4.88132909
"lux",1955,4.88132909
"lux",1956,4.88132909
"lux",1957,4.88132909
"lux",1958,4.88132909
"lux",1959,4.89194342224459
"lux",1960,4.89194342224459
"lux",1961,4.89194342224459
"lux",1962,4.89194342224459
"lux",1963,4.89194342224459
"lux",1964,4.51348728723404
"lux",1965,4.51348728723404
"lux",1966,4.51348728723404
"lux",1967,4.51348728723404
"lux",1968,4.64589392631262
"lux",1969,4.64589392631262
"lux",1970,4.64589392631262
"lux",1971,4.64589392631262
"lux",1972,4.64589392631262
"lux",1973,4.64589392631262
"lux",1974,4.74001588630491
"lux",1975,4.74001588630491
"lux",1976,4.74001588630491
"lux",1977,4.74001588630491
"lux",1978,4.74001588630491
"lux",1979,5.04351411146162
"lux",1980,5.04351411146162
"lux",1981,5.04351411146162
"lux",1982,5.04351411146162
"lux",1983,5.04351411146162
"lux",1984,4.86798631853263
"lux",1985,4.86798631853263
"lux",1986,4.86798631853263
"lux",1987,4.86798631853263
"lux",1988,4.86798631853263
"lux",1989,5.23260395084298
"lux",1990,5.23260395084298
"lux",1991,5.23260395084298
"lux",1992,5.23260395084298
"lux",1993,5.23260395084298
"lux",1994,5.36229288052373
"lux",1995,5.36229288052373
"lux",1996,5.36229288052373
"lux",1997,5.36229288052373
"lux",1998,5.36229288052373
"lux",1999,5.33950769927536
"lux",2000,5.33950769927536
"lux",2001,5.33950769927536
"lux",2002,5.33950769927536
"lux",2003,5.33950769927536
"lux",2004,5.24339311449159
"lux",2005,5.24339311449159
"lux",2006,5.24339311449159
"lux",2007,5.24339311449159
"lux",2008,5.24339311449159
"lux",2009,5.23616272433958
"lux",2010,5.23616272433958
"lux",2011,5.23616272433958
"lux",2012,5.23616272433958
"lux",2013,5.18873120750052
"lux",2014,5.18873120750052
"lux",2015,5.18873120750052
"lux",2016,5.18873120750052
"lux",2017,5.18873120750052
"lux",2018,5.09732917001492
"lux",2019,5.09732917001492
"lux",2020,5.09732917001492
"lva",1990,1.3
"lva",1991,1.3
"lva",1992,1.3
"lva",1993,5.5121558244916
"lva",1994,5.5121558244916
"lva",1995,5.92929330667228
"lva",1996,5.92929330667228
"lva",1997,5.92929330667228
"lva",1998,5.76417745790896
"lva",1999,5.76417745790896
"lva",2000,5.76417745790896
"lva",2001,5.76417745790896
"lva",2002,5.5553657591623
"lva",2003,5.5553657591623
"lva",2004,5.5553657591623
"lva",2005,5.5553657591623
"lva",2006,5.8464187313048
"lva",2007,5.8464187313048
"lva",2008,5.8464187313048
"lva",2009,5.8464187313048
"lva",2010,5.70430750913838
"lva",2011,5.96028641872993
"lva",2012,5.96028641872993
"lva",2013,5.96028641872993
"lva",2014,5.96048482730263
"lva",2015,5.96048482730263
"lva",2016,5.96048482730263
"lva",2017,5.96048482730263
"lva",2018,6.11736390994984
"lva",2019,6.11736390994984
"lva",2020,6.11736390994984
"mlt",1947,4.97264661695361
"mlt",1948,4.97264661695361
"mlt",1949,4.97264661695361
"mlt",1950,4.83067956856703
"mlt",1951,4.72805945146819
"mlt",1952,4.72805945146819
"mlt",1953,4.83515177
"mlt",1954,4.83515177
"mlt",1955,4.91178139255702
"mlt",1956,4.91178139255702
"mlt",1957,4.91178139255702
"mlt",1958,4.91178139255702
"mlt",1959,4.91178139255702
"mlt",1960,4.91178139255702
"mlt",1961,4.91178139255702
"mlt",1962,4.82906008044243
"mlt",1963,4.82906008044243
"mlt",1964,4.82906008044243
"mlt",1965,4.82906008044243
"mlt",1966,4.91275716434373
"mlt",1967,4.91275716434373
"mlt",1968,4.91275716434373
"mlt",1969,4.91275716434373
"mlt",1970,4.91275716434373
"mlt",1971,4.96677609326529
"mlt",1972,4.96677609326529
"mlt",1973,4.96677609326529
"mlt",1974,4.96677609326529
"mlt",1975,4.96677609326529
"mlt",1976,4.93931436143614
"mlt",1977,4.93931436143614
"mlt",1978,4.93931436143614
"mlt",1979,4.93931436143614
"mlt",1980,4.93931436143614
"mlt",1981,4.97631154115411
"mlt",1982,4.97631154115411
"mlt",1983,4.97631154115411
"mlt",1984,4.97631154115411
"mlt",1985,4.97631154115411
"mlt",1986,4.97631154115411
"mlt",1987,4.97777257967529
"mlt",1988,4.97777257967529
"mlt",1989,4.97777257967529
"mlt",1990,4.97777257967529
"mlt",1991,4.97777257967529
"mlt",1992,4.98221104441777
"mlt",1993,4.98221104441777
"mlt",1994,4.98221104441777
"mlt",1995,4.98221104441777
"mlt",1996,4.9234549819928
"mlt",1997,4.9234549819928
"mlt",1998,4.98460209020902
"mlt",1999,4.98460209020902
"mlt",2000,4.98460209020902
"mlt",2001,4.98460209020902
"mlt",2002,4.98460209020902
"mlt",2003,4.98661044208842
"mlt",2004,4.98661044208842
"mlt",2005,4.98661044208842
"mlt",2006,4.98661044208842
"mlt",2007,4.98661044208842
"mlt",2008,4.95110722043443
"mlt",2009,4.95110722043443
"mlt",2010,4.95110722043443
"mlt",2011,4.95110722043443
"mlt",2012,4.95110722043443
"mlt",2013,4.8548622286686
"mlt",2014,4.8548622286686
"mlt",2015,4.8548622286686
"mlt",2016,4.8548622286686
"mlt",2017,4.86681897538925
"mlt",2018,4.86681897538925
"mlt",2019,4.86681897538925
"mlt",2020,4.86681897538925
"nld",1918,5.25283150537634
"nld",1919,5.25283150537634
"nld",1920,5.25283150537634
"nld",1921,5.25283150537634
"nld",1922,5.35787156862745
"nld",1923,5.35787156862745
"nld",1924,5.35787156862745
"nld",1925,5.35202787056368
"nld",1926,5.35202787056368
"nld",1927,5.35202787056368
"nld",1928,5.35202787056368
"nld",1929,5.3054829369183
"nld",1930,5.3054829369183
"nld",1931,5.3054829369183
"nld",1932,5.3054829369183
"nld",1933,5.23403462749213
"nld",1934,5.23403462749213
"nld",1935,5.23403462749213
"nld",1936,5.23403462749213
"nld",1937,5.35511888544892
"nld",1938,5.35511888544892
"nld",1939,5.35511888544892
"nld",1940,5.35511888544892
"nld",1941,5.35511888544892
"nld",1942,5.35511888544892
"nld",1943,5.35511888544892
"nld",1944,5.35511888544892
"nld",1945,5.35511888544892
"nld",1946,4.85196448418713
"nld",1947,4.85196448418713
"nld",1948,5.08645169784465
"nld",1949,5.08645169784465
"nld",1950,5.08645169784465
"nld",1951,5.08645169784465
"nld",1952,5.12737009933104
"nld",1953,5.12737009933104
"nld",1954,5.12737009933104
"nld",1955,5.12737009933104
"nld",1956,5.10695044881493
"nld",1957,5.10695044881493
"nld",1958,5.10695044881493
"nld",1959,5.2285888
"nld",1960,5.2285888
"nld",1961,5.2285888
"nld",1962,5.2285888
"nld",1963,5.16320280345353
"nld",1964,5.16320280345353
"nld",1965,5.16320280345353
"nld",1966,5.16320280345353
"nld",1967,5.14205375692876
"nld",1968,5.14205375692876
"nld",1969,5.14205375692876
"nld",1970,5.14205375692876
"nld",1971,5.02256691952845
"nld",1972,4.9084287757379
"nld",1973,4.9084287757379
"nld",1974,4.9084287757379
"nld",1975,4.9084287757379
"nld",1976,4.9084287757379
"nld",1977,5.17990322025316
"nld",1978,5.17990322025316
"nld",1979,5.17990322025316
"nld",1980,5.17990322025316
"nld",1981,5.13884886988393
"nld",1982,5.30566240479334
"nld",1983,5.30566240479334
"nld",1984,5.30566240479334
"nld",1985,5.30566240479334
"nld",1986,5.24915841997961
"nld",1987,5.24915841997961
"nld",1988,5.24915841997961
"nld",1989,5.23860454912245
"nld",1990,5.23860454912245
"nld",1991,5.23860454912245
"nld",1992,5.23860454912245
"nld",1993,5.23860454912245
"nld",1994,5.43016037836114
"nld",1995,5.43016037836114
"nld",1996,5.43016037836114
"nld",1997,5.43016037836114
"nld",1998,5.16673920623526
"nld",1999,5.16673920623526
"nld",2000,5.16673920623526
"nld",2001,5.16673920623526
"nld",2002,5.7359295468278
"nld",2003,5.19796792299899
"nld",2004,5.19796792299899
"nld",2005,5.19796792299899
"nld",2006,4.87629097286702
"nld",2007,4.87629097286702
"nld",2008,4.87629097286702
"nld",2009,4.87629097286702
"nld",2010,5.44944633196721
"nld",2011,5.44944633196721
"nld",2012,5.41829324863503
"nld",2013,5.41829324863503
"nld",2014,5.41829324863503
"nld",2015,5.41829324863503
"nld",2016,5.41829324863503
"nld",2017,5.5709082340195
"nld",2018,5.5709082340195
"nld",2019,5.5709082340195
"nld",2020,5.5709082340195
"nor",1900,6.24058404907975
"nor",1901,6.24058404907975
"nor",1902,6.24058404907975
"nor",1903,6.2381896090535
"nor",1904,6.2381896090535
"nor",1905,6.2381896090535
"nor",1906,5.5864852077001
"nor",1907,5.5864852077001
"nor",1908,5.5864852077001
"nor",1909,5.78086152263374
"nor",1910,5.78086152263374
"nor",1911,5.78086152263374
"nor",1912,5.5957272361809
"nor",1913,5.5957272361809
"nor",1914,5.5957272361809
"nor",1915,5.2087638832998
"nor",1916,5.2087638832998
"nor",1917,5.2087638832998
"nor",1918,5.27446469989827
"nor",1919,5.27446469989827
"nor",1920,5.27446469989827
"nor",1921,5.35580522613065
"nor",1922,5.35580522613065
"nor",1923,5.35580522613065
"nor",1924,5.18205526579739
"nor",1925,5.18205526579739
"nor",1926,5.18205526579739
"nor",1927,4.88648382573861
"nor",1928,4.88648382573861
"nor",1929,4.88648382573861
"nor",1930,5.19365957191438
"nor",1931,5.19365957191438
"nor",1932,5.19365957191438
"nor",1933,4.94859659386896
"nor",1934,4.94859659386896
"nor",1935,4.94859659386896
"nor",1936,5.0411482016569
"nor",1937,5.0411482016569
"nor",1938,5.0411482016569
"nor",1939,5.0411482016569
"nor",1940,5.0411482016569
"nor",1941,5.0411482016569
"nor",1942,5.0411482016569
"nor",1943,5.0411482016569
"nor",1944,5.0411482016569
"nor",1945,4.44235441767068
"nor",1946,4.44235441767068
"nor",1947,4.44235441767068
"nor",1948,4.44235441767068
"nor",1949,4.71875616120907
"nor",1950,4.71875616120907
"nor",1951,4.71875616120907
"nor",1952,4.71875616120907
"nor",1953,4.67275818
"nor",1954,4.67275818
"nor",1955,4.67275818
"nor",1956,4.67275818
"nor",1957,4.63459591419816
"nor",1958,4.63459591419816
"nor",1959,4.63459591419816
"nor",1960,4.63459591419816
"nor",1961,4.65391347962382
"nor",1962,4.65391347962382
"nor",1963,4.65391347962382
"nor",1964,4.65391347962382
"nor",1965,4.65903619817998
"nor",1966,4.65903619817998
"nor",1967,4.65903619817998
"nor",1968,4.65903619817998
"nor",1969,4.67105392561983
"nor",1970,4.67105392561983
"nor",1971,4.67105392561983
"nor",1972,4.67105392561983
"nor",1973,4.8187976188084
"nor",1974,4.8187976188084
"nor",1975,4.8187976188084
"nor",1976,4.8187976188084
"nor",1977,5.05315900809717
"nor",1978,5.05315900809717
"nor",1979,5.05315900809717
"nor",1980,5.05315900809717
"nor",1981,5.34214137235116
"nor",1982,5.34214137235116
"nor",1983,5.34214137235116
"nor",1984,5.34214137235116
"nor",1985,5.22398160569106
"nor",1986,5.22398160569106
"nor",1987,5.22398160569106
"nor",1988,5.22398160569106
"nor",1989,5.28961595092025
"nor",1990,5.28961595092025
"nor",1991,5.28961595092025
"nor",1992,5.28961595092025
"nor",1993,4.81860061601643
"nor",1994,4.81860061601643
"nor",1995,4.81860061601643
"nor",1996,4.81860061601643
"nor",1997,5.24518947368421
"nor",1998,5.24518947368421
"nor",1999,5.24518947368421
"nor",2000,5.24518947368421
"nor",2001,5.43340645491803
"nor",2002,5.43340645491803
"nor",2003,5.43340645491803
"nor",2004,5.43340645491803
"nor",2005,5.40303537206932
"nor",2006,5.40303537206932
"nor",2007,5.40303537206932
"nor",2008,5.40303537206932
"nor",2009,5.54508956433637
"nor",2010,5.54508956433637
"nor",2011,5.54508956433637
"nor",2012,5.54508956433637
"nor",2013,5.65313971193416
"nor",2014,5.65313971193416
"nor",2015,5.65313971193416
"nor",2016,5.65313971193416
"nor",2017,5.47046636085627
"nor",2018,5.47046636085627
"nor",2019,5.47046636085627
"nor",2020,5.47046636085627
"nzl",1902,6.39809234171966
"nzl",1903,6.39809234171966
"nzl",1904,6.39809234171966
"nzl",1905,6.48025657265774
"nzl",1906,6.48025657265774
"nzl",1907,6.48025657265774
"nzl",1908,6.36127939066122
"nzl",1909,6.36127939066122
"nzl",1910,6.36127939066122
"nzl",1911,6.60870777556252
"nzl",1912,6.60870777556252
"nzl",1913,6.60870777556252
"nzl",1914,6.47507427742671
"nzl",1915,6.47507427742671
"nzl",1916,6.47507427742671
"nzl",1917,6.47507427742671
"nzl",1918,6.47507427742671
"nzl",1919,6.14546489668962
"nzl",1920,6.14546489668962
"nzl",1921,6.14546489668962
"nzl",1922,6.21427723659165
"nzl",1923,6.21427723659165
"nzl",1924,6.21427723659165
"nzl",1925,6.25470293411298
"nzl",1926,6.25470293411298
"nzl",1927,6.25470293411298
"nzl",1928,6.10023563892145
"nzl",1929,6.10023563892145
"nzl",1930,6.10023563892145
"nzl",1931,5.79588732218617
"nzl",1932,5.79588732218617
"nzl",1933,5.79588732218617
"nzl",1934,5.79588732218617
"nzl",1935,5.73315208568207
"nzl",1936,5.73315208568207
"nzl",1937,5.73315208568207
"nzl",1938,5.42080322580645
"nzl",1939,5.42080322580645
"nzl",1940,5.42080322580645
"nzl",1941,5.42080322580645
"nzl",1942,5.42080322580645
"nzl",1943,5.34669695721078
"nzl",1944,5.34669695721078
"nzl",1945,5.34669695721078
"nzl",1946,5.56576750175368
"nzl",1947,5.56576750175368
"nzl",1948,5.56576750175368
"nzl",1949,5.64347430758385
"nzl",1950,5.64347430758385
"nzl",1951,5.68891811354761
"nzl",1952,5.68891811354761
"nzl",1953,5.68891811354761
"nzl",1954,5.6027063893912
"nzl",1955,5.6027063893912
"nzl",1956,5.6027063893912
"nzl",1957,5.55510309805494
"nzl",1958,5.55510309805494
"nzl",1959,5.55510309805494
"nzl",1960,5.64785051691258
"nzl",1961,5.64785051691258
"nzl",1962,5.64785051691258
"nzl",1963,5.63876325063291
"nzl",1964,5.63876325063291
"nzl",1965,5.63876325063291
"nzl",1966,5.6256907593411
"nzl",1967,5.6256907593411
"nzl",1968,5.6256907593411
"nzl",1969,5.61285351883822
"nzl",1970,5.61285351883822
"nzl",1971,5.61285351883822
"nzl",1972,5.46134910641755
"nzl",1973,5.46134910641755
"nzl",1974,5.46134910641755
"nzl",1975,5.52648047313552
"nzl",1976,5.52648047313552
"nzl",1977,5.52648047313552
"nzl",1978,5.51856504913383
"nzl",1979,5.51856504913383
"nzl",1980,5.51856504913383
"nzl",1981,5.59829626168224
"nzl",1982,5.59829626168224
"nzl",1983,5.59829626168224
"nzl",1984,5.5702584
"nzl",1985,5.5702584
"nzl",1986,5.5702584
"nzl",1987,5.55599944740074
"nzl",1988,5.55599944740074
"nzl",1989,5.55599944740074
"nzl",1990,5.32573840024834
"nzl",1991,5.32573840024834
"nzl",1992,5.32573840024834
"nzl",1993,5.00234162261082
"nzl",1994,5.00234162261082
"nzl",1995,5.00234162261082
"nzl",1996,5.60629335675173
"nzl",1997,5.60629335675173
"nzl",1998,5.60629335675173
"nzl",1999,5.31494068526877
"nzl",2000,5.31494068526877
"nzl",2001,5.31494068526877
"nzl",2002,5.34423848751535
"nzl",2003,5.34423848751535
"nzl",2004,5.34423848751535
"nzl",2005,5.4307365990058
"nzl",2006,5.4307365990058
"nzl",2007,5.4307365990058
"nzl",2008,5.58951886693294
"nzl",2009,5.58951886693294
"nzl",2010,5.58951886693294
"nzl",2011,5.51289964861513
"nzl",2012,5.51289964861513
"nzl",2013,5.51289964861513
"nzl",2014,5.56947064619853
"nzl",2015,5.56947064619853
"nzl",2016,5.56947064619853
"nzl",2017,5.49970726714432
"nzl",2018,5.49970726714432
"nzl",2019,5.49970726714432
"nzl",2020,5.33267467409588
"pol",1991,4.9632003694995
"pol",1992,4.9632003694995
"pol",1993,4.67146865914405
"pol",1994,4.67146865914405
"pol",1995,4.67146865914405
"pol",1996,4.67146865914405
"pol",1997,5.12427346669044
"pol",1998,5.12427346669044
"pol",1999,5.12427346669044
"pol",2000,5.12427346669044
"pol",2001,4.77828741922456
"pol",2002,4.77828741922456
"pol",2003,4.77828741922456
"pol",2004,4.77828741922456
"pol",2005,5.95274085515548
"pol",2006,5.95274085515548
"pol",2007,6.04874558928028
"pol",2008,6.04874558928028
"pol",2009,6.04874558928028
"pol",2010,6.04874558928028
"pol",2011,6.26043989286436
"pol",2012,6.26043989286436
"pol",2013,6.26043989286436
"pol",2014,6.26043989286436
"pol",2015,6.58365739358483
"pol",2016,6.58365739358483
"pol",2017,6.58365739358483
"pol",2018,6.58365739358483
"pol",2019,6.35129963603276
"pol",2020,6.35129963603276
"prt",1975,4.64951669889081
"prt",1976,4.96691363636364
"prt",1977,4.96691363636364
"prt",1978,4.96691363636364
"prt",1979,4.35184443035299
"prt",1980,4.41387577330289
"prt",1981,4.41387577330289
"prt",1982,4.41387577330289
"prt",1983,4.71308434702069
"prt",1984,4.71308434702069
"prt",1985,4.54427074593267
"prt",1986,4.54427074593267
"prt",1987,5.12603047648515
"prt",1988,5.12603047648515
"prt",1989,5.12603047648515
"prt",1990,5.12603047648515
"prt",1991,5.2409405295528
"prt",1992,5.2409405295528
"prt",1993,5.2409405295528
"prt",1994,5.2409405295528
"prt",1995,5.03692242275925
"prt",1996,5.03692242275925
"prt",1997,5.03692242275925
"prt",1998,5.03692242275925
"prt",1999,4.88926342672196
"prt",2000,4.88926342672196
"prt",2001,4.88926342672196
"prt",2002,5.11962250505051
"prt",2003,5.11962250505051
"prt",2004,5.11962250505051
"prt",2005,4.69691212121212
"prt",2006,4.69691212121212
"prt",2007,4.69691212121212
"prt",2008,4.69691212121212
"prt",2009,4.74956788089635
"prt",2010,4.74956788089635
"prt",2011,5.13642244187238
"prt",2012,5.13642244187238
"prt",2013,5.13642244187238
"prt",2014,5.13642244187238
"prt",2015,4.53680637392297
"prt",2016,4.53680637392297
"prt",2017,4.53680637392297
"prt",2018,4.53680637392297
"prt",2019,4.58005415416451
"prt",2020,4.58005415416451
"rou",1990,5.30096954919809
"rou",1991,5.30096954919809
"rou",1992,4.99644381539441
"rou",1993,4.99644381539441
"rou",1994,4.99644381539441
"rou",1995,4.99644381539441
"rou",1996,5.08492939707051
"rou",1997,5.08492939707051
"rou",1998,5.08492939707051
"rou",1999,5.08492939707051
"rou",2000,4.84566030439684
"rou",2001,4.84566030439684
"rou",2002,4.84566030439684
"rou",2003,4.84566030439684
"rou",2004,4.99794807903403
"rou",2005,4.99794807903403
"rou",2006,4.99794807903403
"rou",2007,4.99794807903403
"rou",2008,4.87301188160234
"rou",2009,4.87301188160234
"rou",2010,4.87301188160234
"rou",2011,4.87301188160234
"rou",2012,3.51633787038006
"rou",2013,3.51633787038006
"rou",2014,3.51633787038006
"rou",2015,3.51633787038006
"rou",2016,4.79315982386245
"rou",2017,4.79315982386245
"rou",2018,4.79315982386245
"rou",2019,4.79315982386245
"rou",2020,5.39883265841376
"svk",1990,5.87543032886724
"svk",1991,5.87543032886724
"svk",1992,5.23463823743627
"svk",1993,5.23463823743627
"svk",1994,4.80938261371993
"svk",1995,4.80938261371993
"svk",1996,4.80938261371993
"svk",1997,4.80938261371993
"svk",1998,5.30550304232804
"svk",1999,5.30550304232804
"svk",2000,5.30550304232804
"svk",2001,5.30550304232804
"svk",2002,5.59843707322198
"svk",2003,5.59843707322198
"svk",2004,5.59843707322198
"svk",2005,5.59843707322198
"svk",2006,5.42664752505942
"svk",2007,5.42664752505942
"svk",2008,5.42664752505942
"svk",2009,5.42664752505942
"svk",2010,5.48552935199585
"svk",2011,5.48552935199585
"svk",2012,5.24954929577465
"svk",2013,5.24954929577465
"svk",2014,5.24954929577465
"svk",2015,5.24954929577465
"svk",2016,6.16372549572114
"svk",2017,6.16372549572114
"svk",2018,6.16372549572114
"svk",2019,6.16372549572114
"svk",2020,6.4646102524944
"svn",1990,4.85562976554536
"svn",1991,4.85562976554536
"svn",1992,4.88329520017219
"svn",1993,4.88329520017219
"svn",1994,4.88329520017219
"svn",1995,4.88329520017219
"svn",1996,5.27115334040297
"svn",1997,5.27115334040297
"svn",1998,5.27115334040297
"svn",1999,5.27115334040297
"svn",2000,4.90157958441558
"svn",2001,4.90157958441558
"svn",2002,4.90157958441558
"svn",2003,4.90157958441558
"svn",2004,5.38391334817642
"svn",2005,5.38391334817642
"svn",2006,5.38391334817642
"svn",2007,5.38391334817642
"svn",2008,4.88122514350144
"svn",2009,4.88122514350144
"svn",2010,4.88122514350144
"svn",2011,5.01180902139093
"svn",2012,5.01180902139093
"svn",2013,5.01180902139093
"svn",2014,4.39054353868492
"svn",2015,4.39054353868492
"svn",2016,4.39054353868492
"svn",2017,4.39054353868492
"svn",2018,4.57000571244497
"svn",2019,4.57000571244497
"svn",2020,4.57000571244497
"swe",1911,5.97843753753754
"swe",1912,5.97843753753754
"swe",1913,5.97843753753754
"swe",1914,5.93749315
"swe",1915,5.93749315
"swe",1916,5.93749315
"swe",1917,5.69570305010893
"swe",1918,5.69570305010893
"swe",1919,5.69570305010893
"swe",1920,5.48749227683049
"swe",1921,5.23696743718593
"swe",1922,5.23696743718593
"swe",1923,5.23696743718593
"swe",1924,5.2295
"swe",1925,5.2295
"swe",1926,5.2295
"swe",1927,5.2295
"swe",1928,5.34074334334334
"swe",1929,5.34074334334334
"swe",1930,5.34074334334334
"swe",1931,5.34074334334334
"swe",1932,4.9914583501006
"swe",1933,4.9914583501006
"swe",1934,4.9914583501006
"swe",1935,4.9914583501006
"swe",1936,4.79797837563452
"swe",1937,4.79797837563452
"swe",1938,4.79797837563452
"swe",1939,4.79797837563452
"swe",1940,4.79217077077077
"swe",1941,4.79217077077077
"swe",1942,4.79217077077077
"swe",1943,4.79217077077077
"swe",1944,4.64433544813696
"swe",1945,4.64433544813696
"swe",1946,4.64433544813696
"swe",1947,4.64433544813696
"swe",1948,4.81230610610611
"swe",1949,4.81230610610611
"swe",1950,4.81230610610611
"swe",1951,4.81230610610611
"swe",1952,4.95197517517518
"swe",1953,4.95197517517518
"swe",1954,4.95197517517518
"swe",1955,4.95197517517518
"swe",1956,5.0119267
"swe",1957,5.0119267
"swe",1958,5.0652715
"swe",1959,5.0652715
"swe",1960,4.9168082
"swe",1961,4.9168082
"swe",1962,4.9168082
"swe",1963,4.9168082
"swe",1964,4.8854026
"swe",1965,4.8854026
"swe",1966,4.8854026
"swe",1967,4.8854026
"swe",1968,4.8844021978022
"swe",1969,4.8844021978022
"swe",1970,4.87092020100502
"swe",1971,4.87092020100502
"swe",1972,4.87092020100502
"swe",1973,4.91553095477387
"swe",1974,4.91553095477387
"swe",1975,4.91553095477387
"swe",1976,4.99330110441767
"swe",1977,4.99330110441767
"swe",1978,4.99330110441767
"swe",1979,5.03566018145161
"swe",1980,5.03566018145161
"swe",1981,5.03566018145161
"swe",1982,4.99642479919679
"swe",1983,4.99642479919679
"swe",1984,4.99642479919679
"swe",1985,4.99316170854271
"swe",1986,4.99316170854271
"swe",1987,4.99316170854271
"swe",1988,4.87912963709677
"swe",1989,4.87912963709677
"swe",1990,4.87912963709677
"swe",1991,5.45077269969666
"swe",1992,5.45077269969666
"swe",1993,5.45077269969666
"swe",1994,4.94034863773966
"swe",1995,4.94034863773966
"swe",1996,4.94034863773966
"swe",1997,4.94034863773966
"swe",1998,4.96875959938367
"swe",1999,4.96875959938367
"swe",2000,4.96875959938367
"swe",2001,4.96875959938367
"swe",2002,4.9334610534879
"swe",2003,4.9334610534879
"swe",2004,4.9334610534879
"swe",2005,4.9334610534879
"swe",2006,5.3478700617284
"swe",2007,5.3478700617284
"swe",2008,5.3478700617284
"swe",2009,5.3478700617284
"swe",2010,5.57148153783729
"swe",2011,5.57148153783729
"swe",2012,5.57148153783729
"swe",2013,5.57148153783729
"swe",2014,5.61640843499114
"swe",2015,5.61640843499114
"swe",2016,5.61640843499114
"swe",2017,5.61640843499114
"swe",2018,5.74297153158643
"swe",2019,5.74297153158643
"swe",2020,5.74297153158643
"tur",1983,5.91386774799779
"tur",1984,5.91386774799779
"tur",1985,5.91386774799779
"tur",1986,5.91386774799779
"tur",1987,5.61457608319417
"tur",1988,5.61457608319417
"tur",1989,5.61457608319417
"tur",1990,5.61457608319417
"tur",1991,5.86717596938211
"tur",1992,5.86717596938211
"tur",1993,5.86717596938211
"tur",1994,5.86717596938211
"tur",1995,6.15299007568871
"tur",1996,6.15299007568871
"tur",1997,6.15299007568871
"tur",1998,6.15299007568871
"tur",1999,6.11325182283506
"tur",2000,6.11325182283506
"tur",2001,6.11325182283506
"tur",2002,6.06676776678813
"tur",2003,6.06676776678813
"tur",2004,6.06676776678813
"tur",2005,6.06676776678813
"tur",2006,6.06676776678813
"tur",2007,6.45253011007986
"tur",2008,6.45253011007986
"tur",2009,6.45253011007986
"tur",2010,6.45253011007986
"tur",2011,6.16137333777334
"tur",2012,6.16137333777334
"tur",2013,6.16137333777334
"tur",2014,6.16137333777334
"tur",2015,5.57583765980387
"tur",2016,5.57583765980387
"tur",2017,5.57583765980387
"tur",2018,5.84301615887381
"tur",2019,5.84301615887381
"tur",2020,5.84301615887381
