"country","ccode","1990","1991","1992","1993","1994","1995","1996","1997","1998","1999","2000","2001","2002","2003","2004","2005","2006","2007","2008","2009","2010","2011","2012","2013","2014","2015","2016","2017","2018","2019","2020"
"afghanistan, islamic republic of","afg",NA,NA,NA,NA,NA,NA,NA,NA,NA,NA,NA,NA,NA,NA,NA,NA,0.647536396980286,0.265050917863846,0.144005432724953,0.351764857769012,0.303060859441757,0.316451042890549,0.135695993900299,0.164555907249451,0,0,0.268035233020782,0.402343809604645,NA,NA,NA
"albania","alb",NA,NA,NA,NA,NA,NA,NA,NA,NA,NA,NA,NA,NA,NA,NA,NA,NA,NA,NA,NA,NA,0.735698640346527,0.720018327236176,0.758102476596832,0.801507949829102,0.737329185009003,0.769492030143738,0.751663982868195,0.71068811416626,0.656711041927338,0.673663556575775
"armenia, republic of","arm",NA,NA,NA,NA,NA,NA,NA,NA,NA,NA,NA,NA,NA,0.473592877388,0.505606472492218,0.760201573371887,0.468559235334396,0.479692995548248,0.53278386592865,0.605634748935699,0.724801361560822,0.457056283950806,0.480588108301163,0.508906006813049,0.46266970038414,0.470345705747604,0.419860541820526,0.434932410717011,0.4801165163517,-0.0397634580731392,0.232606753706932
"australia","aus",NA,NA,NA,NA,NA,NA,NA,NA,NA,0.327931821346283,0.335163444280624,0.39602866768837,0.429677933454514,0.418697208166122,0.409198313951492,0.409337759017944,0.403712153434753,0.385617911815643,0.390282094478607,0.395472049713135,0.407353222370148,0.401868522167206,0.382368683815002,0.357029110193253,0.3696528673172,0.378597259521484,0.373957425355911,0.378338038921356,0.366020172834396,0.35766926407814,0.325008809566498
"austria","aut",NA,NA,NA,NA,NA,0.588858008384705,0.607477486133575,0.698885023593903,0.689404606819153,0.693331658840179,0.697019934654236,0.703538954257965,0.694595396518707,0.682891368865967,0.676173210144043,0.677890539169312,0.668171584606171,0.680703699588776,0.692657172679901,0.644144415855408,0.62945544719696,0.671960890293121,0.683180868625641,0.693285942077637,0.690603792667389,0.699125707149506,0.665728092193604,0.689047515392303,0.683992087841034,0.68758887052536,0.643388628959656
"azerbaijan, republic of","aze",NA,NA,NA,NA,NA,NA,NA,NA,NA,NA,NA,NA,NA,NA,NA,NA,NA,NA,0.662853300571442,0.723560512065887,0.76505047082901,0.788148641586304,0.533671438694,0.450350075960159,0.610008418560028,0.70115739107132,0.568954944610596,0.609403192996979,0.558570623397827,0.532149791717529,NA
"belarus, republic of","blr",NA,NA,NA,NA,NA,NA,NA,NA,NA,NA,NA,NA,NA,0.166744664311409,0.167057111859322,0.204995930194855,0.299835026264191,0.350407958030701,0.303204864263535,0.258488833904266,0.329213082790375,0.378921777009964,0.323465794324875,0.31060129404068,0.251539826393127,0.181304752826691,0.141396313905716,0.134958788752556,0.164821594953537,0.18156410753727,0.198713466525078
"belgium","bel",NA,NA,NA,NA,NA,0.602936863899231,0.607430756092072,0.619306027889252,0.636838793754578,0.634476840496063,0.624865710735321,0.651148438453674,0.552192270755768,0.55949729681015,0.561934947967529,0.564007818698883,0.554616212844849,0.564135313034058,0.564726233482361,0.529608011245728,0.51873105764389,0.526837110519409,0.528678596019745,0.527978599071503,0.53192800283432,0.510817408561707,0.515885472297668,0.514544785022736,0.493381440639496,0.505962431430817,0.46124279499054
"bosnia and herzegovina","bih",NA,NA,NA,NA,NA,NA,NA,NA,NA,NA,NA,NA,NA,NA,NA,0.108991399407387,0.116283036768436,0.175554245710373,0.096000112593174,0.101423628628254,0.0826660469174385,0.0494040921330452,0.0694782510399818,0.0554983653128147,0.0730496570467949,0.0288026481866837,0.0287288576364517,0.103799290955067,0.10634333640337,0.0563792511820793,0.0910426825284958
"brazil","bra",NA,NA,NA,NA,NA,NA,NA,NA,NA,NA,NA,NA,NA,NA,NA,NA,NA,NA,NA,NA,0.321991622447968,0.34489119052887,0.337366998195648,0.320209056138992,0.318446785211563,0.300665825605392,0.322243332862854,0.319480776786804,0.329974144697189,0.337432593107224,0.38908463716507
"bulgaria","bgr",0.0891185626387596,0.248686030507088,0.354117870330811,0.459250152111053,0.466776221990585,NA,NA,NA,NA,NA,NA,NA,NA,NA,NA,NA,NA,NA,NA,NA,NA,NA,NA,NA,NA,NA,NA,NA,NA,NA,NA
"cambodia","khm",NA,NA,NA,NA,NA,NA,NA,NA,NA,NA,NA,NA,NA,NA,NA,NA,NA,NA,NA,NA,NA,NA,0.425193160772324,0.56016343832016,0.374804884195328,0.492508143186569,0.462571799755096,0.463502585887909,0.575798034667969,0.573901534080505,0.703483462333679
"canada","can",0.158235222101212,0.149318873882294,0.151193410158157,0.15343776345253,0.148815631866455,0.154709994792938,0.139541953802109,0.122968457639217,0.122711591422558,0.140759915113449,0.131464466452599,0.131858333945274,0.123483791947365,0.138731420040131,0.132513955235481,0.175086989998817,0.151239052414894,0.154863774776459,0.16284866631031,0.159287825226784,0.179459095001221,0.158704668283463,0.155339688062668,0.156577110290527,0.157063469290733,0.155849188566208,0.159370765089989,0.163405954837799,0.160474047064781,0.172391667962074,0.203954771161079
"chile","chl",NA,NA,NA,NA,NA,NA,NA,NA,NA,NA,0.345051765441895,0.347286492586136,0.341803908348084,0.339423179626465,0.34301221370697,0.312396705150604,0.306418210268021,0.289402425289154,0.347899228334427,0.346805810928345,0.450317353010178,0.440873324871063,0.479780822992325,0.499972879886627,0.525490522384644,0.503414630889893,0.510705649852753,0.528720855712891,0.535548448562622,0.530227184295654,0.523374736309052
"colombia","col",NA,NA,NA,NA,NA,NA,NA,NA,0.369740605354309,0.386075288057327,0.367995917797089,NA,NA,0.676291823387146,0.52329158782959,0.434983611106873,0.43230676651001,0.374405562877655,0.548502802848816,0.48205554485321,0.484188050031662,0.46625229716301,0.747389912605286,0.626192390918732,0.548282444477081,0.537520349025726,0.402532696723938,0.572583436965942,0.553423881530762,0.506205916404724,0.586637318134308
"costa rica","cri",NA,NA,NA,NA,NA,NA,NA,NA,NA,NA,NA,NA,0.0535217300057411,0.0194931775331497,0.188240110874176,0.488434791564941,0.638847887516022,0.996446549892426,0.225683555006981,0.185693517327309,0.144852861762047,0.127485379576683,0.143077626824379,0.0808911919593811,0.0959484428167343,NA,NA,NA,NA,NA,NA
"croatia, republic of","hrv",NA,NA,NA,NA,NA,NA,NA,NA,NA,NA,NA,NA,NA,NA,NA,NA,NA,NA,NA,NA,NA,NA,NA,NA,NA,NA,NA,NA,NA,0.456998974084854,0.467545747756958
"el salvador","slv",NA,NA,NA,NA,NA,NA,NA,NA,NA,NA,NA,NA,0.323554068803787,0.367861896753311,0.418259024620056,0.576784193515778,0.506597220897675,0.541977226734161,0.477601796388626,0.525880396366119,0.537067174911499,0.528451442718506,0.504046082496643,0.470626711845398,0.342056006193161,0.461696118116379,0.55681037902832,0.528617739677429,0.559245526790619,0.588865756988525,0.71994811296463
"estonia, republic of","est",NA,NA,NA,NA,NA,0.874910891056061,0.815523326396942,0.84204488992691,0.848369359970093,0.838255941867828,0.818698525428772,0.813688814640045,0.781780481338501,0.822522759437561,0.784231007099152,0.816380739212036,0.839683592319489,0.822326302528381,0.807051360607147,0.814868688583374,0.857312202453613,0.850961208343506,0.83028781414032,0.797631859779358,0.840997993946075,0.86687159538269,0.85335499048233,0.82712996006012,0.884860336780548,0.858720004558563,0.888018012046814
"georgia","geo",NA,NA,NA,NA,NA,0.807692348957062,0.855099499225616,0.754835307598114,0.719999969005585,0.75921905040741,0.819979906082153,0.877131402492523,0.849160552024841,0.838850677013397,0.944540500640869,0.856612145900726,0.86043107509613,0.666167378425598,0.768528521060944,0.781799614429474,0.756805598735809,0.794081151485443,0.745296597480774,0.768683254718781,0.725963890552521,0.708739757537842,0.703734874725342,0.687390744686127,0.778846621513367,0.695158898830414,0.634452223777771
"germany","deu",NA,0.164582088589668,0.14264003932476,0.119356349110603,0.099834032356739,0.0833177343010902,0.0906730592250824,0.0898771584033966,0.092084601521492,0.0886622816324234,0.0877096205949783,0.0791648477315903,0.0798941031098366,0.0746884867548943,0.0816553384065628,0.0902489125728607,0.0893877074122429,0.0916877090930939,0.0812648311257362,0.0942394807934761,0.105080224573612,0.102644681930542,0.10030223429203,0.100360885262489,0.0983096659183502,0.0978247970342636,0.0935042202472687,0.0942462608218193,0.0925202369689941,0.0891227871179581,0.140613690018654
"guatemala","gtm",NA,NA,NA,NA,NA,NA,NA,NA,NA,NA,NA,NA,NA,NA,NA,NA,NA,NA,NA,NA,NA,NA,NA,NA,0.706715226173401,0.69289755821228,0.783239603042603,0.706715226173401,0.711692810058594,0.646838366985321,0.78182327747345
"honduras","hnd",NA,NA,NA,NA,NA,NA,NA,NA,NA,NA,NA,NA,NA,0.677186548709869,0.551673352718353,0.666331589221954,0.508770346641541,0.816994547843933,0.667952537536621,0.470261752605438,0.394213676452637,0.487275540828705,0.496020883321762,0.572818219661713,0.514766871929169,0.550269961357117,NA,NA,NA,NA,NA
"hungary","hun",NA,NA,NA,NA,NA,0.638763129711151,0.617459058761597,0.558123767375946,0.527750492095947,0.519599556922913,0.486722439527512,0.512186706066132,0.475470632314682,0.530390679836273,0.483196884393692,0.486900240182877,0.473539590835571,0.478231489658356,0.64621490240097,0.611861824989319,0.620971620082855,0.71862930059433,0.642745494842529,0.872961223125458,0.764522314071655,0.589782893657684,0.510210871696472,0.504899978637695,0.507295727729797,0.505498111248016,0.55701208114624
"iceland","isl",NA,NA,NA,NA,NA,NA,NA,NA,0.0852645859122276,0.09382414072752,0.0864394307136536,0.0875213369727135,0.0757576674222946,0.0890398696064949,0.0830171033740044,0.0927289202809334,0.0962432399392128,0.105980195105076,0.0975874587893486,0.0957216992974281,0.106630101799965,0.104051813483238,0.096368171274662,0.100256107747555,0.0981398150324821,0.0952426344156265,0.102447792887688,0.0743363723158836,0.0788792222738266,0.0746322870254517,0.0877607837319374
"indonesia","idn",NA,NA,NA,NA,NA,NA,NA,NA,NA,NA,NA,NA,NA,NA,NA,NA,NA,NA,NA,NA,NA,NA,NA,NA,NA,NA,0.699237465858459,0.711544215679169,0.729045569896698,0.695081293582916,0.668944716453552
"iran, islamic republic of","irn",NA,NA,NA,NA,NA,NA,NA,NA,NA,0.0322976782917976,0.0735803619027138,0.061719574034214,0.0689117833971977,0.114713475108147,0.0620580762624741,0.0758491829037666,0.0629747956991196,0.0559259727597237,0.0445685833692551,0.0360065922141075,NA,NA,NA,NA,NA,NA,NA,NA,NA,NA,NA
"israel","isr",NA,NA,NA,NA,NA,NA,NA,NA,NA,NA,0.379869669675827,0.391430109739304,0.370327055454254,0.357005327939987,0.364923626184464,0.357616126537323,0.322691977024078,0.316173136234283,0.299133747816086,0.290324538946152,0.296623915433884,0.312003701925278,0.304456532001495,0.29932713508606,0.309610158205032,0.327189445495605,0.349247246980667,0.375006377696991,0.377192467451096,0.379801601171494,0.464132010936737
"japan","jpn",NA,NA,NA,NA,0.356748968362808,0.33217003941536,0.338372021913528,0.330983817577362,0.342506259679794,0.39379671216011,0.392590820789337,0.380405336618423,0.3677918612957,0.354921042919159,0.361086338758469,0.363840967416763,0.345956027507782,0.272982358932495,0.29667329788208,0.369891762733459,0.341402739286423,0.386935502290726,0.370746999979019,0.373689562082291,0.352328598499298,0.34002822637558,0.334043502807617,0.326838731765747,0.321901708841324,0.329798996448517,0.462898761034012
"kazakhstan, republic of","kaz",NA,NA,NA,NA,NA,NA,NA,NA,NA,NA,-0.0451887547969818,-0.132111728191376,0.083267405629158,0.159666493535042,0.26596400141716,0.274261176586151,0.359310209751129,0.433548510074615,0.56418389081955,0.627996742725372,0.606259286403656,0.625249266624451,0.600756049156189,0.583718657493591,0.591746032238007,0.541582226753235,0.554666996002197,0.52971738576889,0.481905162334442,0.57806009054184,0.545226991176605
"kenya","ken",NA,NA,NA,NA,NA,NA,NA,NA,NA,NA,NA,NA,NA,NA,NA,0.181012749671936,0.321866750717163,0,0,0,0,0.496572315692902,0.0716917663812637,NA,1.36377429962158,0.865942716598511,0.909753680229187,0.911939442157745,1.06062996387482,0.947937905788422,0.805612087249756
"kiribati","kir",NA,NA,NA,NA,NA,NA,NA,NA,NA,NA,NA,NA,NA,NA,NA,NA,NA,NA,NA,NA,NA,0.297095894813538,0.250041007995605,0.244713142514229,0.276998400688171,0.442613750696182,0.412021845579147,0.430347293615341,0.5757155418396,0.582622885704041,0.634390354156494
"korea, republic of","kor",NA,NA,NA,NA,NA,NA,NA,NA,NA,NA,NA,NA,NA,NA,NA,NA,0.585315763950348,1.00953710079193,0.578517854213715,0.496395170688629,0.531312644481659,0.585780322551727,0.508429408073425,0.529002785682678,0.498703420162201,0.485135287046433,0.521970450878143,0.53167587518692,0.588215351104736,0.614788472652435,0.566809415817261
"kyrgyz republic","kgz",NA,NA,NA,NA,NA,NA,NA,NA,NA,NA,NA,NA,NA,NA,NA,NA,0.458967119455338,0.49765408039093,0.497771054506302,0.454515635967255,0.496956408023834,0.61197566986084,0.60656601190567,0.416230469942093,0.0506493598222733,0.0846633240580559,0.157930180430412,0.281854867935181,0.206624373793602,0.138809248805046,NA
"latvia, republic of","lva",NA,NA,NA,NA,NA,0.0040937983430922,0.240239351987839,0.404676139354706,0.29636362195015,0.260423958301544,0.274896591901779,0.268844187259674,0.276575237512589,0.301308631896973,0.283855378627777,0.259878844022751,0.255514830350876,0.32664480805397,0.316466242074966,0.336020559072495,0.373929291963577,0.324172824621201,0.305223971605301,0.29738387465477,0.304299652576447,0.308208703994751,0.28831085562706,0.280724406242371,0.30146649479866,0.390564173460007,0.402365803718567
"mauritius","mus",NA,NA,NA,NA,NA,NA,NA,NA,NA,NA,NA,NA,0.627375662326813,0.767432689666748,0.772738099098206,0.774453997612,0.797818958759308,0.840971708297729,0.838081240653992,0.837527215480804,0.885561347007751,0.868283867835999,0.970890581607819,0.783520579338074,0.918972194194794,0.884622097015381,0.857806205749512,0.981918156147003,0.983564376831055,0.854163229465485,0.960473597049713
"mexico","mex",NA,NA,NA,NA,NA,NA,NA,NA,NA,NA,NA,NA,NA,NA,NA,NA,NA,NA,0.831755399703979,0.813772022724152,0.784135460853577,0.799747705459595,0.797143757343292,0.819428205490112,0.81853449344635,0.824957132339478,0.829042017459869,0.810965478420258,0.810570597648621,0.813385367393494,0.807649493217468
"moldova, republic of","mda",NA,NA,NA,NA,NA,NA,NA,NA,NA,NA,NA,NA,NA,0.310358494520187,0.30329966545105,0.386246234178543,0.409983426332474,0.468477219343185,0.508295774459839,0.554878115653992,0.617235243320465,0.538687288761139,0.481525272130966,0.454184710979462,0.634848654270172,0.667421102523804,0.738623082637787,0.720535695552826,0.715006768703461,0.731157600879669,0.760809123516083
"mongolia","mng",NA,NA,0.26839479804039,0.434592813253403,0.332961767911911,0.302601933479309,0.3724744617939,0.390014290809631,0.372142523527145,0.42670202255249,0.430841147899628,0.467747747898102,0.440866708755493,-0.0780309215188026,NA,NA,0,-0.0804909840226173,-0.0949510186910629,-0.660496354103088,-0.534845292568207,-0.304064720869064,-0.0351075418293476,0.624831140041351,0.555385112762451,0.572949945926666,0.526936054229736,0.483150511980057,0.422910809516907,0.085428275167942,0.577430963516235
"myanmar","mmr",NA,NA,NA,NA,NA,NA,NA,NA,NA,NA,NA,NA,NA,NA,NA,NA,NA,NA,NA,NA,NA,NA,0.543567538261414,0.453387439250946,0.621492028236389,0.782776951789856,0.854177892208099,0.809560894966125,0.825344800949097,0.787953615188599,NA
"namibia","nam",NA,NA,NA,NA,NA,NA,NA,NA,NA,NA,NA,NA,NA,NA,NA,NA,NA,NA,NA,NA,NA,NA,NA,NA,NA,NA,0.306478321552277,0.247246414422989,0.120338544249535,NA,NA
"nepal","npl",NA,NA,NA,NA,NA,NA,NA,NA,NA,NA,NA,NA,NA,NA,NA,NA,NA,NA,NA,NA,NA,NA,NA,NA,NA,NA,NA,NA,NA,1.23368036746979,0.774131298065186
"netherlands, the","nld",NA,NA,NA,NA,NA,0.744612991809845,0.680550217628479,0.7109015583992,0.665594398975372,0.66488653421402,0.668949663639069,0.666616797447205,0.664294362068176,0.676067471504211,0.663584113121033,0.665333449840546,0.676778554916382,0.679441213607788,0.667378962039948,0.676352918148041,0.664522111415863,0.683833777904511,0.69190114736557,0.683867275714874,0.686943590641022,0.704660594463348,0.720227837562561,0.710346639156342,0.709030091762543,0.705550372600555,0.727467477321625
"new zealand","nzl",NA,NA,NA,NA,NA,NA,NA,NA,NA,NA,NA,NA,0.0839662924408913,0.0931562632322311,0.0972146168351173,0.113566607236862,0.131458595395088,0.140921980142593,NA,0.158780738711357,0.1611198335886,0.181165918707848,0.198851987719536,0.186496332287788,0.144537329673767,0.139586880803108,0.143674209713936,0.133276417851448,0.136160656809807,0.139752686023712,0.142090573906899
"north macedonia, republic of","mkd",NA,NA,NA,NA,NA,NA,NA,NA,NA,NA,NA,NA,NA,NA,NA,NA,0.371886968612671,0.501073658466339,NA,NA,NA,NA,NA,0.602199077606201,0.631320059299469,0.612045347690582,0.61636608839035,0.620278000831604,0.749492108821869,0.612013459205627,0.684499382972717
"palau, republic of","plw",NA,NA,NA,NA,NA,NA,NA,NA,NA,NA,NA,NA,NA,NA,NA,NA,NA,NA,1,0.499170422554016,0.513225853443146,0.498801112174988,0.483690053224564,0.442674189805985,0.455513328313828,0.37962219119072,0.381326794624329,0.46519723534584,0.50613671541214,0.498093903064728,NA
"paraguay","pry",NA,NA,NA,NA,NA,NA,NA,NA,NA,NA,NA,NA,NA,NA,NA,0.501839220523834,0.469742119312286,0.533669769763947,0.452934503555298,0.542576014995575,0.542504131793976,0.435964107513428,0.554718136787415,0.580425381660461,0.449029475450516,0.454168349504471,0.362211406230927,0.507661998271942,0.519139409065247,0.628948450088501,0.678348183631897
"peru","per",NA,NA,NA,NA,NA,0.795041739940643,0.775664508342743,0.765857458114624,0.741174757480621,0.766486763954163,0.802724480628967,0.792332947254181,0.816010713577271,0.847611963748932,0.860030174255371,0.912079155445099,0.87744140625,1.06560099124908,0.879322290420532,0.799466788768768,0.811258435249329,0.950356125831604,0.869905114173889,0.854296624660492,0.896504640579224,0.914833903312683,0.865936577320099,0.93705826997757,0.897120594978333,0.974169909954071,1.04726994037628
"russian federation","rus",NA,NA,NA,NA,NA,NA,NA,NA,NA,NA,NA,NA,NA,NA,NA,0.118350818753242,0.131806075572968,0.112012192606926,0.125753596425056,0.170614272356033,0.159996941685677,0.134482175111771,0.115629732608795,0.100580886006355,0.0934675559401512,0.106116220355034,0.240810289978981,0.245883390307426,0.268165558576584,0.238226592540741,0.308922618627548
"rwanda","rwa",NA,NA,NA,NA,NA,NA,NA,NA,NA,NA,NA,NA,NA,NA,NA,NA,NA,NA,NA,NA,NA,NA,NA,NA,0.876032054424286,0.859447777271271,0.857661545276642,0.807275772094727,0.828928053379059,0.81619268655777,0.802926003932953
"senegal","sen",NA,NA,NA,NA,NA,NA,NA,NA,NA,NA,NA,NA,NA,NA,NA,NA,NA,NA,NA,NA,NA,NA,NA,NA,NA,0.540209829807281,0.525353074073792,0.449245095252991,0.852952063083649,0.990578711032867,0.953744292259216
"serbia, republic of","srb",NA,NA,NA,NA,NA,NA,NA,NA,NA,NA,NA,NA,NA,NA,NA,NA,NA,0.298521161079407,0.3462293446064,0.268327057361603,0.264143139123917,0.269082754850388,0.263012796640396,0.366533428430557,0.362336963415146,0.357161402702332,0.378309965133667,0.423603594303131,0.416163921356201,0.409988880157471,0.453782051801682
"somalia","som",NA,NA,NA,NA,NA,NA,NA,NA,NA,NA,NA,NA,NA,NA,NA,NA,NA,NA,NA,NA,NA,NA,NA,NA,NA,NA,NA,0.271088749170303,0.362058937549591,0.557877838611603,0.532649278640747
"south africa","zaf",NA,NA,NA,NA,NA,NA,0.689513921737671,0.64655464887619,0.678689122200012,0.671114027500153,0.661467850208282,0.693877577781677,0.657957673072815,0.681667923927307,0.693352818489075,0.69976007938385,0.693327963352203,0.625416696071625,0.676079869270325,0.623313069343567,0.712405443191528,0.688362538814545,0.694150626659393,0.679549515247345,0.668859660625458,0.663430273532867,0.658453345298767,0.670941293239594,0.679216265678406,0.676157772541046,0.694572806358337
"spain","esp",NA,NA,NA,NA,NA,0.55452436208725,0.55975329875946,0.520066738128662,0.509864926338196,0.526659488677979,0.525263130664825,0.526489496231079,0.491438031196594,0.486909955739975,0.496448010206223,0.472141623497009,0.472575753927231,0.462224632501602,0.448187291622162,0.478335976600647,0.399567395448685,0.281221985816956,0.365646243095398,0.433244407176971,0.416946709156036,0.408493936061859,0.435070365667343,0.446038722991943,0.445666879415512,0.424400895833969,0.490499079227448
"sweden","swe",NA,NA,NA,NA,NA,0.204426616430283,0.16669137775898,0.170769691467285,0.209837481379509,0.20712748169899,0.204490438103676,0.197103708982468,0.193355962634087,0.190171509981155,0.186005294322968,0.206973135471344,0.208727046847343,0.246567383408546,0.254458606243134,0.282648921012878,0.316141933202744,0.307597011327744,0.298486828804016,0.302758008241653,0.314268171787262,0.318363517522812,0.316894739866257,0.329629749059677,0.322737485170364,0.325378775596619,0.369252294301987
"switzerland","che",0.105170741677284,0.108476847410202,0.103548809885979,0.100351005792618,0.11059658229351,0.109211154282093,0.12153384834528,0.125555247068405,0.130997255444527,0.130914479494095,0.13203153014183,0.131771042943001,0.12909346818924,0.127443954348564,0.123772092163563,0.124751731753349,0.130633965134621,0.137638106942177,0.155219599604607,0.153632625937462,0.152877554297447,0.154057413339615,0.150963366031647,0.145131558179855,0.146467193961143,0.149753361940384,0.145750597119331,0.148008793592453,0.148219957947731,0.149182125926018,0.146772816777229
"thailand","tha",NA,NA,NA,NA,NA,NA,NA,NA,NA,NA,0.355272352695465,0.531305074691772,0.658163785934448,0.623369157314301,0.639404118061066,0.680758655071259,0.637401163578033,0.62609738111496,0.607959389686584,0.52281641960144,0.493530660867691,0.701853454113007,0.706937849521637,0.677176892757416,0.650115191936493,0.658543825149536,0.636812269687653,0.644733071327209,0.676435887813568,0.663824021816254,0.648436903953552
"tunisia","tun",NA,NA,NA,NA,NA,NA,NA,NA,NA,NA,NA,NA,NA,NA,NA,NA,NA,NA,0,0.66913104057312,0.749441564083099,0.980448186397552,0.98740154504776,NA,NA,NA,NA,NA,NA,NA,NA
"türkiye, republic of","tur",NA,NA,NA,NA,NA,NA,NA,NA,NA,NA,NA,NA,NA,NA,NA,NA,NA,NA,0.508279919624329,0.57317316532135,0.634165227413177,0.62596732378006,0.634286284446716,0.592122554779053,0.572036385536194,0.632106840610504,0.568665981292725,0.588476121425629,0.572727978229523,0.639853179454803,0.733683466911316
"uganda","uga",NA,NA,NA,NA,NA,NA,NA,NA,NA,NA,NA,0.895574688911438,0.895759463310242,0.917754113674164,0.924608469009399,0.829619824886322,0.953957736492157,0.95867520570755,0.943304359912872,0.973146617412567,0.98218709230423,0.935556948184967,0.960899353027344,0.94313907623291,0.984288454055786,0.979250550270081,1.00470793247223,1.00138819217682,0.981203198432922,0.978451550006866,0.981454849243164
"ukraine","ukr",NA,NA,NA,NA,NA,NA,NA,NA,NA,NA,NA,0.21134851872921,0.242614433169365,0.308209806680679,0.410702586174011,0.438019335269928,0.467602491378784,0.43878698348999,0.420547097921371,0.436862856149673,0.475974768400192,0.522309720516205,0.560951590538025,0.526796042919159,0.577757358551025,0.620814800262451,0.554621756076813,0.546152591705322,0.519392311573029,0.452402293682098,0.322568595409393
"united arab emirates","are",NA,NA,NA,NA,NA,NA,NA,NA,NA,NA,NA,NA,NA,NA,NA,NA,NA,NA,NA,NA,NA,-0.0807071775197983,-0.0624315179884434,-0.131337955594063,-0.115923635661602,-0.0868012979626656,-0.0873692855238914,-0.0828349962830544,-0.0887222364544868,-0.0827175155282021,-0.0445016175508499
"united kingdom","gbr",NA,NA,NA,NA,NA,0.683439493179321,0.69111293554306,0.668720841407776,0.644669651985168,0.653282165527344,0.653721332550049,0.648381769657135,0.666204214096069,0.686273515224457,0.667742788791656,0.664112746715546,0.678873300552368,0.672479271888733,0.6679527759552,0.665109992027283,0.691518068313599,0.685373187065125,0.668839633464813,0.679769158363342,0.692827999591827,0.672827184200287,0.636109888553619,0.621912717819214,0.606198012828827,0.592365145683289,0.675643086433411
"united states","usa",NA,NA,NA,NA,NA,NA,NA,NA,NA,NA,0.174700453877449,0.165731966495514,0.171754404902458,0.180168077349663,0.177856519818306,0.175650537014008,0.168144643306732,0.165430769324303,0.163803353905678,0.189957648515701,0.207276627421379,0.194342464208603,0.181623741984367,0.178823262453079,0.187554225325584,0.191568911075592,0.192957520484924,0.187698215246201,0.187386721372604,0.18940044939518,0.263185530900955
"uzbekistan, republic of","uzb",NA,NA,NA,NA,NA,NA,NA,NA,NA,NA,NA,NA,NA,NA,NA,NA,NA,NA,NA,NA,NA,NA,NA,NA,NA,NA,0.269626796245575,0.226085022091866,0.408350050449371,0.324278891086578,0.452313303947449
