"country","ccode","1972","1973","1974","1975","1976","1977","1978","1979","1980","1981","1982","1983","1984","1985","1986","1987","1988","1989","1990","1991","1992","1993","1994","1995","1996","1997","1998","1999","2000","2001","2002","2003","2004","2005","2006","2007","2008","2009","2010","2011","2012","2013","2014","2015","2016","2017","2018","2019","2020"
"afghanistan, islamic republic of","afg",NA,NA,NA,NA,NA,NA,NA,NA,NA,NA,NA,NA,NA,NA,NA,NA,NA,NA,NA,NA,NA,NA,NA,NA,NA,NA,NA,NA,NA,NA,NA,NA,NA,NA,0.0158122777938843,0.0141116725280881,0.0069872522726655,0.0185941755771637,0.00762732746079564,0.0124016813933849,0.0089168967679143,0.000423569406848401,0.000527479453012347,0.000787661178037524,0.0036799069494009,0.00117792224045843,NA,NA,NA
"albania","alb",NA,NA,NA,NA,NA,NA,NA,NA,NA,NA,NA,NA,NA,NA,NA,NA,NA,NA,NA,NA,NA,NA,NA,NA,NA,NA,NA,NA,NA,NA,NA,NA,NA,NA,NA,NA,NA,NA,NA,0.0394037254154682,0.0346131809055805,0.0357136987149715,0.0374064743518829,0.0335480272769928,0.0405459441244602,0.0456227324903011,0.0532627403736115,0.0570718683302403,0.0594137609004974
"armenia, republic of","arm",NA,NA,NA,NA,NA,NA,NA,NA,NA,NA,NA,NA,NA,NA,NA,NA,NA,NA,NA,NA,NA,NA,NA,NA,NA,NA,NA,NA,NA,NA,NA,NA,0.0315660163760185,0.0286004263907671,0.0279123298823833,0.0248401649296284,0.0219130385667086,0.0327584035694599,0.031029224395752,0.0291780792176723,0.0261455066502094,0.0210266709327698,0.021816486492753,0.0218628775328398,0.0222664456814528,0.0226144790649414,0.0205031707882881,0.0208363514393568,0.0223053265362978
"australia","aus",0.186738967895508,0.205788686871529,0.197703525424004,0.193921104073524,0.200378075242043,0.198287412524223,0.198099792003632,0.196433454751968,0.189821913838387,0.183968856930733,0.185193926095963,0.195292785763741,0.198035359382629,0.188619136810303,0.187113180756569,0.186485692858696,0.192085832357407,0.199237585067749,0.199262544512749,0.207328647375107,0.228190287947655,0.237387016415596,0.245553359389305,NA,NA,NA,NA,0.228216990828514,0.223563656210899,0.182096481323242,0.184053048491478,0.18289577960968,0.187112972140312,0.178905338048935,0.178756341338158,0.183252066373825,0.181752398610115,0.181950196623802,0.199566811323166,0.197563245892525,0.188059762120247,0.18759398162365,0.192578613758087,0.201667532324791,0.205441251397133,0.203705340623856,0.193516537547112,0.188026696443558,0.191123113036156
"austria","aut",0.306838899850845,0.298044174909592,0.306532949209213,0.314419776201248,0.315669119358063,0.310428559780121,0.304562270641327,0.302480399608612,0.301667660474777,0.305179238319397,0.305675894021988,0.305620789527893,0.302123636007309,0.342025309801102,0.344904899597168,0.344270795583725,0.308527737855911,0.312949180603027,0.309703469276428,0.313046246767044,0.307471662759781,0.302684098482132,0.318020462989807,0.078726515173912,0.0739316716790199,0.0711778625845909,0.0705510675907135,0.0700666978955269,0.0660045519471169,0.0575515925884247,0.0590991303324699,0.060241486877203,0.0603301525115967,0.0609458349645138,0.0614163167774677,0.0601801313459873,0.0596710033714771,0.0628370940685272,0.0630589500069618,0.0623182095587254,0.0624397210776806,0.0622022561728954,0.0623130574822426,0.0601932108402252,0.0633701086044312,0.0635704919695854,0.0735026970505714,0.0736966580152512,0.0773856043815613
"azerbaijan, republic of","aze",NA,NA,NA,NA,NA,NA,NA,NA,NA,NA,NA,NA,NA,NA,NA,NA,NA,NA,NA,NA,NA,NA,NA,NA,NA,NA,NA,NA,NA,NA,NA,NA,NA,NA,NA,NA,0.00964659173041582,0.0139595158398151,0.0107683464884758,0.00879596453160048,0.0088973268866539,0.0089441342279315,0.00945969857275486,0.00922466162592173,0.00871544145047665,0.00862964242696762,0.00866622012108564,0.00855668727308512,NA
"belarus, republic of","blr",NA,NA,NA,NA,NA,NA,NA,NA,NA,NA,NA,NA,NA,NA,NA,NA,NA,NA,NA,NA,NA,NA,NA,NA,NA,NA,NA,NA,NA,NA,NA,0.476730167865753,0.452429622411728,0.412776440382004,0.345851242542267,0.326604604721069,0.326814383268356,0.359132498502731,0.379998713731766,0.393045216798782,0.418191760778427,0.456895381212235,0.458686470985413,0.427967041730881,0.451127767562866,0.461267530918121,0.414608806371689,0.441119700670242,0.4502974152565
"belgium","bel",NA,NA,NA,NA,NA,NA,NA,NA,NA,NA,NA,NA,NA,NA,NA,NA,NA,NA,NA,NA,NA,NA,NA,0.104229018092155,0.108175776898861,0.108123898506165,0.104440823197365,0.107243560254574,0.098051406443119,0.104767337441444,0.14027301967144,0.147624388337135,0.144990757107735,0.148391261696815,0.151319265365601,0.156817778944969,0.147912323474884,0.163250640034676,0.160038337111473,0.162338852882385,0.154975011944771,0.161243885755539,0.157986551523209,0.197499170899391,0.241800516843796,0.237271592020988,0.224595785140991,0.237258553504944,0.249153092503548
"bosnia and herzegovina","bih",NA,NA,NA,NA,NA,NA,NA,NA,NA,NA,NA,NA,NA,NA,NA,NA,NA,NA,NA,NA,NA,NA,NA,NA,NA,NA,NA,NA,NA,NA,NA,NA,NA,0.123031251132488,0.120610520243645,0.128697663545609,0.128707870841026,0.12210001796484,0.114697732031345,0.117001682519913,0.110655464231968,0.106385052204132,0.109826013445854,0.115019723773003,0.117446593940258,0.111096747219563,0.110843434929848,0.114692889153957,0.115665785968304
"brazil","bra",NA,NA,NA,NA,NA,NA,NA,NA,NA,NA,NA,NA,NA,NA,NA,NA,NA,NA,NA,NA,NA,NA,NA,NA,NA,NA,NA,NA,NA,NA,NA,NA,NA,NA,NA,NA,NA,NA,0.395119607448578,0.383887380361557,0.393889307975769,0.39833077788353,0.407071053981781,0.407241463661194,0.405538320541382,0.411865770816803,0.411157608032227,0.419471591711044,0.436135590076447
"bulgaria","bgr",NA,NA,NA,NA,NA,NA,NA,NA,NA,NA,NA,NA,NA,NA,NA,NA,NA,NA,0.294324845075607,0.266227632761002,0.287681013345718,0.262145072221756,0.155646324157715,0.176575407385826,0.186946511268616,0.142884656786919,0.141134336590767,0.143402978777885,0.129025831818581,0.141915738582611,0.144527748227119,0.0228570643812418,0.0228078458458185,0.0249327514320612,0.0309452228248119,0.0365113839507103,0.0399855598807335,0.038944385945797,0.0398990213871002,0.0407452210783958,0.0405584238469601,0.0407625995576382,0.0418261997401714,0.0404019579291344,0.0432260073721409,0.0420657135546207,0.0432552210986614,0.0405375435948372,0.0419703237712383
"cambodia","khm",NA,NA,NA,NA,NA,NA,NA,NA,NA,NA,NA,NA,NA,NA,NA,NA,NA,NA,NA,NA,NA,NA,NA,NA,NA,NA,NA,NA,NA,NA,NA,NA,NA,NA,NA,NA,NA,NA,NA,NA,NA,NA,NA,NA,NA,NA,NA,0.088731549680233,NA
"canada","can",NA,NA,NA,NA,NA,NA,NA,NA,NA,NA,NA,NA,NA,NA,NA,NA,NA,NA,0.533762454986572,0.531332910060883,0.533786833286285,0.545732736587524,0.55923730134964,0.552777290344238,0.545400202274323,0.532374560832977,0.529650390148163,0.529321491718292,0.515995442867279,0.515665829181671,0.525169253349304,0.525325298309326,0.524029612541199,0.526066541671753,0.527540028095245,0.527185916900635,0.539985477924347,0.554066359996796,0.558049082756042,0.553600788116455,0.562353432178497,0.562410175800323,0.558836460113525,0.559885501861572,0.562290787696838,0.559425294399261,0.550601124763489,0.548693776130676,0.547905385494232
"chile","chl",NA,NA,0.0187500007450581,0.0178343951702118,0.0212849825620651,0.0182735808193684,0.0227343179285526,0.0208263359963894,0.0316077768802643,0.0237923581153154,0.0360684283077717,0.0460829511284828,0.0380045734345913,0.039529737085104,0.0383040532469749,0.0398446470499039,0.0481192395091057,NA,NA,NA,0.0693334490060806,0.0703348442912102,0.0680083557963371,0.073581300675869,0.0750468894839287,0.078833319246769,0.0837225317955017,0.0909191966056824,0.0838735401630402,0.0855491161346436,0.0849940106272697,0.0863386020064354,0.0742074400186539,0.0695215240120888,0.0583284273743629,0.0553878210484982,0.0503026507794857,0.0814035385847092,0.0703531131148338,0.0673074349761009,0.0695401653647423,0.0755297690629959,0.0802997648715973,0.0800561010837555,0.0821702256798744,0.0827799960970879,0.0827978625893593,0.087489128112793,0.0934042632579803
"colombia","col",NA,NA,NA,NA,NA,NA,NA,NA,NA,NA,NA,NA,NA,NA,NA,NA,NA,NA,NA,NA,NA,NA,NA,NA,NA,NA,0.163261979818344,0.167443379759789,0.166070640087128,NA,NA,0.207114890217781,NA,NA,NA,NA,0.173332542181015,0.176085725426674,0.184942021965981,0.155867099761963,0.204771757125854,0.187001883983612,0.169867441058159,0.163134694099426,0.190921351313591,0.19340355694294,0.196019798517227,0.199713617563248,0.205958053469658
"costa rica","cri",NA,NA,NA,NA,NA,NA,NA,NA,NA,NA,NA,NA,NA,NA,NA,NA,NA,NA,NA,NA,NA,NA,NA,NA,NA,NA,NA,NA,NA,NA,0.0307265967130661,0.0317772477865219,0.0328320004045963,0.0332862250506878,0.0365602932870388,0.0338812954723835,0.0352914519608021,0.0425201877951622,0.0431856997311115,0.0424145869910717,0.044719859957695,0.0464134998619556,0.0495677292346954,0.0502141155302525,0.0488673523068428,0.0523032322525978,0.0503238253295422,0.0503992140293121,0.0541866384446621
"croatia, republic of","hrv",NA,NA,NA,NA,NA,NA,NA,NA,NA,NA,NA,NA,NA,NA,NA,NA,NA,NA,NA,NA,NA,NA,NA,0.115494973957539,0.14031109213829,0.138239458203316,0.135338872671127,0.133104294538498,0.134807154536247,0.143461838364601,0.151630327105522,0.157958552241325,0.166784003376961,0.165413573384285,0.171695858240128,0.179862007498741,0.183479115366936,0.193033009767532,0.180846720933914,0.182241797447205,0.18979611992836,0.19552119076252,0.195169746875763,0.17340113222599,0.171722292900085,0.163886219263077,0.170935288071632,0.171519726514816,0.179334923624992
"el salvador","slv",NA,NA,NA,NA,NA,NA,NA,NA,NA,NA,NA,NA,NA,NA,NA,NA,NA,NA,NA,NA,NA,NA,NA,NA,NA,NA,NA,NA,NA,NA,0.0159270446747541,0.0155947702005506,0.022567393258214,0.0185449365526438,0.0166686270385981,0.0177580080926418,0.0486436225473881,0.0412772297859192,0.0554674081504345,0.0584471561014652,0.0594684630632401,0.0212938077747822,0.024781446903944,0.0199880357831717,0.0200792085379362,0.0179606322199106,0.0163274668157101,0.0162723399698734,0.0182503648102283
"estonia, republic of","est",NA,NA,NA,NA,NA,NA,NA,NA,NA,NA,NA,NA,NA,NA,NA,NA,NA,NA,NA,NA,NA,NA,NA,0.0120476465672255,0.0215634740889072,0.0211256630718708,0.0207900926470757,0.0219915118068457,0.0241285134106874,0.0233013089746237,0.0217071454972029,0.0191924795508385,0.0178727451711893,0.0179627686738968,0.0154252201318741,0.0137991523370147,0.0184009838849306,0.0190619342029095,0.022733885794878,0.0240657571703196,0.020589604973793,0.0175784770399332,0.0163830537348986,0.0152564840391278,0.0146977435797453,0.0138911390677094,0.012840817682445,0.0119728250429034,0.0122196478769183
"georgia","geo",NA,NA,NA,NA,NA,NA,NA,NA,NA,NA,NA,NA,NA,NA,NA,NA,NA,NA,NA,NA,NA,NA,NA,0.0783764868974686,0.0604378655552864,0.0600233115255833,0.0743467062711716,0.071700319647789,0.0630949139595032,0.054372351616621,0.062229435890913,0.0700864866375923,0.0303881838917732,0.03046197257936,0.0324189513921738,0.0294085573405027,0.0277526453137398,0.0365475751459599,0.0393836684525013,0.0359261929988861,0.0344775877892971,0.0346432812511921,0.0339565835893154,0.0362136103212833,0.0413607843220234,0.0398344844579697,0.042239498347044,0.0399908944964409,0.0395012460649014
"germany","deu",0.472550511360168,0.478093028068542,0.490352541208267,0.48675075173378,0.490096926689148,0.497578740119934,0.496872991323471,0.495865792036057,0.498616844415665,0.49180144071579,0.495517402887344,0.498339742422104,0.488756537437439,0.492909014225006,0.497865051031113,0.495508432388306,0.500165522098541,0.493243128061295,0.485738813877106,0.471156865358353,0.474920272827148,0.488146185874939,0.480199605226517,0.488203585147858,0.509469151496887,0.510717213153839,0.515599846839905,0.508780241012573,0.505170404911041,0.50055992603302,0.496515154838562,0.491964042186737,0.506587624549866,0.502486944198608,0.509146809577942,0.506842076778412,0.507732629776001,0.49453017115593,0.491057813167572,0.489836573600769,0.495196968317032,0.498506754636765,0.500539362430573,0.507346510887146,0.520956099033356,0.517537534236908,0.52284187078476,0.525009214878082,0.540684223175049
"guatemala","gtm",NA,NA,NA,NA,NA,NA,NA,NA,NA,NA,NA,NA,NA,NA,NA,NA,NA,NA,NA,NA,NA,NA,NA,NA,NA,NA,NA,NA,NA,NA,NA,NA,NA,NA,NA,NA,NA,NA,NA,NA,NA,NA,0.0373113229870796,0.0358745120465755,0.0340711623430252,0.0373113229870796,0.0375668294727802,0.0368645153939724,0.0385681912302971
"honduras","hnd",NA,NA,NA,NA,NA,NA,NA,NA,NA,NA,NA,NA,NA,NA,NA,NA,NA,NA,NA,NA,NA,NA,NA,NA,NA,NA,NA,NA,NA,NA,NA,0.0661466047167778,0.0630442798137665,0.0542299672961235,0.038588110357523,0.01537274569273,0.0381388664245605,0.046051561832428,0.0488294400274754,0.0437154099345207,0.0397170335054398,0.0405387803912163,0.0370139218866825,0.0302964523434639,NA,NA,NA,NA,NA
"hungary","hun",NA,NA,NA,NA,NA,NA,NA,NA,NA,0.131834745407104,0.133198499679565,0.12783294916153,0.118910819292068,0.156446546316147,0.118088737130165,0.115431345999241,0.119580417871475,0.124809995293617,0.112322002649307,0.0892121866345406,0.110829412937164,0.0880695879459381,0.0878198742866516,0.102219440042973,0.111422702670097,0.128613889217377,0.140818566083908,0.144220888614655,0.145554587244987,0.15501806139946,0.158619090914726,0.170730620622635,0.178250432014465,0.175139859318733,0.176254525780678,0.169012531638145,0.0978926867246628,0.100415378808975,0.0953265726566315,0.101036578416824,0.0942154377698898,0.0885671749711037,0.0846295580267906,0.0866115614771843,0.0879557207226753,0.0860382169485092,0.0863184183835983,0.0862247571349144,0.0756413117051125
"iceland","isl",0.213854014873505,0.189925119280815,0.187908858060837,0.213729545474052,0.221516758203506,0.212155267596245,0.205669850111008,0.204391166567802,0.208960711956024,0.200036555528641,0.201510891318321,0.223629370331764,0.237390503287315,0.225975707173347,0.228149399161339,0.225238263607025,0.233743980526924,0.221458122134209,0.208090588450432,0.220088914036751,0.224601030349731,0.220247432589531,0.214130729436874,0.220963090658188,0.215159922838211,0.255223780870438,0.246316432952881,0.237919598817825,0.250204205513,0.271528452634811,0.269786208868027,0.264940708875656,0.25655272603035,0.248059868812561,0.262695461511612,0.269971072673798,0.279559046030045,0.299427658319473,0.288674861192703,0.300200670957565,0.293458729982376,0.296205788850784,0.270878911018372,0.284006327390671,0.197802677750587,0.290889531373978,0.303744465112686,0.311904728412628,0.324626743793488
"indonesia","idn",NA,NA,NA,NA,NA,NA,NA,NA,NA,NA,NA,NA,NA,NA,NA,NA,NA,NA,NA,NA,NA,NA,NA,NA,NA,NA,NA,NA,NA,NA,NA,NA,NA,NA,NA,NA,NA,NA,NA,NA,NA,NA,NA,NA,0.109141066670418,0.118295341730118,0.114917680621147,0.119146317243576,0.134914517402649
"iran, islamic republic of","irn",0.299869626760483,0.283825039863586,0.329770386219025,0.317441582679749,0.341675728559494,0.34427610039711,0.433352708816528,0.597172379493713,0.722460687160492,0.717129468917847,0.784541726112366,0.8318692445755,0.860444843769073,0.862529218196869,0.900630474090576,0.916766583919525,0.937565565109253,0.9365274310112,NA,NA,NA,NA,NA,NA,NA,NA,NA,NA,NA,0.174857869744301,0.19072525203228,0.202602282166481,0.196380794048309,0.15579517185688,0.164642363786697,0.16790284216404,0.162313148379326,0.156376838684082,NA,NA,NA,NA,NA,NA,NA,NA,NA,NA,NA
"israel","isr",NA,NA,0.0476190485060215,0.0344827584922314,0.0238095242530108,0.0161290317773819,0.0306122452020645,0.0193236712366343,0.0242825616151094,0.0300096813589334,0.0240651611238718,0.0246488973498344,0.0355183035135269,0.0517855361104012,0.060736071318388,0.0669760033488274,0.0670430287718773,0.0739924684166908,0.0766225904226303,0.0731408074498177,0.0705107748508453,0.0687211379408836,0.0679431855678558,0.0692729949951172,0.0726829618215561,0.0755162388086319,0.0782177522778511,NA,0.0790146216750145,0.0797378942370415,0.0835013166069984,0.0862257331609726,0.0921437591314316,0.0912023112177849,0.0883414447307587,0.0946904942393303,0.102937616407871,0.111489847302437,0.11018530279398,0.109525576233864,0.108501598238945,0.103902198374271,0.102984972298145,0.102888107299805,0.100136741995811,0.0961705595254898,0.101733043789864,0.101219616830349,0.096360832452774
"japan","jpn",NA,NA,NA,NA,NA,NA,NA,NA,NA,NA,NA,NA,NA,NA,NA,NA,NA,NA,NA,NA,NA,NA,0.373555868864059,0.3787881731987,0.38523867726326,0.391965299844742,0.401059150695801,0.41166290640831,0.397434264421463,0.410857826471329,0.4205022752285,0.419368773698807,0.411483973264694,0.397817552089691,0.399196684360504,0.429871648550034,0.460092812776566,0.459156066179276,0.439176201820374,0.42833349108696,0.419833481311798,0.406023919582367,0.386002898216248,0.393091976642609,0.398487716913223,0.386860460042953,0.386120647192001,0.39381992816925,0.381448239088058
"kazakhstan, republic of","kaz",NA,NA,NA,NA,NA,NA,NA,NA,NA,NA,NA,NA,NA,NA,NA,NA,NA,NA,NA,NA,NA,NA,NA,NA,NA,NA,NA,NA,0.492907106876373,0.507021188735962,0.391290843486786,0.36300328373909,0.311666548252106,NA,NA,NA,NA,NA,0.196719661355019,0.158523961901665,0.211524307727814,0.178476974368095,0.202875062823296,0.275604337453842,0.201705053448677,0.254881232976913,0.226149171590805,0.217919006943703,0.328279256820679
"kenya","ken",NA,NA,NA,NA,NA,NA,NA,NA,NA,NA,NA,NA,NA,NA,NA,NA,NA,NA,NA,NA,NA,NA,NA,NA,NA,NA,NA,NA,NA,NA,NA,NA,NA,NA,NA,NA,NA,NA,NA,NA,NA,NA,0,0,0.00902939215302467,0.00746942264959216,0.00710644200444222,0.00764490710571408,0.00680914148688316
"kiribati","kir",NA,NA,NA,NA,NA,NA,NA,NA,NA,NA,NA,NA,NA,NA,NA,NA,NA,NA,NA,NA,NA,NA,NA,NA,NA,NA,NA,NA,NA,NA,NA,NA,NA,NA,NA,NA,NA,NA,NA,0.0344205461442471,0.0344425067305565,0.0319957062602043,0.0332788564264774,0.0255173500627279,0.0215696543455124,0.0275021586567163,0.0181360319256783,0.0147369923070073,0.0181432347744703
"korea, republic of","kor",NA,NA,NA,NA,NA,NA,NA,NA,NA,NA,NA,NA,NA,NA,NA,NA,NA,NA,NA,NA,NA,NA,NA,NA,NA,NA,NA,NA,NA,NA,NA,NA,NA,NA,NA,0.212358698248863,0.220469653606415,0.214700385928154,0.219676777720451,0.213747948408127,0.216184094548225,0.213722631335258,0.235003888607025,0.250788360834122,0.241040766239166,0.236042827367783,0.225867107510567,0.240184560418129,0.265440881252289
"kyrgyz republic","kgz",NA,NA,NA,NA,NA,NA,NA,NA,NA,NA,NA,NA,NA,NA,NA,NA,NA,NA,NA,NA,NA,NA,NA,NA,NA,NA,NA,NA,NA,NA,NA,NA,NA,NA,NA,NA,NA,NA,NA,NA,NA,NA,0.141356214880943,0.145599022507668,0.131245762109756,0.115063026547432,0.110371418297291,0.128812476992607,NA
"latvia, republic of","lva",NA,NA,NA,NA,NA,NA,NA,NA,NA,NA,NA,NA,NA,NA,NA,NA,NA,NA,NA,NA,NA,NA,NA,0.303774833679199,0.314290672540665,0.24164867401123,0.234168961644173,0.233272820711136,0.252650022506714,0.252281457185745,0.253502577543259,0.253592878580093,0.254229784011841,0.235361143946648,0.236864030361176,0.248688668012619,0.264561176300049,0.275194525718689,0.292417794466019,0.278198450803757,0.268604695796967,0.26338854432106,0.266321122646332,0.261739701032639,0.260075747966766,0.266456365585327,0.260040551424026,0.286117076873779,0.263365656137466
"mauritius","mus",NA,NA,NA,NA,NA,NA,NA,NA,NA,NA,NA,NA,NA,NA,NA,NA,NA,NA,NA,NA,NA,NA,NA,NA,NA,NA,NA,NA,NA,NA,0.0187347289174795,0.0171057879924774,0.0155607080087066,0.0145074566826224,0.0148640042170882,0.0159713085740805,0.0133745735511184,0.0122843729332089,0.013166967779398,0.0126427840441465,0.00925952941179276,0.00383628928102553,0.00382514949887991,0.00392048805952072,0.00371886324137449,0.0037144897505641,0.00350030697882175,0.00310405250638723,0.00358383334241807
"mexico","mex",0.203703701496124,0.234375,0.200000002980232,0.19200000166893,0.18954248726368,0.178571432828903,0.174342110753059,0.17924527823925,0.185800597071648,0.224999994039536,0.184357538819313,0.201441198587418,0.199712932109833,0.191224619746208,0.18411161005497,0.171058520674706,0.2171261459589,0.196228757500649,0.21419931948185,0.222280576825142,0.230495974421501,0.240956485271454,0.251129925251007,0.231890931725502,0.234157726168633,0.239107623696327,0.252863943576813,NA,NA,NA,NA,NA,NA,NA,NA,NA,0.0577104650437832,0.0615922622382641,0.0606909431517124,0.0646575093269348,0.0748097896575928,0.0760073587298393,0.0782000795006752,0.0669247359037399,0.0632589980959892,0.0654200538992882,0.0655023530125618,0.0669295787811279,0.0623142346739769
"moldova, republic of","mda",NA,NA,NA,NA,NA,NA,NA,NA,NA,NA,NA,NA,NA,NA,NA,NA,NA,NA,NA,NA,NA,NA,NA,NA,NA,NA,NA,NA,NA,NA,0.277993142604828,0.291892349720001,0.240890711545944,0.207323044538498,0.207778856158257,0.197295755147934,0.164062142372131,0.181358575820923,0.164234325289726,0.159474909305573,0.196867540478706,0.193720266222954,0.129029721021652,0.102097384631634,0.106239587068558,0.0949738621711731,0.0956479012966156,0.0908019617199898,0.100007295608521
"mongolia","mng",NA,NA,NA,NA,NA,NA,NA,NA,NA,NA,NA,NA,NA,NA,NA,NA,NA,NA,NA,NA,0.414478033781052,0.221719190478325,0.292719602584839,0.290519922971725,0.308472216129303,0.308958798646927,0.382323503494263,0.300386935472488,0.230836302042007,0.254893362522125,0.27836075425148,0.0671582818031311,NA,NA,0.0610139295458794,0.0837517008185387,0.0676598325371742,0.13919585943222,0.0953704193234444,0.110424563288689,0.147655293345451,0.168218731880188,0.199749156832695,0.212402641773224,0.227381661534309,0.20922726392746,0.175179123878479,0.167730867862701,0.188041195273399
"myanmar","mmr",NA,NA,NA,NA,NA,NA,NA,NA,NA,NA,NA,NA,NA,NA,NA,NA,NA,NA,NA,NA,NA,NA,NA,NA,NA,NA,NA,NA,NA,NA,NA,NA,NA,NA,NA,NA,NA,NA,NA,NA,0.012744527310133,0.0104706780984998,0.0123809557408094,0.0131614254787564,0.0171274114400148,0.0182274132966995,0.021131906658411,0.01936349645257,NA
"namibia","nam",NA,NA,NA,NA,NA,NA,NA,NA,NA,NA,NA,NA,NA,NA,NA,NA,NA,NA,NA,NA,NA,NA,NA,NA,NA,NA,NA,NA,NA,NA,NA,NA,NA,NA,NA,NA,NA,NA,NA,NA,NA,NA,NA,NA,0,0,0,NA,NA
"nepal","npl",NA,NA,NA,NA,NA,NA,NA,NA,NA,NA,NA,NA,NA,NA,NA,NA,NA,NA,NA,NA,NA,NA,NA,NA,NA,NA,NA,NA,NA,NA,NA,NA,NA,NA,NA,NA,NA,NA,NA,NA,NA,NA,NA,NA,NA,NA,NA,0.025684705004096,0.178007811307907
"netherlands, the","nld",NA,NA,NA,0.0149591229856014,0.020538566634059,0.0259115807712078,0.0342102013528347,0.0321718938648701,0.0309557318687439,0.0362054146826267,0.0401631630957127,0.0403752885758877,0.0410055629909039,0.0407619439065456,0.038507491350174,0.0582589656114578,0.0581039749085903,0.0586296208202839,0.0539006106555462,0.0457524657249451,0.0501164756715298,0.0544797778129578,0.060806181281805,0.0527236424386501,0.0550449341535568,0.0561751089990139,0.0573546215891838,0.0548636093735695,0.0559124536812305,0.0554128475487232,0.0567811839282513,0.0615019425749779,0.0638717636466026,0.0615704283118248,0.0517097637057304,0.0512644052505493,0.0525503158569336,0.0573774613440037,0.0579853653907776,0.0609547197818756,0.0651115402579308,0.0649762377142906,0.063361294567585,0.0621567629277706,0.0598464608192444,0.0561841949820518,0.055239375680685,0.0525889843702316,0.0531614571809769
"new zealand","nzl",NA,NA,NA,NA,NA,NA,NA,NA,NA,NA,NA,NA,NA,NA,NA,NA,NA,NA,NA,NA,NA,NA,NA,NA,NA,NA,NA,NA,NA,NA,NA,NA,NA,NA,NA,NA,NA,0.0663220062851906,0.0746277198195457,0.0756169185042381,0.0736538395285606,0.0718366429209709,0.0726740509271622,0.0714766681194305,0.0720674321055412,0.0707715153694153,0.070372961461544,0.070940762758255,0.0751586779952049
"north macedonia, republic of","mkd",NA,NA,NA,NA,NA,NA,NA,NA,NA,NA,NA,NA,NA,NA,NA,NA,NA,NA,NA,NA,NA,NA,NA,NA,NA,NA,NA,NA,NA,NA,NA,NA,NA,NA,0.0478202514350414,0.0517011508345604,NA,NA,NA,NA,NA,0.0750123411417007,0.0715425312519073,0.071276567876339,0.0723156556487083,0.0676464885473251,0.065344825387001,0.0675400495529175,0.0668832585215569
"palau, republic of","plw",NA,NA,NA,NA,NA,NA,NA,NA,NA,NA,NA,NA,NA,NA,NA,NA,NA,NA,NA,NA,NA,NA,NA,NA,NA,NA,NA,NA,NA,NA,NA,NA,NA,NA,NA,NA,0,0.0091021042317152,0.00479702977463603,0.00445670494809747,0.00366709264926612,0.00398469110950828,0.00374429859220982,0.00358047499321401,0.00339098274707794,0.00353389093652368,0.00324689340777695,0.00364678842015564,NA
"paraguay","pry",NA,NA,NA,NA,NA,NA,NA,NA,NA,NA,NA,NA,NA,NA,NA,NA,NA,NA,NA,NA,NA,NA,NA,NA,NA,NA,NA,NA,NA,NA,NA,NA,NA,0.0489374622702599,0.0453618541359901,0.0499989949166775,0.0499595254659653,0.0445709563791752,0.0363003946840763,0.0564812123775482,0.0510279126465321,0.0617137849330902,0.0535546205937862,0.052904412150383,0.0565888285636902,0.0505510866641998,0.0498523749411106,0.0377963595092297,0.0360092595219612
"peru","per",NA,NA,NA,NA,NA,NA,NA,NA,NA,NA,NA,NA,NA,NA,NA,NA,NA,NA,NA,NA,NA,NA,NA,0.0191313978284597,0.0202754605561495,0.0195911228656769,0.0203765463083982,0.0191618893295527,0.0202623903751373,0.0194153320044279,0.0217748358845711,0.0208585672080517,0.0215123016387224,0.0200058184564114,0.0158552154898643,0.0169718340039253,0.02204704657197,0.0236807893961668,0.022715762257576,0.0222641788423061,0.0234370790421963,0.0250430777668953,0.0239443648606539,0.0281692501157522,0.0309860985726118,0.029571421444416,0.0264636110514402,0.0271432939916849,0.0257333423942328
"russian federation","rus",NA,NA,NA,NA,NA,NA,NA,NA,NA,NA,NA,NA,NA,NA,NA,NA,NA,NA,NA,NA,NA,NA,NA,NA,NA,NA,NA,NA,NA,NA,NA,NA,NA,0.375717371702194,0.374744147062302,0.386747360229492,0.390022426843643,0.427673816680908,0.427272886037827,0.374476075172424,0.383070230484009,0.383994936943054,0.374306261539459,0.435810923576355,0.491010576486588,0.464103728532791,0.440851449966431,0.453463852405548,0.442912638187408
"rwanda","rwa",NA,NA,NA,NA,NA,NA,NA,NA,NA,NA,NA,NA,NA,NA,NA,NA,NA,NA,NA,NA,NA,NA,NA,NA,NA,NA,NA,NA,NA,NA,NA,NA,NA,NA,NA,NA,NA,NA,NA,NA,NA,NA,0.0162852127104998,0.0152811165899038,0.0345264598727226,0.0434326715767384,0.0438576005399227,0.0140558201819658,0.0185169000178576
"senegal","sen",NA,NA,NA,NA,NA,NA,NA,NA,NA,NA,NA,NA,NA,NA,NA,NA,NA,NA,NA,NA,NA,NA,NA,NA,NA,NA,NA,NA,NA,NA,NA,NA,NA,NA,NA,NA,NA,NA,NA,NA,NA,NA,NA,0.00643977010622621,0.0238866899162531,0.0281762890517712,0.00042849313467741,0.00324603752233088,0.000638125056866556
"serbia, republic of","srb",NA,NA,NA,NA,NA,NA,NA,NA,NA,NA,NA,NA,NA,NA,NA,NA,NA,NA,NA,NA,NA,NA,NA,NA,NA,NA,NA,NA,NA,NA,NA,NA,NA,NA,NA,0.133853897452354,0.134072706103325,0.130837365984917,0.132299214601517,0.143083587288857,0.184273809194565,0.0584148094058037,0.0563830994069576,0.0574275515973568,0.0559060089290142,0.0529352053999901,0.0552254058420658,0.0520680844783783,0.0520934499800205
"somalia","som",NA,NA,NA,NA,NA,NA,NA,NA,NA,NA,NA,NA,NA,NA,NA,NA,NA,NA,NA,NA,NA,NA,NA,NA,NA,NA,NA,NA,NA,NA,NA,NA,NA,NA,NA,NA,NA,NA,NA,NA,NA,NA,NA,NA,NA,0.28324031829834,0.247044593095779,0.319039821624756,0.382902860641479
"south africa","zaf",NA,NA,NA,NA,NA,0.0809154063463211,0.0750029683113098,0.071371927857399,0.0621310733258724,0.0663408786058426,0.064560741186142,0.0730426385998726,0.0617153160274029,0.0532881617546082,0.0558853186666965,0.0486553534865379,0.0445155650377274,0.0424735173583031,0.0558189749717712,0.0620759800076485,0.0690369158983231,0.0681202113628387,0.0835948884487152,0.0564822480082512,0.044922761619091,0.0709752589464188,0.0730084851384163,0.0722467973828316,0.0770638063549995,0.0621499493718147,0.0663683712482452,0.0741559788584709,0.0642111077904701,0.0614883713424206,0.0442545004189014,0.0435711964964867,0.0391278639435768,0.0491545349359512,0.0518194325268269,0.0516657084226608,0.0520059242844582,0.0529341921210289,0.0551615655422211,0.0523190386593342,0.0541312769055367,0.0543714947998524,0.0574398711323738,0.058903519064188,0.0669967755675316
"spain","esp",NA,NA,NA,NA,NA,NA,NA,NA,0.17066653072834,0.198479831218719,0.252782791852951,0.254657685756683,0.278314203023911,0.190852627158165,0.145714193582535,0.167658492922783,0.179465353488922,0.170018196105957,0.205284968018532,0.201090902090073,0.202919200062752,0.213672369718552,0.212093636393547,0.214364051818848,0.212348252534866,0.25118425488472,0.255369812250137,0.259175330400467,0.25965428352356,0.254954040050507,0.31187891960144,0.326373606920242,0.338423073291779,0.337270647287369,0.341625034809113,0.329012274742126,0.36325278878212,0.418708115816116,0.358551025390625,0.382761687040329,0.42854180932045,0.368846654891968,0.361294895410538,0.361874639987946,0.373593628406525,0.381368309259415,0.375075727701187,0.383250921964645,0.408171862363815
"sweden","swe",0.357794195413589,0.361013859510422,0.362350255250931,0.366469353437424,0.341716885566711,0.374213606119156,0.427871555089951,0.442835658788681,0.442186176776886,0.442066192626953,0.452913552522659,0.441974401473999,0.419605553150177,0.382997274398804,0.402120411396027,0.379825562238693,0.375247180461884,0.377178549766541,0.379454046487808,0.4160176217556,0.486810475587845,0.494398564100266,0.485722035169601,0.334883511066437,0.347846895456314,0.341735035181046,0.324216455221176,0.319565504789352,0.318672329187393,0.339773058891296,0.352454662322998,0.356650412082672,0.352459996938705,0.342272490262985,0.337464094161987,0.322686076164246,0.331165760755539,0.332396149635315,0.316364347934723,0.31853386759758,0.329090356826782,0.331173688173294,0.325066268444061,0.317558854818344,0.317852467298508,0.317647874355316,0.31744396686554,0.3139927983284,0.326488137245178
"switzerland","che",0.543191611766815,0.581776976585388,0.581700086593628,0.606919527053833,0.57331907749176,0.590563356876373,0.577710568904877,0.591808021068573,0.578615665435791,0.579248368740082,0.569081008434296,0.576688230037689,0.573129415512085,0.578035473823547,0.562505722045898,0.573377788066864,0.557581663131714,0.570394158363342,0.552439510822296,0.555279493331909,0.55431467294693,0.582785069942474,0.567529261112213,0.566838204860687,0.553969621658325,0.5477015376091,0.522625386714935,0.54203999042511,0.510449826717377,0.542738318443298,0.553466320037842,0.542613387107849,0.541878759860992,0.538320481777191,0.533384919166565,0.538033485412598,0.51896870136261,0.531376242637634,0.524385511875153,0.527919709682465,0.532153248786926,0.530642032623291,0.538017749786377,0.530417203903198,0.537961721420288,0.523737847805023,0.532001554965973,0.530302166938782,0.554470837116241
"thailand","tha",0.0559465177357197,0.0481506437063217,0.0523788966238499,0.069453202188015,0.0662935078144073,0.0628601163625717,0.0593804195523262,0.0533296838402748,0.0470400229096413,0.0512813404202461,0.0561958253383636,0.050201665610075,0.0536696314811707,0.0536607056856155,0.053714320063591,0.050702191889286,0.0459872186183929,0.0470779649913311,NA,NA,NA,NA,NA,0.0518814958631992,0.0560232326388359,0.0626163855195045,0.0815611779689789,0.075524814426899,0.0773788839578629,0.0858783423900604,0.0824680104851723,0.083164669573307,0.0864462926983833,0.0834318473935127,0.066421814262867,0.0671169236302376,0.0588012859225273,0.0748194009065628,0.0714110806584358,0.0777099207043648,0.0788203626871109,0.077386774122715,0.083609476685524,0.0846271514892578,0.0851520672440529,0.0915707647800446,0.0937750637531281,0.0918954163789749,0.0806142240762711
"tunisia","tun",NA,NA,NA,NA,NA,NA,NA,NA,NA,NA,NA,NA,NA,NA,NA,NA,NA,NA,NA,NA,NA,NA,NA,NA,NA,NA,NA,NA,NA,NA,NA,NA,NA,NA,NA,NA,0.02144362218678,0.0236702114343643,0.0243778768926859,0.0153944790363312,0.0196409486234188,NA,NA,NA,NA,NA,NA,NA,NA
"türkiye, republic of","tur",NA,NA,NA,NA,NA,NA,NA,NA,NA,NA,NA,NA,NA,NA,NA,NA,NA,NA,NA,NA,NA,NA,NA,NA,NA,NA,NA,NA,NA,NA,NA,NA,NA,NA,NA,NA,0.030380867421627,0.0215995311737061,0.0269322544336319,0.0280251260846853,0.0281227920204401,0.0262542106211185,0.0279536433517933,0.0255113132297993,0.0233484860509634,0.0219569019973278,0.0206981282681227,0.0203647278249264,0.0191194992512465
"uganda","uga",NA,NA,NA,NA,NA,NA,NA,NA,NA,NA,NA,NA,NA,NA,NA,NA,NA,NA,NA,NA,NA,NA,NA,NA,NA,NA,NA,NA,NA,NA,NA,NA,NA,NA,NA,NA,NA,NA,NA,NA,NA,NA,NA,0.0038498854264617,0.00340894004330039,0.00435572396963835,0.00370342447422445,0.00262642512097955,0.00378561625257134
"ukraine","ukr",NA,NA,NA,NA,NA,NA,NA,NA,NA,NA,NA,NA,NA,NA,NA,NA,NA,NA,NA,NA,NA,NA,NA,NA,NA,NA,NA,NA,NA,0.383037358522415,0.353748768568039,0.333124965429306,0.279781043529511,0.231427311897278,0.23605078458786,0.264765232801437,0.258838474750519,0.283711016178131,0.287016361951828,0.232671946287155,0.249652147293091,0.243025898933411,0.223877042531967,0.178418010473251,0.219242259860039,0.223789185285568,0.226143732666969,0.245471313595772,0.246680125594139
"united arab emirates","are",NA,NA,NA,NA,NA,NA,NA,NA,NA,NA,NA,NA,NA,NA,NA,NA,NA,NA,NA,NA,NA,NA,NA,NA,NA,NA,NA,NA,NA,NA,NA,NA,NA,NA,NA,NA,NA,NA,NA,0.997493028640747,0.997221767902374,0.996409475803375,0.996368885040283,0.99308305978775,0.993737459182739,0.994199633598328,0.995683073997498,0.93469625711441,0.942095994949341
"united kingdom","gbr",0.135008275508881,0.1326594799757,0.12833534181118,0.134680017828941,0.131035655736923,0.12983575463295,0.129011988639832,0.130522206425667,0.12872089445591,0.136952951550484,0.138027310371399,0.131949365139008,0.129521250724792,0.125176891684532,0.13390825688839,0.139277651906013,0.138651117682457,0.136833727359772,0.0658285766839981,0.0473764538764954,0.0519604980945587,0.0528642050921917,0.049244049936533,0.0450632870197296,0.0458770431578159,0.0462617911398411,0.0462023802101612,0.0469161607325077,0.0473722442984581,0.0500509925186634,0.0534575693309307,0.0571357682347298,0.057096429169178,0.0564703829586506,0.0560145564377308,0.0557664185762405,0.0555154494941235,0.0637233480811119,0.0605011098086834,0.0582440234720707,0.0589393116533756,0.0588383227586746,0.0586970821022987,0.0584141165018082,0.0579991154372692,0.0582490004599094,0.0605591908097267,0.0623893439769745,0.0697795003652573
"united states","usa",0.422608375549316,0.427198052406311,0.421065956354141,0.433087676763535,0.440436810255051,0.422693192958832,0.419425904750824,0.398302018642426,0.394796550273895,0.380788296461105,0.402134478092194,0.433584868907928,0.4411840736866,0.439868211746216,0.448196142911911,0.435978770256042,0.443731516599655,0.439163595438004,0.445615082979202,0.452517151832581,0.461721003055573,0.456431120634079,0.446906089782715,0.440533518791199,0.428687870502472,0.417863935232162,0.409192323684692,0.408465385437012,0.396163433790207,0.423568964004517,0.463373810052872,0.47686430811882,0.4777692258358,0.458356767892838,0.447060614824295,0.448163837194443,0.46880042552948,0.526108920574188,0.504304647445679,0.479619920253754,0.472211629152298,0.458631336688995,0.446338087320328,0.439624488353729,0.44622266292572,0.430504143238068,0.472376346588135,0.474089205265045,0.486705780029297
"uzbekistan, republic of","uzb",NA,NA,NA,NA,NA,NA,NA,NA,NA,NA,NA,NA,NA,NA,NA,NA,NA,NA,NA,NA,NA,NA,NA,NA,NA,NA,NA,NA,NA,NA,NA,NA,NA,NA,NA,NA,NA,NA,NA,0.345969289541245,0.321152985095978,0.306541353464127,0.302382171154022,0.296564519405365,0.292401343584061,0.305425435304642,0.252417653799057,0.321101456880569,0.211312711238861
