"ccode","country","year","vfi"
"afg","afghanistan",2006,0.466830760240555
"afg","afghanistan",2007,0.204351827502251
"afg","afghanistan",2008,-0.0073013799265027
"afg","afghanistan",2009,-0.100034102797508
"afg","afghanistan",2010,0.110443100333214
"afg","afghanistan",2011,-0.481104135513306
"afg","afghanistan",2012,-0.272376477718353
"afg","afghanistan",2013,0.2959164083004
"afg","afghanistan",2014,-0.440319657325745
"afg","afghanistan",2015,0.33333894610405
"afg","afghanistan",2016,0.358348190784454
"afg","afghanistan",2017,0.403143763542175
"alb","albania",2011,0.753796279430389
"alb","albania",2012,0.758138597011566
"alb","albania",2013,0.788613855838776
"alb","albania",2014,0.767938315868378
"alb","albania",2015,0.77595466375351
"alb","albania",2016,0.750042140483856
"alb","albania",2017,0.747035622596741
"alb","albania",2018,0.708934366703033
"alb","albania",2019,0.702026188373566
"alb","albania",2020,0.75896543264389
"are","united arab emirates",2011,-0.215951010584831
"are","united arab emirates",2012,-0.26411184668541
"are","united arab emirates",2013,-0.250667214393616
"are","united arab emirates",2014,-0.0170220769941807
"are","united arab emirates",2015,0.212009698152542
"are","united arab emirates",2016,0.0311661045998335
"are","united arab emirates",2017,-0.0677526518702507
"are","united arab emirates",2018,-0.247766777873039
"are","united arab emirates",2019,-0.149957329034805
"are","united arab emirates",2020,0.11525634676218
"arm","armenia",2003,0.407541632652283
"arm","armenia",2004,0.460635304450989
"arm","armenia",2005,0.552007973194122
"arm","armenia",2006,0.43497097492218
"arm","armenia",2007,0.571336567401886
"arm","armenia",2008,0.614448249340057
"arm","armenia",2009,0.540306329727173
"arm","armenia",2010,0.695360541343689
"arm","armenia",2011,0.47765126824379
"arm","armenia",2012,0.501215040683746
"arm","armenia",2013,0.481752127408981
"arm","armenia",2014,0.465203851461411
"arm","armenia",2015,0.399785459041595
"arm","armenia",2016,0.392226070165634
"arm","armenia",2017,0.416760355234146
"arm","armenia",2018,0.399526476860046
"arm","armenia",2019,-0.221775785088539
"arm","armenia",2020,-0.0077457325533032
"aus","australia",1999,0.314133793115616
"aus","australia",2000,0.309872180223465
"aus","australia",2001,0.417205154895782
"aus","australia",2002,0.43839567899704
"aus","australia",2003,0.411244928836823
"aus","australia",2004,0.386468708515167
"aus","australia",2005,0.394715160131454
"aus","australia",2006,0.390685141086578
"aus","australia",2007,0.398850291967392
"aus","australia",2008,0.41650977730751
"aus","australia",2009,0.457200914621353
"aus","australia",2010,0.488627344369888
"aus","australia",2011,0.461066514253616
"aus","australia",2012,0.452462613582611
"aus","australia",2013,0.429171472787857
"aus","australia",2014,0.412812292575836
"aus","australia",2015,0.396868526935577
"aus","australia",2016,0.392110854387283
"aus","australia",2017,0.402937740087509
"aus","australia",2018,0.411266833543777
"aus","australia",2019,0.420943856239319
"aus","australia",2020,0.468938648700714
"aut","austria",1995,0.625694334506989
"aut","austria",1996,0.609461426734924
"aut","austria",1997,0.668684661388397
"aut","austria",1998,0.676963865756989
"aut","austria",1999,0.695676743984222
"aut","austria",2000,0.707438468933105
"aut","austria",2001,0.691452980041504
"aut","austria",2002,0.696673512458801
"aut","austria",2003,0.683623135089874
"aut","austria",2004,0.685672402381897
"aut","austria",2005,0.683019161224365
"aut","austria",2006,0.692510426044464
"aut","austria",2007,0.691056132316589
"aut","austria",2008,0.706622838973999
"aut","austria",2009,0.712191820144653
"aut","austria",2010,0.71020370721817
"aut","austria",2011,0.702409446239471
"aut","austria",2012,0.697320342063904
"aut","austria",2013,0.698079347610474
"aut","austria",2014,0.690730452537537
"aut","austria",2015,0.692411720752716
"aut","austria",2016,0.692746758460999
"aut","austria",2017,0.689917743206024
"aut","austria",2018,0.672656834125519
"aut","austria",2019,0.68039745092392
"aut","austria",2020,0.688892126083374
"aze","azerbaijan",2008,0.709623157978058
"aze","azerbaijan",2009,0.741774380207062
"aze","azerbaijan",2010,0.781971991062164
"aze","azerbaijan",2011,0.792447030544281
"aze","azerbaijan",2012,0.847870171070099
"aze","azerbaijan",2013,0.869350731372833
"aze","azerbaijan",2014,0.793918907642365
"aze","azerbaijan",2015,0.785416662693024
"aze","azerbaijan",2016,0.603440344333649
"aze","azerbaijan",2017,0.603597640991211
"aze","azerbaijan",2018,0.545729041099548
"aze","azerbaijan",2019,0.537737250328064
"bel","belgium",1995,0.63645476102829
"bel","belgium",1996,0.620096564292908
"bel","belgium",1997,0.618710339069366
"bel","belgium",1998,0.611812949180603
"bel","belgium",1999,0.607432961463928
"bel","belgium",2000,0.625140011310577
"bel","belgium",2001,0.611709177494049
"bel","belgium",2002,0.562119841575623
"bel","belgium",2003,0.559064507484436
"bel","belgium",2004,0.560518383979797
"bel","belgium",2005,0.556050896644592
"bel","belgium",2006,0.548469305038452
"bel","belgium",2007,0.53581303358078
"bel","belgium",2008,0.558125436306
"bel","belgium",2009,0.569720149040222
"bel","belgium",2010,0.561706483364105
"bel","belgium",2011,0.557586669921875
"bel","belgium",2012,0.56050580739975
"bel","belgium",2013,0.549840331077576
"bel","belgium",2014,0.555878818035126
"bel","belgium",2015,0.567437052726746
"bel","belgium",2016,0.504964411258698
"bel","belgium",2017,0.497470915317535
"bel","belgium",2018,0.517691254615784
"bel","belgium",2019,0.51616758108139
"bel","belgium",2020,0.543844521045685
"bgr","bulgaria",1990,0.0399766005575657
"bgr","bulgaria",1991,0.221438452601433
"bgr","bulgaria",1992,0.416548281908035
"bgr","bulgaria",1993,0.451505422592163
"bgr","bulgaria",1994,0.479395776987076
"bih","bosnia and herzegovina",2005,0.0400429628789425
"bih","bosnia and herzegovina",2006,0.116143710911274
"bih","bosnia and herzegovina",2007,0.134324908256531
"bih","bosnia and herzegovina",2008,0.184338167309761
"bih","bosnia and herzegovina",2009,0.129274487495422
"bih","bosnia and herzegovina",2010,0.128311932086945
"bih","bosnia and herzegovina",2011,0.0682637915015221
"bih","bosnia and herzegovina",2012,0.16119410097599
"bih","bosnia and herzegovina",2013,0.074438638985157
"bih","bosnia and herzegovina",2014,0.0662167146801949
"bih","bosnia and herzegovina",2015,-0.0446138232946396
"bih","bosnia and herzegovina",2016,-0.0085173659026622
"bih","bosnia and herzegovina",2017,0.0299059767276049
"bih","bosnia and herzegovina",2018,0.0705577284097672
"bih","bosnia and herzegovina",2019,0.0231863837689161
"bih","bosnia and herzegovina",2020,0.180754020810127
"blr","belarus",2003,0.143214225769043
"blr","belarus",2004,0.126233622431755
"blr","belarus",2005,0.204460263252258
"blr","belarus",2006,0.280897080898285
"blr","belarus",2007,0.309053361415863
"blr","belarus",2008,0.2354806214571
"blr","belarus",2009,0.290299475193024
"blr","belarus",2010,0.346516758203506
"blr","belarus",2011,0.291781783103943
"blr","belarus",2012,0.280098080635071
"blr","belarus",2013,0.27486127614975
"blr","belarus",2014,0.226176083087921
"blr","belarus",2015,0.180527076125145
"blr","belarus",2016,0.131316944956779
"blr","belarus",2017,0.147252678871155
"blr","belarus",2018,0.16658690571785
"blr","belarus",2019,0.179397493600845
"blr","belarus",2020,0.219363883137703
"bra","brazil",2010,0.378083258867264
"bra","brazil",2011,0.346231371164322
"bra","brazil",2012,0.364413231611252
"bra","brazil",2013,0.351054340600967
"bra","brazil",2014,0.36591362953186
"bra","brazil",2015,0.363676190376282
"bra","brazil",2016,0.369194149971008
"bra","brazil",2017,0.332861006259918
"bra","brazil",2018,0.340566784143448
"bra","brazil",2019,0.314055800437927
"bra","brazil",2020,0.356811881065369
"can","canada",1990,0.204034268856049
"can","canada",1991,0.255569130182266
"can","canada",1992,0.280913800001144
"can","canada",1993,0.261411517858505
"can","canada",1994,0.221254482865334
"can","canada",1995,0.204409047961235
"can","canada",1996,0.161333248019218
"can","canada",1997,0.13362255692482
"can","canada",1998,0.140455767512321
"can","canada",1999,0.111904188990593
"can","canada",2000,0.111769065260887
"can","canada",2001,0.172786146402359
"can","canada",2002,0.188163444399834
"can","canada",2003,0.184531345963478
"can","canada",2004,0.159045249223709
"can","canada",2005,0.140557304024696
"can","canada",2006,0.137373343110085
"can","canada",2007,0.151379436254501
"can","canada",2008,0.183204174041748
"can","canada",2009,0.248929798603058
"can","canada",2010,0.263799697160721
"can","canada",2011,0.241777986288071
"can","canada",2012,0.225674778223038
"can","canada",2013,0.207022964954376
"can","canada",2014,0.184381991624832
"can","canada",2015,0.192633882164955
"can","canada",2016,0.188684701919556
"can","canada",2017,0.181648716330528
"can","canada",2018,0.181531816720963
"can","canada",2019,0.17850536108017
"can","canada",2020,0.233341917395592
"che","switzerland",1990,0.145852982997894
"che","switzerland",1991,0.193361580371857
"che","switzerland",1992,0.198243081569672
"che","switzerland",1993,0.15866482257843
"che","switzerland",1994,0.157545432448387
"che","switzerland",1995,0.150414139032364
"che","switzerland",1996,0.157417625188828
"che","switzerland",1997,0.163817226886749
"che","switzerland",1998,0.151837378740311
"che","switzerland",1999,0.117167942225933
"che","switzerland",2000,0.11714182049036
"che","switzerland",2001,0.127074480056763
"che","switzerland",2002,0.128861233592033
"che","switzerland",2003,0.158337011933327
"che","switzerland",2004,0.148858547210693
"che","switzerland",2005,0.134702414274216
"che","switzerland",2006,0.101878352463245
"che","switzerland",2007,0.0805487260222435
"che","switzerland",2008,0.113600365817547
"che","switzerland",2009,0.135103672742844
"che","switzerland",2010,0.146474376320839
"che","switzerland",2011,0.143735647201538
"che","switzerland",2012,0.16605569422245
"che","switzerland",2013,0.191305786371231
"che","switzerland",2014,0.176660746335983
"che","switzerland",2015,0.151055380702019
"che","switzerland",2016,0.14183597266674
"che","switzerland",2017,0.135135173797607
"che","switzerland",2018,0.125197604298592
"che","switzerland",2019,0.127436354756355
"che","switzerland",2020,0.172394722700119
"chl","chile",2000,0.36407482624054
"chl","chile",2001,0.341449797153473
"chl","chile",2002,0.336561799049377
"chl","chile",2003,0.33262225985527
"chl","chile",2004,0.346809476613998
"chl","chile",2005,0.25399449467659
"chl","chile",2006,0.240165635943413
"chl","chile",2007,0.23410102725029
"chl","chile",2008,0.263260006904602
"chl","chile",2009,0.302292853593826
"chl","chile",2010,0.417207986116409
"chl","chile",2011,0.386767357587814
"chl","chile",2012,0.438746958971024
"chl","chile",2013,0.456842601299286
"chl","chile",2014,0.485184580087662
"chl","chile",2015,0.485328525304794
"chl","chile",2016,0.493636280298233
"chl","chile",2017,0.492369174957275
"chl","chile",2018,0.487766683101654
"chl","chile",2019,0.493563622236252
"chl","chile",2020,0.477104038000107
"chn","china",2002,0.258142441511154
"chn","china",2003,0.242491260170937
"chn","china",2004,0.225304037332535
"col","colombia",1998,0.373626857995987
"col","colombia",1999,0.47327071428299
"col","colombia",2000,0.379301816225052
"col","colombia",2003,0.49640554189682
"col","colombia",2004,0.252927333116531
"col","colombia",2005,0.295700341463089
"col","colombia",2006,0.351265460252762
"col","colombia",2007,0.50894570350647
"col","colombia",2008,0.399182826280594
"col","colombia",2009,0.469770461320877
"col","colombia",2010,0.471555948257446
"col","colombia",2011,0.489778250455856
"col","colombia",2012,0.404032945632935
"col","colombia",2013,0.536245942115784
"col","colombia",2014,0.371743083000183
"col","colombia",2015,0.400157034397125
"col","colombia",2016,0.364249438047409
"col","colombia",2017,0.446592152118683
"col","colombia",2018,0.458255350589752
"col","colombia",2019,0.498497575521469
"col","colombia",2020,0.518636643886566
"cpv","cabo verde",2008,0.536960244178772
"cpv","cabo verde",2009,0.667191326618195
"cpv","cabo verde",2010,0.748645067214966
"cpv","cabo verde",2011,0.658588707447052
"cpv","cabo verde",2012,0.668906629085541
"cpv","cabo verde",2013,0.577910900115967
"cpv","cabo verde",2014,0.592991292476654
"cpv","cabo verde",2015,0.629060208797455
"cpv","cabo verde",2016,0.460234016180038
"cpv","cabo verde",2018,0.333234250545502
"cpv","cabo verde",2019,0.35955685377121
"cri","costa rica",2002,-0.133376151323318
"cri","costa rica",2003,-0.0448343083262444
"cri","costa rica",2004,0.0642950087785721
"cri","costa rica",2005,0.476632624864578
"cri","costa rica",2006,-0.0636326223611832
"cri","costa rica",2007,0.0281739849597216
"cri","costa rica",2008,0.176630973815918
"cri","costa rica",2009,0.1887336820364
"cri","costa rica",2010,0.169535502791405
"cri","costa rica",2011,0.140240147709847
"cri","costa rica",2012,0.132866561412811
"cri","costa rica",2013,0.0590185597538948
"cri","costa rica",2014,0.095663458108902
"deu","germany",1991,0.207612365484238
"deu","germany",1992,0.197279945015907
"deu","germany",1993,0.187237575650215
"deu","germany",1994,0.177544310688972
"deu","germany",1995,0.169762253761292
"deu","germany",1996,0.167483136057854
"deu","germany",1997,0.167551472783089
"deu","germany",1998,0.138526529073715
"deu","germany",1999,0.11840395629406
"deu","germany",2000,0.113798700273037
"deu","germany",2001,0.171659767627716
"deu","germany",2002,0.188045516610146
"deu","germany",2003,0.19035305082798
"deu","germany",2004,0.167272627353668
"deu","germany",2005,0.154469043016434
"deu","germany",2006,0.117690913379192
"deu","germany",2007,0.0659474208950996
"deu","germany",2008,0.0706681907176971
"deu","germany",2009,0.147300988435745
"deu","germany",2010,0.166967302560806
"deu","germany",2011,0.127240613102913
"deu","germany",2012,0.109471365809441
"deu","germany",2013,0.106958217918873
"deu","germany",2014,0.102057255804539
"deu","germany",2015,0.0819324776530266
"deu","germany",2016,0.0681855827569962
"deu","germany",2017,0.0503427684307098
"deu","germany",2018,0.0458719506859779
"deu","germany",2019,0.0564099363982677
"deu","germany",2020,0.175844132900238
"esp","spain",1995,0.599966406822205
"esp","spain",1996,0.602458417415619
"esp","spain",1997,0.539766430854797
"esp","spain",1998,0.533856689929962
"esp","spain",1999,0.538567304611206
"esp","spain",2000,0.551447987556458
"esp","spain",2001,0.568436861038208
"esp","spain",2002,0.526650190353394
"esp","spain",2003,0.527391850948334
"esp","spain",2004,0.500311017036438
"esp","spain",2005,0.491575092077255
"esp","spain",2006,0.471984297037125
"esp","spain",2007,0.495201289653778
"esp","spain",2008,0.557230651378632
"esp","spain",2009,0.594369769096375
"esp","spain",2010,0.60200697183609
"esp","spain",2011,0.565195560455322
"esp","spain",2012,0.451562970876694
"esp","spain",2013,0.487960606813431
"esp","spain",2014,0.484076648950577
"esp","spain",2015,0.478656560182571
"esp","spain",2016,0.447526216506958
"esp","spain",2017,0.433678269386292
"esp","spain",2018,0.431534886360168
"esp","spain",2019,0.439808577299118
"esp","spain",2020,0.488432765007019
"est","estonia",1995,0.881682097911835
"est","estonia",1996,0.862804055213928
"est","estonia",1997,0.839752435684204
"est","estonia",1998,0.864887773990631
"est","estonia",1999,0.865983545780182
"est","estonia",2000,0.854566812515259
"est","estonia",2001,0.86251312494278
"est","estonia",2002,0.836983263492584
"est","estonia",2003,0.855193853378296
"est","estonia",2004,0.856370329856873
"est","estonia",2005,0.852971851825714
"est","estonia",2006,0.859057128429413
"est","estonia",2007,0.868971407413483
"est","estonia",2008,0.865831553936005
"est","estonia",2009,0.856374561786652
"est","estonia",2010,0.83436781167984
"est","estonia",2011,0.83512544631958
"est","estonia",2012,0.847393333911896
"est","estonia",2013,0.852583408355713
"est","estonia",2014,0.842264711856842
"est","estonia",2015,0.839737117290497
"est","estonia",2016,0.839792728424072
"est","estonia",2017,0.853109121322632
"est","estonia",2018,0.860893368721008
"est","estonia",2019,0.867841899394989
"est","estonia",2020,0.884714066982269
"gbr","united kingdom",1995,0.752396941184998
"gbr","united kingdom",1996,0.738346219062805
"gbr","united kingdom",1997,0.732374250888824
"gbr","united kingdom",1998,0.716814696788788
"gbr","united kingdom",1999,0.715174615383148
"gbr","united kingdom",2000,0.720512926578522
"gbr","united kingdom",2001,0.71432101726532
"gbr","united kingdom",2002,0.718164920806885
"gbr","united kingdom",2003,0.721813499927521
"gbr","united kingdom",2004,0.728414535522461
"gbr","united kingdom",2005,0.728758275508881
"gbr","united kingdom",2006,0.716545224189758
"gbr","united kingdom",2007,0.717028439044952
"gbr","united kingdom",2008,0.724215030670166
"gbr","united kingdom",2009,0.733988761901855
"gbr","united kingdom",2010,0.676234543323517
"gbr","united kingdom",2011,0.730307996273041
"gbr","united kingdom",2012,0.720550775527954
"gbr","united kingdom",2013,0.706974983215332
"gbr","united kingdom",2014,0.698218047618866
"gbr","united kingdom",2015,0.694555342197418
"gbr","united kingdom",2016,0.685081839561462
"gbr","united kingdom",2017,0.673891663551331
"gbr","united kingdom",2018,0.665643393993378
"gbr","united kingdom",2019,0.658218622207642
"gbr","united kingdom",2020,0.673622965812683
"geo","georgia",1995,0.807692289352417
"geo","georgia",1996,0.855099499225616
"geo","georgia",1997,0.776267647743225
"geo","georgia",1998,0.72615385055542
"geo","georgia",1999,0.754157602787018
"geo","georgia",2000,0.817633271217346
"geo","georgia",2001,0.877131402492523
"geo","georgia",2002,0.854064047336578
"geo","georgia",2003,0.836352288722992
"geo","georgia",2004,0.904163420200348
"geo","georgia",2005,0.87518572807312
"geo","georgia",2006,0.834087252616882
"geo","georgia",2007,0.748448550701141
"geo","georgia",2008,0.786538302898407
"geo","georgia",2009,0.762171804904938
"geo","georgia",2010,0.767578363418579
"geo","georgia",2011,0.742585957050323
"geo","georgia",2012,0.763944208621979
"geo","georgia",2013,0.709837317466736
"geo","georgia",2014,0.675903618335724
"geo","georgia",2015,0.689078986644745
"geo","georgia",2016,0.6519935131073
"geo","georgia",2017,0.598992109298706
"geo","georgia",2018,0.566007614135742
"geo","georgia",2019,0.639759361743927
"geo","georgia",2020,0.740585505962372
"gtm","guatemala",2014,0.700248301029205
"gtm","guatemala",2015,0.661112725734711
"gtm","guatemala",2016,0.6599240899086
"gtm","guatemala",2017,0.700248301029205
"gtm","guatemala",2018,0.663910269737244
"gtm","guatemala",2019,0.702767610549927
"gtm","guatemala",2020,0.668802201747894
"hnd","honduras",2003,0.650937914848328
"hnd","honduras",2004,0.63053560256958
"hnd","honduras",2005,0.69612067937851
"hnd","honduras",2006,0.667998611927032
"hnd","honduras",2007,0.859029591083527
"hnd","honduras",2008,0.683328568935394
"hnd","honduras",2009,0.606473565101624
"hnd","honduras",2010,0.539812445640564
"hnd","honduras",2011,0.615499138832092
"hnd","honduras",2012,0.596051573753357
"hnd","honduras",2013,0.655414879322052
"hnd","honduras",2014,0.551779627799988
"hnd","honduras",2015,0.507469236850739
"hrv","croatia",2019,0.488944053649902
"hrv","croatia",2020,0.536981403827667
"hun","hungary",1995,0.628223836421967
"hun","hungary",1996,0.585994839668274
"hun","hungary",1997,0.55982369184494
"hun","hungary",1998,0.551750123500824
"hun","hungary",1999,0.519419848918915
"hun","hungary",2000,0.509758949279785
"hun","hungary",2001,0.502383410930634
"hun","hungary",2002,0.54386579990387
"hun","hungary",2003,0.542257010936737
"hun","hungary",2004,0.505723476409912
"hun","hungary",2005,0.529797196388245
"hun","hungary",2006,0.536610543727875
"hun","hungary",2007,0.488045334815979
"hun","hungary",2008,0.640152752399445
"hun","hungary",2009,0.645089983940125
"hun","hungary",2010,0.689600944519043
"hun","hungary",2011,0.665160477161407
"hun","hungary",2012,0.58824211359024
"hun","hungary",2013,0.536247372627258
"hun","hungary",2014,0.588725566864014
"hun","hungary",2015,0.568257033824921
"hun","hungary",2016,0.461498349905014
"hun","hungary",2017,0.496183812618256
"hun","hungary",2018,0.496259391307831
"hun","hungary",2019,0.519229173660278
"hun","hungary",2020,0.547973930835724
"idn","indonesia",2016,0.69924008846283
"idn","indonesia",2017,0.672974228858948
"idn","indonesia",2018,0.696505188941956
"idn","indonesia",2019,0.683259606361389
"idn","indonesia",2020,0.736350238323212
"irn","iran, islamic rep.",1999,0.0496434383094311
"irn","iran, islamic rep.",2000,-0.148055598139763
"irn","iran, islamic rep.",2001,0.0183999352157116
"irn","iran, islamic rep.",2002,0.0083637684583663
"irn","iran, islamic rep.",2003,-0.135647088289261
"irn","iran, islamic rep.",2004,-0.243133261799812
"irn","iran, islamic rep.",2005,-0.21420119702816
"irn","iran, islamic rep.",2006,-0.144842743873596
"irn","iran, islamic rep.",2007,0.030584929510951
"irn","iran, islamic rep.",2008,0.0289472974836826
"irn","iran, islamic rep.",2009,0.0024741624947637
"isl","iceland",1998,0.146901905536652
"isl","iceland",1999,0.130308017134666
"isl","iceland",2000,0.114304803311825
"isl","iceland",2001,0.138233304023743
"isl","iceland",2002,0.176166519522667
"isl","iceland",2003,0.148290246725082
"isl","iceland",2004,0.142743960022926
"isl","iceland",2005,0.0888253003358841
"isl","iceland",2006,0.076366551220417
"isl","iceland",2007,0.061541061848402
"isl","iceland",2008,0.158922001719475
"isl","iceland",2009,0.167857840657234
"isl","iceland",2010,0.169573485851288
"isl","iceland",2011,0.126849114894867
"isl","iceland",2012,0.134750247001648
"isl","iceland",2013,0.134873539209366
"isl","iceland",2014,0.162967637181282
"isl","iceland",2015,0.144734174013138
"isl","iceland",2016,0.106048189103603
"isl","iceland",2017,0.1695297062397
"isl","iceland",2018,0.124272830784321
"isl","iceland",2019,0.120950073003769
"isl","iceland",2020,0.151340529322624
"isr","israel",2000,0.367423802614212
"isr","israel",2001,0.38590133190155
"isr","israel",2002,0.399711579084396
"isr","israel",2003,0.408278942108154
"isr","israel",2004,0.319026678800583
"isr","israel",2005,0.294528305530548
"isr","israel",2006,0.281248241662979
"isr","israel",2007,0.280562102794647
"isr","israel",2008,0.289186120033264
"isr","israel",2009,0.271885097026825
"isr","israel",2010,0.250986933708191
"isr","israel",2011,0.264706492424011
"isr","israel",2012,0.306304693222046
"isr","israel",2013,0.336133033037186
"isr","israel",2014,0.31372806429863
"isr","israel",2015,0.306924879550934
"isr","israel",2016,0.330934554338455
"isr","israel",2017,0.363102912902832
"isr","israel",2018,0.396429091691971
"isr","israel",2019,0.386292070150375
"isr","israel",2020,0.445628792047501
"jpn","japan",1994,0.494612574577332
"jpn","japan",1995,0.506000816822052
"jpn","japan",1996,0.490181058645248
"jpn","japan",1997,0.470516592264175
"jpn","japan",1998,0.48959293961525
"jpn","japan",1999,0.488958895206451
"jpn","japan",2000,0.451123714447021
"jpn","japan",2001,0.44120267033577
"jpn","japan",2002,0.455118060112
"jpn","japan",2003,0.443186074495316
"jpn","japan",2004,0.409821391105652
"jpn","japan",2005,0.380021989345551
"jpn","japan",2006,0.339770644903183
"jpn","japan",2007,0.274026185274124
"jpn","japan",2008,0.277325123548508
"jpn","japan",2009,0.381697297096252
"jpn","japan",2010,0.373508036136627
"jpn","japan",2011,0.38157257437706
"jpn","japan",2012,0.376599699258804
"jpn","japan",2013,0.377235978841782
"jpn","japan",2014,0.373817771673203
"jpn","japan",2015,0.34234157204628
"jpn","japan",2016,0.343515068292618
"jpn","japan",2017,0.336822211742401
"jpn","japan",2018,0.323717504739761
"jpn","japan",2019,0.334753572940826
"jpn","japan",2020,0.467970043420792
"kaz","kazakhstan",2000,-0.0929132997989655
"kaz","kazakhstan",2001,-0.151224657893181
"kaz","kazakhstan",2002,0.102377466857433
"kaz","kazakhstan",2003,0.14555312693119
"kaz","kazakhstan",2004,0.292424589395523
"kaz","kazakhstan",2005,0.325336694717407
"kaz","kazakhstan",2006,0.325420707464218
"kaz","kazakhstan",2007,0.387563616037369
"kaz","kazakhstan",2008,0.528505921363831
"kaz","kazakhstan",2009,0.573466181755066
"kaz","kazakhstan",2010,0.566948056221008
"kaz","kazakhstan",2011,0.58020281791687
"kaz","kazakhstan",2012,0.58641916513443
"kaz","kazakhstan",2013,0.567031800746918
"kaz","kazakhstan",2014,0.564398050308228
"kaz","kazakhstan",2015,0.517853081226349
"kaz","kazakhstan",2016,0.547541737556458
"kaz","kazakhstan",2017,0.512388646602631
"kaz","kazakhstan",2018,0.472595423460007
"kaz","kazakhstan",2019,0.548848509788513
"kaz","kazakhstan",2020,0.585046648979187
"ken","kenya",2005,0.628940582275391
"ken","kenya",2006,0.374204009771347
"ken","kenya",2007,0.411225855350494
"ken","kenya",2008,0.405775755643845
"ken","kenya",2009,0.316419094800949
"ken","kenya",2010,0.381879478693008
"ken","kenya",2011,0.603639125823975
"ken","kenya",2012,0.548705637454987
"ken","kenya",2014,0.82359367609024
"ken","kenya",2015,0.868883371353149
"ken","kenya",2016,0.884631276130676
"ken","kenya",2017,0.901856303215027
"ken","kenya",2018,0.900307893753052
"ken","kenya",2019,0.897489309310913
"ken","kenya",2020,0.89993417263031
"kgz","kyrgyz republic",2006,0.444234043359756
"kgz","kyrgyz republic",2007,0.496771812438965
"kgz","kyrgyz republic",2008,0.474388211965561
"kgz","kyrgyz republic",2009,0.476235181093216
"kgz","kyrgyz republic",2010,0.502733290195465
"kgz","kyrgyz republic",2011,0.603274464607239
"kgz","kyrgyz republic",2012,0.606426298618317
"kgz","kyrgyz republic",2013,0.391788363456726
"kgz","kyrgyz republic",2014,0.0328101478517056
"kgz","kyrgyz republic",2015,0.0602433830499649
"kgz","kyrgyz republic",2016,0.155202224850655
"kgz","kyrgyz republic",2017,0.23525033891201
"kgz","kyrgyz republic",2018,0.193303182721138
"kgz","kyrgyz republic",2019,0.119220800697804
"khm","cambodia",2012,0.125239282846451
"khm","cambodia",2013,-0.0937795415520668
"khm","cambodia",2014,0.253711074590683
"khm","cambodia",2015,0.366612493991852
"khm","cambodia",2016,0.410654485225677
"khm","cambodia",2017,0.30142617225647
"khm","cambodia",2018,0.230785354971886
"khm","cambodia",2019,0.295689105987549
"khm","cambodia",2020,0.224449500441551
"kir","kiribati",2011,0.192033678293228
"kir","kiribati",2012,0.268912315368652
"kir","kiribati",2013,0.299022704362869
"kir","kiribati",2014,0.287536710500717
"kir","kiribati",2015,0.354467630386353
"kir","kiribati",2016,0.358646780252457
"kir","kiribati",2017,0.485957026481628
"kir","kiribati",2018,0.396539509296417
"kir","kiribati",2019,0.418989390134811
"kir","kiribati",2020,0.388301968574524
"kor","korea, rep.",2006,0.538429498672485
"kor","korea, rep.",2007,0.282575279474258
"kor","korea, rep.",2008,0.529125809669495
"kor","korea, rep.",2009,0.600920975208282
"kor","korea, rep.",2010,0.550875186920166
"kor","korea, rep.",2011,0.569796442985535
"kor","korea, rep.",2012,0.51187652349472
"kor","korea, rep.",2013,0.520113527774811
"kor","korea, rep.",2014,0.4749656021595
"kor","korea, rep.",2015,0.455936521291733
"kor","korea, rep.",2016,0.47875589132309
"kor","korea, rep.",2017,0.482484370470047
"kor","korea, rep.",2018,0.537024974822998
"kor","korea, rep.",2019,0.560892581939697
"kor","korea, rep.",2020,0.605017244815826
"lva","latvia",1995,0.0183869618922472
"lva","latvia",1996,-0.0211020316928625
"lva","latvia",1997,0.327240854501724
"lva","latvia",1998,0.255498379468918
"lva","latvia",1999,0.31910052895546
"lva","latvia",2000,0.301784306764603
"lva","latvia",2001,0.345086842775345
"lva","latvia",2002,0.365460008382797
"lva","latvia",2003,0.319013297557831
"lva","latvia",2004,0.32142835855484
"lva","latvia",2005,0.284379363059998
"lva","latvia",2006,0.303404003381729
"lva","latvia",2007,0.391467124223709
"lva","latvia",2008,0.417180895805359
"lva","latvia",2009,0.471540093421936
"lva","latvia",2010,0.406653344631195
"lva","latvia",2011,0.377577364444733
"lva","latvia",2012,0.346435010433197
"lva","latvia",2013,0.343022435903549
"lva","latvia",2014,0.332735985517502
"lva","latvia",2015,0.281306326389313
"lva","latvia",2016,0.267105787992477
"lva","latvia",2017,0.306094825267792
"lva","latvia",2018,0.360536754131317
"lva","latvia",2019,0.333300411701202
"lva","latvia",2020,0.419982254505157
"mda","moldova",2003,0.267555385828018
"mda","moldova",2004,0.295206129550934
"mda","moldova",2005,0.428085774183273
"mda","moldova",2006,0.46946993470192
"mda","moldova",2007,0.452030599117279
"mda","moldova",2008,0.550056338310242
"mda","moldova",2009,0.587862133979797
"mda","moldova",2010,0.613462448120117
"mda","moldova",2011,0.597750902175903
"mda","moldova",2012,0.495565861463547
"mda","moldova",2013,0.462999701499939
"mda","moldova",2014,0.655128419399261
"mda","moldova",2015,0.709285140037537
"mda","moldova",2016,0.673307597637177
"mda","moldova",2017,0.706442534923553
"mda","moldova",2018,0.705676198005676
"mda","moldova",2019,0.743756651878357
"mda","moldova",2020,0.741999268531799
"mex","mexico",2008,0.80967652797699
"mex","mexico",2009,0.822723805904388
"mex","mexico",2010,0.815474092960358
"mex","mexico",2011,0.812911033630371
"mex","mexico",2012,0.795425474643707
"mex","mexico",2013,0.803073763847351
"mex","mexico",2014,0.801380336284637
"mex","mexico",2015,0.800297737121582
"mex","mexico",2016,0.798186421394348
"mex","mexico",2017,0.791999459266663
"mex","mexico",2018,0.797095835208893
"mex","mexico",2019,0.797499537467957
"mex","mexico",2020,0.815927982330322
"mhl","marshall islands",2008,1
"mhl","marshall islands",2009,1
"mhl","marshall islands",2010,1
"mhl","marshall islands",2011,1
"mhl","marshall islands",2012,1
"mhl","marshall islands",2013,1
"mhl","marshall islands",2014,1
"mhl","marshall islands",2015,1
"mhl","marshall islands",2016,1
"mhl","marshall islands",2017,1
"mhl","marshall islands",2018,1
"mkd","north macedonia",2006,0.395574569702148
"mkd","north macedonia",2007,0.425123512744904
"mkd","north macedonia",2013,0.6309614777565
"mkd","north macedonia",2014,0.630258798599243
"mkd","north macedonia",2015,0.605317056179047
"mkd","north macedonia",2016,0.611589372158051
"mkd","north macedonia",2017,0.639251589775085
"mkd","north macedonia",2018,0.598866105079651
"mkd","north macedonia",2019,0.647667407989502
"mkd","north macedonia",2020,0.706287324428558
"mmr","myanmar",2012,0.498339056968689
"mmr","myanmar",2013,0.545047700405121
"mmr","myanmar",2014,0.62319153547287
"mmr","myanmar",2015,0.799547791481018
"mmr","myanmar",2016,0.816324830055237
"mmr","myanmar",2017,0.842195332050323
"mmr","myanmar",2018,0.776616752147675
"mmr","myanmar",2019,0.791454911231995
"mng","mongolia",1992,0.128481730818748
"mng","mongolia",1993,0.362613379955292
"mng","mongolia",1994,0.322175592184067
"mng","mongolia",1995,0.362794518470764
"mng","mongolia",1996,0.385383129119873
"mng","mongolia",1997,0.389605522155762
"mng","mongolia",1998,0.420946329832077
"mng","mongolia",1999,0.430768191814423
"mng","mongolia",2000,0.508023142814636
"mng","mongolia",2001,0.453246742486954
"mng","mongolia",2002,0.402151703834534
"mng","mongolia",2003,-0.139802783727646
"mng","mongolia",2006,0.069801039993763
"mng","mongolia",2007,-0.0364789701998234
"mng","mongolia",2008,-0.0991966426372528
"mng","mongolia",2009,-0.759158849716187
"mng","mongolia",2010,-0.573932290077209
"mng","mongolia",2011,-0.468514323234558
"mng","mongolia",2012,-0.227800220251083
"mng","mongolia",2013,0.564457833766937
"mng","mongolia",2014,0.57427853345871
"mng","mongolia",2015,0.594403386116028
"mng","mongolia",2016,0.59334260225296
"mng","mongolia",2017,0.472666382789612
"mng","mongolia",2018,0.420221567153931
"mng","mongolia",2019,0.0619631633162498
"mng","mongolia",2020,0.567490637302399
"mus","mauritius",2002,0.598627805709839
"mus","mauritius",2003,0.726669013500214
"mus","mauritius",2004,0.781238317489624
"mus","mauritius",2005,0.788960754871368
"mus","mauritius",2006,0.772740483283997
"mus","mauritius",2007,0.733028471469879
"mus","mauritius",2008,0.730945885181427
"mus","mauritius",2009,0.763803899288177
"mus","mauritius",2010,0.780611336231232
"mus","mauritius",2011,0.768849670886993
"mus","mauritius",2012,0.803689301013947
"mus","mauritius",2013,0.842772960662842
"mus","mauritius",2014,0.808586657047272
"mus","mauritius",2015,0.816055834293365
"mus","mauritius",2016,0.840141475200653
"mus","mauritius",2017,0.841062724590302
"mus","mauritius",2018,0.866508185863495
"mus","mauritius",2019,0.883613348007202
"mus","mauritius",2020,0.876450181007385
"nam","namibia",2016,0.371017217636108
"nam","namibia",2017,0.223774433135986
"nam","namibia",2018,0.820587038993835
"nld","netherlands",1995,0.743699431419373
"nld","netherlands",1996,0.667606830596924
"nld","netherlands",1997,0.656621932983398
"nld","netherlands",1998,0.666082322597504
"nld","netherlands",1999,0.664204061031342
"nld","netherlands",2000,0.669971406459808
"nld","netherlands",2001,0.680523335933685
"nld","netherlands",2002,0.698783338069916
"nld","netherlands",2003,0.706442177295685
"nld","netherlands",2004,0.686631798744202
"nld","netherlands",2005,0.686915397644043
"nld","netherlands",2006,0.697794556617737
"nld","netherlands",2007,0.704658925533295
"nld","netherlands",2008,0.71728527545929
"nld","netherlands",2009,0.735844969749451
"nld","netherlands",2010,0.73726749420166
"nld","netherlands",2011,0.728931486606598
"nld","netherlands",2012,0.72245591878891
"nld","netherlands",2013,0.710740208625793
"nld","netherlands",2014,0.704647362232208
"nld","netherlands",2015,0.718087017536163
"nld","netherlands",2016,0.71540892124176
"nld","netherlands",2017,0.715767502784729
"nld","netherlands",2018,0.723010659217834
"nld","netherlands",2019,0.726880013942719
"nld","netherlands",2020,0.748358905315399
"npl","nepal",2019,0.847312748432159
"npl","nepal",2020,0.539827227592468
"nzl","new zealand",2002,0.301723152399063
"nzl","new zealand",2003,0.117723122239113
"nzl","new zealand",2004,0.144480898976326
"nzl","new zealand",2005,0.122433610260487
"nzl","new zealand",2006,0.216070979833603
"nzl","new zealand",2007,0.11747333407402
"nzl","new zealand",2009,0.284178167581558
"nzl","new zealand",2010,0.263227194547653
"nzl","new zealand",2011,0.269151598215103
"nzl","new zealand",2012,0.254156410694122
"nzl","new zealand",2013,0.302971810102463
"nzl","new zealand",2014,0.216820269823074
"nzl","new zealand",2015,0.212000757455826
"nzl","new zealand",2016,0.182474762201309
"nzl","new zealand",2017,0.179063901305199
"nzl","new zealand",2018,0.163099437952042
"nzl","new zealand",2019,0.150507807731628
"nzl","new zealand",2020,0.185104936361313
"per","peru",1995,0.786934375762939
"per","peru",1996,0.782094538211823
"per","peru",1997,0.782032907009125
"per","peru",1998,0.740046501159668
"per","peru",1999,0.788438022136688
"per","peru",2000,0.791477918624878
"per","peru",2001,0.789655148983002
"per","peru",2002,0.803694009780884
"per","peru",2003,0.82311749458313
"per","peru",2004,0.821493923664093
"per","peru",2005,0.838448405265808
"per","peru",2006,0.859544396400452
"per","peru",2007,0.8595290184021
"per","peru",2008,0.850673317909241
"per","peru",2009,0.845136165618896
"per","peru",2010,0.868684470653534
"per","peru",2011,0.847872197628021
"per","peru",2012,0.868049919605255
"per","peru",2013,0.87643963098526
"per","peru",2014,0.880116760730743
"per","peru",2015,0.863692879676819
"per","peru",2016,0.860845565795898
"per","peru",2017,0.872748911380768
"per","peru",2018,0.883916795253754
"per","peru",2019,0.877265334129334
"per","peru",2020,0.916753172874451
"plw","palau",2008,1
"plw","palau",2009,0.446790605783463
"plw","palau",2010,0.4436154961586
"plw","palau",2011,0.393341869115829
"plw","palau",2012,0.113646306097507
"plw","palau",2013,0.0874781012535095
"plw","palau",2014,0.0067130560055375
"plw","palau",2015,0.0849955007433891
"plw","palau",2016,0.341598033905029
"plw","palau",2017,0.526729822158813
"plw","palau",2018,0.503441035747528
"plw","palau",2019,0.484198033809662
"pry","paraguay",2005,0.4929059445858
"pry","paraguay",2006,0.458543092012405
"pry","paraguay",2007,0.389492601156235
"pry","paraguay",2008,0.425418853759766
"pry","paraguay",2009,0.502540230751038
"pry","paraguay",2010,0.476456493139267
"pry","paraguay",2011,0.480205446481705
"pry","paraguay",2012,0.628307640552521
"pry","paraguay",2013,0.540267050266266
"pry","paraguay",2014,0.532957792282104
"pry","paraguay",2015,0.527667820453644
"pry","paraguay",2016,0.460107237100601
"pry","paraguay",2017,0.561087489128113
"pry","paraguay",2018,0.539908885955811
"pry","paraguay",2019,0.62571257352829
"pry","paraguay",2020,0.641174614429474
"rus","russian federation",2005,0.0923084616661072
"rus","russian federation",2006,0.0819801613688469
"rus","russian federation",2007,0.0573635548353195
"rus","russian federation",2008,0.136569157242775
"rus","russian federation",2009,0.191804692149162
"rus","russian federation",2010,0.135388880968094
"rus","russian federation",2011,0.130879580974579
"rus","russian federation",2012,0.0931483805179596
"rus","russian federation",2013,0.11044230312109
"rus","russian federation",2014,0.0888973250985146
"rus","russian federation",2015,0.0961595103144646
"rus","russian federation",2016,0.185967013239861
"rus","russian federation",2017,0.193872272968292
"rus","russian federation",2018,0.180360928177834
"rus","russian federation",2019,0.195579454302788
"rus","russian federation",2020,0.367021799087524
"rwa","rwanda",2014,0.89028936624527
"rwa","rwanda",2015,0.843633234500885
"rwa","rwanda",2016,0.851724088191986
"rwa","rwanda",2017,0.832201600074768
"rwa","rwanda",2018,0.827682733535767
"rwa","rwanda",2019,0.854700565338135
"rwa","rwanda",2020,0.85543155670166
"sen","senegal",2015,0.629896581172943
"sen","senegal",2016,0.311373054981232
"sen","senegal",2017,0.382211744785309
"sen","senegal",2018,0.830163240432739
"sen","senegal",2019,0.746800482273102
"sen","senegal",2020,0.866127073764801
"slv","el salvador",2002,0.355406552553177
"slv","el salvador",2003,0.422310769557953
"slv","el salvador",2004,0.343949049711227
"slv","el salvador",2005,0.553457379341125
"slv","el salvador",2006,0.420833319425583
"slv","el salvador",2007,0.492335826158524
"slv","el salvador",2008,0.566063344478607
"slv","el salvador",2009,0.493027657270432
"slv","el salvador",2010,0.497327446937561
"slv","el salvador",2011,0.561169683933258
"slv","el salvador",2012,0.553992867469788
"slv","el salvador",2013,0.549828171730042
"slv","el salvador",2014,0.487402826547623
"slv","el salvador",2015,0.477539092302322
"slv","el salvador",2016,0.38950788974762
"slv","el salvador",2017,0.530489087104797
"slv","el salvador",2018,0.559245526790619
"slv","el salvador",2019,0.541353404521942
"slv","el salvador",2020,0.533583164215088
"som","somalia",2017,0.286728322505951
"som","somalia",2018,0.34947544336319
"som","somalia",2019,0.431866347789764
"som","somalia",2020,0.450676411390305
"srb","serbia",2007,0.339701294898987
"srb","serbia",2008,0.354842960834503
"srb","serbia",2009,0.383288949728012
"srb","serbia",2010,0.355065375566483
"srb","serbia",2011,0.333697319030762
"srb","serbia",2012,0.259885370731354
"srb","serbia",2013,0.3558649122715
"srb","serbia",2014,0.340461313724518
"srb","serbia",2015,0.352255612611771
"srb","serbia",2016,0.355678915977478
"srb","serbia",2017,0.394984275102615
"srb","serbia",2018,0.410133123397827
"srb","serbia",2019,0.420643240213394
"srb","serbia",2020,0.444325685501099
"swe","sweden",1995,0.220218390226364
"swe","sweden",1996,0.180964916944504
"swe","sweden",1997,0.190785929560661
"swe","sweden",1998,0.21643628180027
"swe","sweden",1999,0.221352443099022
"swe","sweden",2000,0.202155753970146
"swe","sweden",2001,0.207131117582321
"swe","sweden",2002,0.216964557766914
"swe","sweden",2003,0.203128695487976
"swe","sweden",2004,0.184242695569992
"swe","sweden",2005,0.189484819769859
"swe","sweden",2006,0.203309208154678
"swe","sweden",2007,0.242579162120819
"swe","sweden",2008,0.259303659200668
"swe","sweden",2009,0.292512059211731
"swe","sweden",2010,0.310180962085724
"swe","sweden",2011,0.323230087757111
"swe","sweden",2012,0.30748239159584
"swe","sweden",2013,0.307134568691254
"swe","sweden",2014,0.331375181674957
"swe","sweden",2015,0.333996623754501
"swe","sweden",2016,0.340257227420807
"swe","sweden",2017,0.339312940835953
"swe","sweden",2018,0.3500956594944
"swe","sweden",2019,0.362017780542374
"swe","sweden",2020,0.359055191278458
"tha","thailand",2000,0.302157819271088
"tha","thailand",2001,0.318354398012161
"tha","thailand",2002,0.416963487863541
"tha","thailand",2003,0.392210066318512
"tha","thailand",2004,0.432203382253647
"tha","thailand",2005,0.515439450740814
"tha","thailand",2006,0.581084966659546
"tha","thailand",2007,0.600651741027832
"tha","thailand",2008,0.648885130882263
"tha","thailand",2009,0.539799630641937
"tha","thailand",2010,0.539432764053345
"tha","thailand",2011,0.551175475120544
"tha","thailand",2012,0.609745621681213
"tha","thailand",2013,0.605506896972656
"tha","thailand",2014,0.614730358123779
"tha","thailand",2015,0.606945097446442
"tha","thailand",2016,0.609234869480133
"tha","thailand",2017,0.556610524654388
"tha","thailand",2018,0.51683384180069
"tha","thailand",2019,0.552330732345581
"tha","thailand",2020,0.658247649669647
"tun","tunisia",2008,-0.19826965034008
"tun","tunisia",2009,0.634494602680206
"tun","tunisia",2010,0.631422162055969
"tun","tunisia",2011,0.750714719295502
"tun","tunisia",2012,0.683639526367188
"tur","turkiye",2008,0.689396739006042
"tur","turkiye",2009,0.72448194026947
"tur","turkiye",2010,0.551923513412476
"tur","turkiye",2011,0.562224268913269
"tur","turkiye",2012,0.564244091510773
"tur","turkiye",2013,0.602935433387756
"tur","turkiye",2014,0.591758549213409
"tur","turkiye",2015,0.595496118068695
"tur","turkiye",2016,0.649493157863617
"tur","turkiye",2017,0.689399182796478
"tur","turkiye",2018,0.695029735565186
"tur","turkiye",2019,0.659985780715942
"tur","turkiye",2020,0.629572689533234
"uga","uganda",2001,0.875915467739105
"uga","uganda",2002,0.894217967987061
"uga","uganda",2003,0.893997430801392
"uga","uganda",2004,0.899046182632446
"uga","uganda",2005,0.911428868770599
"uga","uganda",2006,0.904536902904511
"uga","uganda",2007,0.932866632938385
"uga","uganda",2008,0.916682422161102
"uga","uganda",2009,0.945939064025879
"uga","uganda",2010,0.934683740139008
"uga","uganda",2011,0.954432904720306
"uga","uganda",2012,0.957131266593933
"uga","uganda",2013,0.955130100250244
"uga","uganda",2014,0.954769670963287
"uga","uganda",2015,0.954354524612427
"uga","uganda",2016,0.955155909061432
"uga","uganda",2017,0.95278263092041
"uga","uganda",2018,0.9586141705513
"uga","uganda",2019,0.969699859619141
"uga","uganda",2020,0.958121478557587
"ukr","ukraine",2001,0.224932789802551
"ukr","ukraine",2002,0.223371684551239
"ukr","ukraine",2003,0.290563583374023
"ukr","ukraine",2004,0.430986911058426
"ukr","ukraine",2005,0.43541756272316
"ukr","ukraine",2006,0.465971797704697
"ukr","ukraine",2007,0.414864659309387
"ukr","ukraine",2008,0.433172732591629
"ukr","ukraine",2009,0.450475990772247
"ukr","ukraine",2010,0.478404104709625
"ukr","ukraine",2011,0.519235014915466
"ukr","ukraine",2012,0.548659384250641
"ukr","ukraine",2013,0.521381080150604
"ukr","ukraine",2014,0.550439298152924
"ukr","ukraine",2015,0.568596839904785
"ukr","ukraine",2016,0.509315490722656
"ukr","ukraine",2017,0.533848226070404
"ukr","ukraine",2018,0.533952951431274
"ukr","ukraine",2019,0.462748229503632
"ukr","ukraine",2020,0.336853116750717
"usa","united states",2000,0.0592080466449261
"usa","united states",2001,0.271137088537216
"usa","united states",2002,0.306797236204147
"usa","united states",2003,0.308952569961548
"usa","united states",2004,0.287806183099747
"usa","united states",2005,0.257987648248672
"usa","united states",2006,0.240930274128914
"usa","united states",2007,0.255438208580017
"usa","united states",2008,0.284325331449509
"usa","united states",2009,0.345033496618271
"usa","united states",2010,0.338494062423706
"usa","united states",2011,0.309667319059372
"usa","united states",2012,0.29229199886322
"usa","united states",2013,0.278057873249054
"usa","united states",2014,0.274756073951721
"usa","united states",2015,0.272753983736038
"usa","united states",2016,0.283006072044373
"usa","united states",2017,0.273615956306458
"usa","united states",2018,0.260992437601089
"usa","united states",2019,0.24898536503315
"usa","united states",2020,0.259944409132004
"uzb","uzbekistan",2016,0.2378269135952
"uzb","uzbekistan",2017,0.195395097136498
"uzb","uzbekistan",2018,0.369379907846451
"uzb","uzbekistan",2019,0.324995279312134
"uzb","uzbekistan",2020,0.446119606494904
"zaf","south africa",1996,0.729768812656403
"zaf","south africa",1997,0.699637949466705
"zaf","south africa",1998,0.669403314590454
"zaf","south africa",1999,0.668460726737976
"zaf","south africa",2000,0.675997018814087
"zaf","south africa",2001,0.698727011680603
"zaf","south africa",2002,0.696524381637573
"zaf","south africa",2003,0.703224182128906
"zaf","south africa",2004,0.714998424053192
"zaf","south africa",2005,0.707655072212219
"zaf","south africa",2006,0.694825768470764
"zaf","south africa",2007,0.681671559810638
"zaf","south africa",2008,0.721750497817993
"zaf","south africa",2009,0.763654053211212
"zaf","south africa",2010,0.716521441936493
"zaf","south africa",2011,0.721055865287781
"zaf","south africa",2012,0.7118119597435
"zaf","south africa",2013,0.667573988437653
"zaf","south africa",2014,0.704330205917358
"zaf","south africa",2015,0.705343127250671
"zaf","south africa",2016,0.696074247360229
"zaf","south africa",2017,0.702206790447235
"zaf","south africa",2018,0.699295043945313
"zaf","south africa",2019,0.701134920120239
"zaf","south africa",2020,0.698784649372101
